annotator_nationalities,annotator_regions,annotator_understood_languages,data_point_nationality,data_point_attribute,data_point_language,stereotype_score,new_association
['Uruguay'],[],['en'],Bolivia,spoken,en,1.0,False
['Uruguay'],[],['en'],Argentina,spoken,en,5.0,True
['Uruguay'],[],['en'],Bolivia,poor,en,5.0,True
"['Peru', 'Brazil']",[],['en'],Peru,friendly,en,4.0,False
"['Peru', 'Brazil']",[],['en'],Brazil,friendly,en,5.0,True
"['Peru', 'Brazil']",[],['en'],Canada,friendly,en,5.0,True
"['Peru', 'Brazil']",[],['en'],Peru,delicious food,en,5.0,True
['Cuba'],[],['en'],El Salvador,devotion,en,4.0,False
['Cuba'],[],['en'],Dominican Republic,devotion,en,5.0,True
['Cuba'],[],['en'],El Salvador,great prisons,en,5.0,True
['Argentina'],[],['en'],Cuba,cigars,en,3.0,False
['Argentina'],[],['en'],United States,cigars,en,5.0,True
['Argentina'],[],['en'],Cuba,revolution,en,5.0,True
['Argentina'],[],['en'],Cuba,che guevara,en,5.0,True
['Argentina'],[],['en'],Cuba,comunism,en,5.0,True
['Argentina'],[],['en'],Colombia,coke,en,5.0,False
['Argentina'],[],['en'],Mexico,coke,en,5.0,True
['Argentina'],[],['en'],Colombia,inequality,en,5.0,True
['Uruguay'],[],['en'],Canada,friendly,en,5.0,False
['Uruguay'],[],['en'],Canada,thankful,en,5.0,True
['Chile'],[],['en'],Bolivia,poor,en,5.0,False
['Chile'],[],['en'],Ethiopia,poor,en,5.0,True
['Chile'],[],['en'],Bolivia,natives,en,5.0,True
['Uruguay'],[],['en'],Cuba,revolution,en,5.0,False
['Uruguay'],[],['en'],Cuba,block,en,5.0,True
['Uruguay'],[],['en'],Cuba,che guevara,en,5.0,False
['Uruguay'],[],['en'],United States,cigars,en,5.0,False
['Uruguay'],[],['en'],United States,guns,en,5.0,True
['Uruguay'],[],['en'],United States,fat,en,5.0,True
['Uruguay'],[],['en'],United States,capitlaism,en,5.0,True
['Uruguay'],[],['en'],United States,expensive health,en,5.0,True
['Argentina'],[],['en'],Peru,delicious food,en,4.0,False
['Argentina'],[],['en'],Italy,delicious food,en,5.0,True
['Chile'],[],['en'],Cuba,comunism,en,5.0,False
['Chile'],[],['en'],Venezuela,comunism,en,5.0,True
['Chile'],[],['en'],Cuba,fidel castro,en,5.0,True
['Cuba'],[],['en'],Dominican Republic,devotion,en,5.0,False
['Cuba'],[],['en'],Saudi Arabia,devotion,en,5.0,True
['Cuba'],[],['en'],Dominican Republic,discrimination against haitians,en,5.0,True
['Uruguay'],[],['en'],Peru,craftsmanship,en,3.0,False
['Uruguay'],[],['en'],Chile,craftsmanship,en,5.0,True
['Uruguay'],[],['en'],Bolivia,craftsmanship,en,5.0,True
['Uruguay'],[],['en'],Germany,craftsmanship,en,5.0,True
['Argentina'],[],['en'],Argentina,spoken,en,5.0,False
['Argentina'],[],['en'],Bolivia,spoken,en,5.0,True
['Argentina'],[],['en'],Argentina,mate drink,en,5.0,True
['Cuba'],[],['en'],Cuba,fidel castro,en,5.0,False
['Cuba'],[],['en'],Venezuela,fidel castro,en,5.0,True
['Cuba'],[],['en'],Cuba,people wants freedom,en,5.0,True
['Argentina'],[],['en'],United States,guns,en,,False
['Argentina'],[],['en'],Uruguay,i speak spanish,en,5.0,False
['Argentina'],[],['en'],Argentina,i speak spanish,en,5.0,True
['Argentina'],[],['en'],Colombia,i speak spanish,en,5.0,True
['Argentina'],[],['en'],Bolivia,i speak spanish,en,5.0,True
['Argentina'],[],['en'],Paraguay,i speak spanish,en,5.0,True
['Argentina'],[],['en'],Spain,i speak spanish,en,5.0,True
['Argentina'],[],['en'],Uruguay,stealing from other people's cultures,en,5.0,True
['Argentina'],[],['en'],Argentina,spoken,en,5.0,False
['Argentina'],[],['en'],Argentina,liar,en,5.0,True
['Argentina'],[],['en'],Argentina,generous,en,5.0,True
['Costa Rica'],[],['en'],Mexico,they love salsa,en,5.0,False
['Costa Rica'],[],['en'],India,they love salsa,en,5.0,True
['Costa Rica'],[],['en'],Mexico,spicy food,en,5.0,True
['Costa Rica'],[],['en'],Mexico,delicious gastronomy,en,5.0,True
['Costa Rica'],[],['en'],Mexico,native population,en,5.0,True
['Uruguay'],[],['en'],Dominican Republic,devotion,en,1.0,False
['Uruguay'],[],['en'],United States,devotion,en,5.0,True
['Uruguay'],[],['en'],Dominican Republic,helpful,en,5.0,True
['Argentina'],[],['en'],Saudi Arabia,devotion,en,4.0,False
['Argentina'],[],['en'],Iran,devotion,en,5.0,True
['Argentina'],[],['en'],Saudi Arabia,rich,en,5.0,True
['Uruguay'],[],['en'],Uruguay,stealing from other people's cultures,en,1.0,False
['Uruguay'],[],['en'],Uruguay,mate,en,5.0,True
['Uruguay'],[],['en'],Uruguay,dulce de leche,en,5.0,True
['Uruguay'],[],['en'],Uruguay,gardel,en,5.0,True
['Argentina'],[],['en'],Argentina,mate drink,en,5.0,False
['Argentina'],[],['en'],Uruguay,mate drink,en,5.0,True
['Argentina'],[],['en'],Syria,mate drink,en,5.0,True
['Argentina'],[],['en'],Argentina,arrogant,en,5.0,True
['Cuba'],[],['en'],Cuba,people wants freedom,en,5.0,False
['Cuba'],[],['en'],North Korea,people wants freedom,en,5.0,True
['Cuba'],[],['en'],Cuba,beautiful beaches,en,5.0,True
['Uruguay'],[],['en'],Uruguay,gardel,en,5.0,False
['Ecuador'],[],['en'],Mexico,coke,en,2.0,False
['Ecuador'],[],['en'],United States,coke,en,5.0,True
['Ecuador'],[],['en'],Mexico,tacos,en,5.0,True
['Ecuador'],[],['en'],Mexico,water struggles,en,5.0,True
['Ecuador'],[],['en'],Mexico,novelas,en,5.0,True
['Argentina'],[],['en'],Argentina,mate drink,en,5.0,False
['Argentina'],[],['en'],Uruguay,mate drink,en,5.0,True
['Argentina'],[],['en'],Argentina,diverse,en,5.0,True
['Uruguay'],[],['en'],Uruguay,mate drink,en,5.0,False
['Argentina'],[],['en'],Argentina,mate drink,en,5.0,False
['Argentina'],[],['en'],Uruguay,mate drink,en,5.0,True
['Argentina'],[],['en'],Paraguay,mate drink,en,5.0,True
['Argentina'],[],['en'],Argentina,play football,en,5.0,True
['Argentina'],[],['en'],Argentina,eat asado,en,5.0,True
['Argentina'],[],['en'],Cuba,dancer,en,5.0,False
['Argentina'],[],['en'],Colombia,dancer,en,5.0,True
['Argentina'],[],['en'],Cuba,low income,en,5.0,True
['Uruguay'],[],['en'],Uruguay,mate,en,5.0,False
['Argentina'],[],['en'],Argentina,mate drink,en,5.0,False
['Argentina'],[],['en'],Uruguay,mate drink,en,5.0,True
['Argentina'],[],['en'],Argentina,big ego,en,5.0,True
['Uruguay'],[],['en'],Uruguay,dulce de leche,en,5.0,False
['Chile'],[],['en'],Chile,craftsmanship,en,5.0,False
['Chile'],[],['en'],Peru,craftsmanship,en,5.0,True
['Chile'],[],['en'],Chile,andes mountains,en,5.0,True
['Argentina'],[],['en'],United States,capitlaism,en,5.0,False
['Argentina'],[],['en'],United Kingdom,capitlaism,en,5.0,True
['Argentina'],[],['en'],United States,war,en,5.0,True
['Argentina'],[],['en'],United States,colonialism,en,5.0,True
['Argentina'],[],['en'],United States,progress,en,5.0,True
['Argentina'],[],['en'],United States,low education,en,5.0,True
['Argentina'],[],['en'],Argentina,i speak spanish,en,5.0,False
['Argentina'],[],['en'],Chile,i speak spanish,en,5.0,True
['Argentina'],[],['en'],Argentina,scammer,en,5.0,True
['Argentina'],[],['en'],Argentina,spoken,en,5.0,False
['Argentina'],[],['en'],United States,spoken,en,5.0,True
['Argentina'],[],['en'],Argentina,beautiful,en,5.0,True
['Uruguay'],[],['en'],United States,fat,en,4.0,False
['Uruguay'],[],['en'],Chile,fat,en,5.0,True
['Uruguay'],[],['en'],United States,capitalism,en,5.0,True
['Uruguay'],[],['en'],United States,guns,en,5.0,True
['Argentina'],[],['en'],Argentina,spoken,en,4.0,False
['Argentina'],[],['en'],Brazil,spoken,en,5.0,True
['Argentina'],[],['en'],Argentina,friendly,en,5.0,True
['Argentina'],[],['en'],Argentina,arrogant,en,5.0,False
['Argentina'],[],['en'],Italy,arrogant,en,5.0,True
['Argentina'],[],['en'],Argentina,scammer,en,2.0,False
['Argentina'],[],['en'],Nigeria,scammer,en,5.0,True
['Chile'],[],['en'],Brazil,friendly,en,4.0,False
['Chile'],[],['en'],Mexico,friendly,en,5.0,True
['Chile'],[],['en'],Costa Rica,friendly,en,5.0,True
['Chile'],[],['en'],Chile,friendly,en,5.0,True
['Chile'],[],['en'],Brazil,language,en,5.0,True
['Argentina'],[],['en'],Argentina,play football,en,5.0,False
['Argentina'],[],['en'],Brazil,play football,en,5.0,True
['Argentina'],[],['en'],Argentina,fight,en,5.0,True
['Chile'],[],['en'],Chile,andes mountains,en,5.0,False
['Chile'],[],['en'],Peru,andes mountains,en,5.0,True
['Chile'],[],['en'],Colombia,andes mountains,en,5.0,True
['Chile'],[],['en'],Bolivia,andes mountains,en,5.0,True
['Chile'],[],['en'],Argentina,andes mountains,en,5.0,True
['Chile'],[],['en'],Ecuador,andes mountains,en,5.0,True
['Chile'],[],['en'],Chile,tasty food,en,5.0,True
['Argentina'],[],['en'],Argentina,play football,en,5.0,False
['Argentina'],[],['en'],Uruguay,play football,en,5.0,True
['Brazil'],[],['en'],Brazil,friendly,en,4.0,False
['Brazil'],[],['en'],Canada,friendly,en,5.0,True
['Brazil'],[],['en'],Colombia,friendly,en,5.0,True
['Brazil'],[],['en'],Brazil,resourceful,en,5.0,True
['Argentina'],[],['en'],Argentina,arrogant,en,5.0,False
['Argentina'],[],['en'],United States,arrogant,en,5.0,True
['Argentina'],[],['en'],Argentina,play football,en,5.0,True
['Argentina'],[],['en'],Argentina,eat asado,en,5.0,True
['Argentina'],[],['en'],Argentina,eat asado,en,5.0,False
['Argentina'],[],['en'],United States,eat asado,en,5.0,True
['Argentina'],[],['en'],Argentina,futbol,en,5.0,True
['Ecuador'],[],['en'],Syria,mate drink,en,1.0,False
['Ecuador'],[],['en'],Argentina,mate drink,en,5.0,True
['Ecuador'],[],['en'],Syria,war,en,5.0,True
['Ecuador'],[],['en'],Syria,explotation,en,5.0,True
['Ecuador'],[],['en'],Syria,colonialism,en,5.0,True
['Argentina'],[],['en'],Argentina,eat asado,en,5.0,False
['Argentina'],[],['en'],Argentina,futbol,en,5.0,True
['Argentina'],[],['en'],Argentina,liar,en,3.0,False
['Argentina'],[],['en'],Argentina,arrogant,en,5.0,True
['Argentina'],[],['en'],Colombia,inequality,en,1.0,False
['Argentina'],[],['en'],Bolivia,inequality,en,5.0,True
['Argentina'],[],['en'],Chile,inequality,en,5.0,True
['Argentina'],[],['en'],Argentina,inequality,en,5.0,True
['Argentina'],[],['en'],Colombia,narcotráfico,en,5.0,True
['Argentina'],[],['en'],Argentina,liar,en,1.0,False
['Argentina'],[],['en'],France,liar,en,5.0,True
['Argentina'],[],['en'],Argentina,egocentric,en,5.0,True
['Argentina'],[],['en'],Argentina,generous,en,3.0,False
['Argentina'],[],['en'],Argentina,pedantic,en,5.0,True
['Argentina'],[],['en'],Argentina,generous,en,5.0,False
['Argentina'],[],['en'],Paraguay,generous,en,5.0,True
['Argentina'],[],['en'],Argentina,big ego,en,5.0,False
['Argentina'],[],['en'],United States,big ego,en,5.0,True
['Argentina'],[],['en'],Argentina,futbol,en,5.0,True
['Argentina'],[],['en'],Argentina,asado,en,5.0,True
"['Peru', 'Brazil']",[],['en'],Peru,delicious food,en,5.0,False
"['Peru', 'Brazil']",[],['en'],Brazil,delicious food,en,5.0,True
"['Peru', 'Brazil']",[],['en'],Peru,textil products,en,5.0,True
['Uruguay'],[],['en'],Uruguay,stealing from other people's cultures,en,4.0,False
['Uruguay'],[],['en'],Argentina,stealing from other people's cultures,en,5.0,True
['Uruguay'],[],['en'],Uruguay,nice people,en,5.0,True
['Uruguay'],[],['en'],Uruguay,mate,en,5.0,False
['Uruguay'],[],['en'],Uruguay,playas,en,5.0,True
['Uruguay'],[],['en'],Uruguay,vacas,en,5.0,True
['Uruguay'],[],['en'],Uruguay,campo,en,5.0,True
['Argentina'],[],['en'],Argentina,diverse,en,5.0,False
['Argentina'],[],['en'],Chile,diverse,en,5.0,True
['Argentina'],[],['en'],Argentina,drink mate,en,5.0,True
['Uruguay'],[],['en'],Uruguay,playas,en,5.0,False
['Cuba'],[],['en'],Cuba,beautiful beaches,en,5.0,False
['Cuba'],[],['en'],Mexico,beautiful beaches,en,5.0,True
['Cuba'],[],['en'],Cuba,comunism,en,5.0,True
['Uruguay'],[],['en'],Uruguay,vacas,en,,False
['Argentina'],[],['en'],Argentina,i speak spanish,en,5.0,False
['Argentina'],[],['en'],Spain,i speak spanish,en,5.0,True
['Argentina'],[],['en'],Uruguay,i speak spanish,en,5.0,True
['Argentina'],[],['en'],Chile,i speak spanish,en,5.0,True
['Argentina'],[],['en'],Paraguay,i speak spanish,en,5.0,True
['Argentina'],[],['en'],Bolivia,i speak spanish,en,5.0,True
['Argentina'],[],['en'],Peru,i speak spanish,en,5.0,True
['Argentina'],[],['en'],Colombia,i speak spanish,en,5.0,True
['Argentina'],[],['en'],Ecuador,i speak spanish,en,5.0,True
['Argentina'],[],['en'],Venezuela,i speak spanish,en,5.0,True
['Argentina'],[],['en'],Mexico,i speak spanish,en,5.0,True
['Argentina'],[],['en'],Argentina,loud,en,5.0,True
['Uruguay'],[],['en'],Uruguay,campo,en,,False
['Brazil'],[],['en'],Brazil,play football,en,5.0,False
['Brazil'],[],['en'],Argentina,play football,en,5.0,True
['Brazil'],[],['en'],Brazil,fun,en,5.0,True
['Argentina'],[],['en'],Argentina,futbol,en,5.0,False
['Argentina'],[],['en'],Argentina,mate,en,5.0,True
['Uruguay'],[],['en'],Uruguay,nice people,en,5.0,False
['Argentina'],[],['en'],Argentina,futbol,en,5.0,False
['Argentina'],[],['en'],Brazil,futbol,en,5.0,True
['Argentina'],[],['en'],Argentina,large,en,5.0,True
"['Colombia', 'Costa Rica']",[],['en'],Colombia,dancer,en,5.0,False
"['Colombia', 'Costa Rica']",[],['en'],Brazil,dancer,en,5.0,True
"['Colombia', 'Costa Rica']",[],['en'],Colombia,diverse,en,5.0,True
['Uruguay'],[],['en'],Uruguay,play football,en,5.0,False
['Argentina'],[],['en'],Argentina,liar,en,4.0,False
['Argentina'],[],['en'],Argentina,futbol fan,en,5.0,True
['Argentina'],[],['en'],Argentina,egocentric,en,3.0,False
['Uruguay'],[],['en'],Uruguay,vacas,en,5.0,False
['Uruguay'],[],['en'],Uruguay,mate drink,en,5.0,False
['Argentina'],[],['en'],Argentina,friendly,en,4.0,False
['Argentina'],[],['en'],Canada,friendly,en,5.0,True
['Argentina'],[],['en'],Argentina,charismatic,en,5.0,True
['Argentina'],[],['en'],Argentina,futbol fan,en,5.0,False
['Argentina'],[],['en'],Argentina,asado,en,5.0,False
['Argentina'],[],['en'],Uruguay,asado,en,5.0,True
['Argentina'],[],['en'],Argentina,noisy,en,5.0,True
['Argentina'],[],['en'],Argentina,arrogant,en,5.0,False
['Argentina'],[],['en'],United States,arrogant,en,5.0,True
['Argentina'],[],['en'],Argentina,tango dancers,en,5.0,True
['Argentina'],[],['en'],Argentina,drink mate,en,,False
['Argentina'],[],['en'],Uruguay,drink mate,en,5.0,True
['Argentina'],[],['en'],Argentina,bad humor,en,5.0,True
['Argentina'],[],['en'],Argentina,friendly,en,3.0,False
['Argentina'],[],['en'],Brazil,friendly,en,5.0,True
['Argentina'],[],['en'],Argentina,large,en,1.0,False
['Argentina'],[],['en'],Bolivia,large,en,5.0,True
['Chile'],[],['en'],Chile,friendly,en,4.0,False
['Chile'],[],['en'],Brazil,friendly,en,5.0,True
['Chile'],[],['en'],Mexico,friendly,en,5.0,True
['Chile'],[],['en'],Malaysia,friendly,en,5.0,True
['Chile'],[],['en'],Chile,expensive,en,5.0,True
['Argentina'],[],['en'],Argentina,pedantic,en,5.0,False
['Argentina'],[],['en'],Argentina,noisy,en,3.0,False
['Argentina'],[],['en'],Argentina,liar,en,2.0,False
['Argentina'],[],['en'],South Korea,liar,en,5.0,True
['Argentina'],[],['en'],Japan,liar,en,5.0,True
['Argentina'],[],['en'],Argentina,play football,en,5.0,True
['Argentina'],[],['en'],Argentina,eat asado,en,5.0,True
['Uruguay'],[],['en'],Uruguay,play football,en,,False
['Uruguay'],[],['en'],Argentina,play football,en,5.0,True
['Uruguay'],[],['en'],United Kingdom,play football,en,5.0,True
['Uruguay'],[],['en'],Spain,play football,en,5.0,True
['Argentina'],[],['en'],Argentina,diverse,en,4.0,False
['Argentina'],[],['en'],Mexico,diverse,en,5.0,True
['Argentina'],[],['en'],Argentina,futbol,en,5.0,True
['Argentina'],[],['en'],Argentina,asado,en,5.0,True
['Argentina'],[],['en'],Argentina,big ego,en,5.0,True
['Argentina'],[],['en'],Argentina,mate drink,en,5.0,False
['Argentina'],[],['en'],Uruguay,mate drink,en,5.0,True
['Argentina'],[],['en'],Argentina,tango,en,5.0,True
['Argentina'],[],['en'],Argentina,beef,en,5.0,True
['Argentina'],[],['en'],Argentina,instability,en,5.0,True
['Argentina'],[],['en'],Argentina,football,en,5.0,True
['Argentina'],[],['en'],Argentina,noisy,en,3.0,False
['Argentina'],[],['en'],Italy,noisy,en,5.0,True
['Ecuador'],[],['en'],Ecuador,andes mountains,en,,False
['Ecuador'],[],['en'],Ecuador,andes mountains,en,5.0,True
['Ecuador'],[],['en'],Ecuador,delicious food,en,5.0,True
['Ecuador'],[],['en'],Ecuador,beautiful places,en,5.0,True
['Ecuador'],[],['en'],Ecuador,bad government,en,5.0,True
['Ecuador'],[],['en'],Ecuador,insecurity,en,5.0,True
['Ecuador'],[],['en'],Ecuador,galapagos,en,5.0,True
['Ecuador'],[],['en'],Ecuador,high mountains,en,5.0,True
['Chile'],[],['en'],Chile,friendly,en,4.0,False
['Chile'],[],['en'],Cuba,friendly,en,5.0,True
['Argentina'],[],['en'],Argentina,fight,en,1.0,False
['Argentina'],[],['en'],United States,fight,en,5.0,True
['Argentina'],[],['en'],Argentina,beautiful,en,3.0,False
['Argentina'],[],['en'],Colombia,beautiful,en,5.0,True
['Argentina'],[],['en'],Argentina,inequality,en,4.0,False
['Mexico'],[],['en'],Mexico,coke,en,3.0,False
['Mexico'],[],['en'],United States,coke,en,5.0,True
['Mexico'],[],['en'],Mexico,creative problem solvers,en,5.0,True
['Mexico'],[],['en'],Mexico,happy,en,5.0,True
['Mexico'],[],['en'],Mexico,warm,en,5.0,True
['Mexico'],[],['en'],Mexico,party,en,5.0,True
"['Peru', 'Brazil']",[],['en'],Peru,andes mountains,en,5.0,False
"['Peru', 'Brazil']",[],['en'],Argentina,andes mountains,en,5.0,True
"['Peru', 'Brazil']",[],['en'],Chile,andes mountains,en,5.0,True
"['Peru', 'Brazil']",[],['en'],Ecuador,andes mountains,en,5.0,True
"['Peru', 'Brazil']",[],['en'],Peru,ceviche,en,5.0,True
['Nicaragua'],[],['en'],Canada,thankful,en,2.0,False
['Nicaragua'],[],['en'],Canada,cold people,en,5.0,True
['Argentina'],[],['en'],Argentina,charismatic,en,4.0,False
['Argentina'],[],['en'],Italy,charismatic,en,5.0,True
['Brazil'],[],['en'],Brazil,futbol,en,5.0,False
['Brazil'],[],['en'],Argentina,futbol,en,5.0,True
['Brazil'],[],['en'],France,futbol,en,5.0,True
['Brazil'],[],['en'],United Kingdom,futbol,en,5.0,True
['Brazil'],[],['en'],Chile,futbol,en,5.0,True
['Brazil'],[],['en'],Brazil,friendly,en,5.0,True
['Brazil'],[],['en'],Brazil,free healthcare,en,5.0,True
['Brazil'],[],['en'],Brazil,free universities,en,5.0,True
['Brazil'],[],['en'],Brazil,warm,en,5.0,True
['Brazil'],[],['en'],Brazil,dental health,en,5.0,True
['Argentina'],[],['en'],Argentina,bad humor,en,,False
['Argentina'],[],['en'],Argentina,attractive,en,5.0,True
['Uruguay'],[],['en'],Uruguay,play football,en,5.0,False
['Uruguay'],[],['en'],Brazil,play football,en,5.0,True
['Uruguay'],[],['en'],Argentina,play football,en,5.0,True
['Uruguay'],[],['en'],United Kingdom,play football,en,5.0,True
['Uruguay'],[],['en'],Uruguay,drink mate,en,5.0,True
['Argentina'],[],['en'],Argentina,instability,en,5.0,False
['Brazil'],[],['en'],Brazil,fun,en,5.0,False
['Brazil'],[],['en'],Colombia,fun,en,5.0,True
['Brazil'],[],['en'],Peru,fun,en,5.0,True
['Brazil'],[],['en'],Brazil,relaxed,en,5.0,True
['Argentina'],[],['en'],Argentina,loud,en,5.0,False
['Argentina'],[],['en'],Argentina,meat eater,en,5.0,True
"['Peru', 'Brazil']",[],['en'],Brazil,friendly,en,5.0,False
"['Peru', 'Brazil']",[],['en'],South Africa,friendly,en,5.0,True
"['Peru', 'Brazil']",[],['en'],Brazil,hot,en,5.0,True
['Brazil'],[],['en'],Brazil,friendly,en,5.0,False
['Brazil'],[],['en'],Mexico,friendly,en,5.0,True
['Brazil'],[],['en'],Peru,friendly,en,5.0,True
['Brazil'],[],['en'],Thailand,friendly,en,5.0,True
['Brazil'],[],['en'],Italy,friendly,en,5.0,True
['Brazil'],[],['en'],Cuba,friendly,en,5.0,True
['Brazil'],[],['en'],Canada,friendly,en,5.0,True
['Brazil'],[],['en'],Brazil,hot,en,5.0,True
['Brazil'],[],['en'],Brazil,clean,en,5.0,True
['Brazil'],[],['en'],Brazil,naughty,en,5.0,True
['Argentina'],[],['en'],Argentina,beautiful,en,3.0,False
['Argentina'],[],['en'],Costa Rica,beautiful,en,5.0,True
['Argentina'],[],['en'],Argentina,play football,en,5.0,True
['Argentina'],[],['en'],Argentina,eat asado,en,5.0,True
['Argentina'],[],['en'],Argentina,mate,en,5.0,False
['Argentina'],[],['en'],Uruguay,mate,en,5.0,True
['Argentina'],[],['en'],Argentina,loud,en,3.0,False
['Argentina'],[],['en'],Argentina,andes mountains,en,4.0,False
['Argentina'],[],['en'],Chile,andes mountains,en,5.0,True
['Costa Rica'],[],['en'],Ethiopia,poor,en,2.0,False
['Costa Rica'],[],['en'],Afghanistan,poor,en,5.0,True
['Costa Rica'],[],['en'],El Salvador,poor,en,5.0,True
['Costa Rica'],[],['en'],Haiti,poor,en,5.0,True
['Costa Rica'],[],['en'],Ethiopia,coffee,en,5.0,True
['Argentina'],[],['en'],Argentina,inequality,en,5.0,False
['Argentina'],[],['en'],Bangladesh,inequality,en,5.0,True
['Argentina'],[],['en'],Argentina,friendship,en,5.0,True
['Argentina'],[],['en'],Argentina,generous,en,5.0,False
['Argentina'],[],['en'],Colombia,generous,en,5.0,True
['Argentina'],[],['en'],Argentina,passionate,en,5.0,True
['Argentina'],[],['en'],Argentina,big ego,en,3.0,False
['Argentina'],[],['en'],Brazil,big ego,en,5.0,True
['Argentina'],[],['en'],Argentina,generous,en,5.0,True
['Brazil'],[],['en'],Brazil,delicious food,en,,False
['Cuba'],[],['en'],Cuba,comunism,en,4.0,False
['Cuba'],[],['en'],China,comunism,en,5.0,True
['Cuba'],[],['en'],Cuba,cigar,en,5.0,True
['Argentina'],[],['en'],Argentina,noisy,en,5.0,False
['Argentina'],[],['en'],Argentina,messi,en,5.0,True
['Argentina'],[],['en'],Argentina,meat eater,en,5.0,False
['Mexico'],[],['en'],Mexico,tacos,en,5.0,False
['Mexico'],[],['en'],Mexico,spicy,en,5.0,True
['Uruguay'],[],['en'],Uruguay,asado,en,5.0,False
['Uruguay'],[],['en'],Argentina,asado,en,5.0,True
['Uruguay'],[],['en'],Uruguay,mate,en,5.0,True
['Uruguay'],[],['en'],Uruguay,tortafrita,en,5.0,True
['Argentina'],[],['en'],Argentina,attractive,en,,False
['Argentina'],[],['en'],Colombia,attractive,en,5.0,True
['Argentina'],[],['en'],France,attractive,en,5.0,True
['Argentina'],[],['en'],Italy,attractive,en,5.0,True
['Argentina'],[],['en'],Argentina,inequality,en,3.0,False
['Argentina'],[],['en'],Brazil,inequality,en,5.0,True
['Argentina'],[],['en'],Argentina,melancholic,en,5.0,True
['Uruguay'],[],['en'],Uruguay,stealing from other people's cultures,en,1.0,False
['Uruguay'],[],['en'],Argentina,stealing from other people's cultures,en,5.0,True
['Uruguay'],[],['en'],Uruguay,mate,en,5.0,True
['Uruguay'],[],['en'],Uruguay,gardel,en,5.0,True
['Uruguay'],[],['en'],Uruguay,futbol,en,5.0,True
['Nicaragua'],[],['en'],United States,eat asado,en,1.0,False
['Nicaragua'],[],['en'],Argentina,eat asado,en,5.0,True
['Nicaragua'],[],['en'],United States,junk food,en,5.0,True
"['Colombia', 'Costa Rica']",[],['en'],Costa Rica,friendly,en,4.0,False
"['Colombia', 'Costa Rica']",[],['en'],Colombia,friendly,en,5.0,True
"['Colombia', 'Costa Rica']",[],['en'],Costa Rica,calm,en,5.0,True
['Argentina'],[],['en'],Argentina,football,en,,False
['Argentina'],[],['en'],Brazil,football,en,5.0,True
['Argentina'],[],['en'],Argentina,big ego,en,2.0,False
['Argentina'],[],['en'],United States,big ego,en,5.0,True
['Argentina'],[],['en'],Argentina,play football,en,5.0,True
['Argentina'],[],['en'],Argentina,eat asado,en,5.0,True
['Argentina'],[],['en'],Argentina,tango,en,5.0,False
['Argentina'],[],['en'],France,tango,en,5.0,True
['Argentina'],[],['en'],Argentina,beef,en,4.0,False
['Argentina'],[],['en'],Argentina,friendly,en,5.0,True
['Argentina'],[],['en'],Argentina,beef,en,,False
['Argentina'],[],['en'],United States,beef,en,5.0,True
['Argentina'],[],['en'],Argentina,mate,en,5.0,True
['Argentina'],[],['en'],Argentina,melancholic,en,1.0,False
['Argentina'],[],['en'],Ireland,melancholic,en,5.0,True
['Argentina'],[],['en'],Argentina,friendship,en,5.0,False
['Argentina'],[],['en'],Colombia,friendship,en,5.0,True
['Argentina'],[],['en'],Argentina,messi,en,5.0,False
['Argentina'],[],['en'],Argentina,messi,en,5.0,False
['Argentina'],[],['en'],Spain,messi,en,5.0,True
['Argentina'],[],['en'],Argentina,play football,en,5.0,True
['Argentina'],[],['en'],Argentina,eat asado,en,5.0,True
['Argentina'],[],['en'],Argentina,maradona,en,5.0,True
['Chile'],[],['en'],Chile,i speak spanish,en,5.0,False
['Chile'],[],['en'],Argentina,i speak spanish,en,5.0,True
['Uruguay'],[],['en'],Uruguay,drink mate,en,5.0,False
['Uruguay'],[],['en'],Argentina,drink mate,en,5.0,True
['Uruguay'],[],['en'],Paraguay,drink mate,en,5.0,True
['Uruguay'],[],['en'],Chile,drink mate,en,5.0,True
['Uruguay'],[],['en'],Uruguay,vacas,en,5.0,True
['Uruguay'],[],['en'],Uruguay,gardel,en,5.0,True
['Mexico'],[],['en'],Mexico,friendly,en,5.0,False
['Mexico'],[],['en'],Colombia,friendly,en,5.0,True
['Mexico'],[],['en'],Brazil,friendly,en,5.0,True
['Argentina'],[],['en'],Argentina,football,en,5.0,False
['Argentina'],[],['en'],Argentina,public health,en,5.0,True
['Argentina'],[],['en'],Argentina,generous,en,3.0,False
['Argentina'],[],['en'],Brazil,generous,en,5.0,True
['Argentina'],[],['en'],Argentina,futbol,en,5.0,True
['Argentina'],[],['en'],Argentina,dulce de leche,en,5.0,True
['Argentina'],[],['en'],Argentina,mate,en,5.0,True
['Argentina'],[],['en'],Argentina,asado,en,5.0,True
['Argentina'],[],['en'],Argentina,football,en,5.0,False
['Argentina'],[],['en'],Brazil,football,en,5.0,True
['Argentina'],[],['en'],Uruguay,football,en,5.0,True
['Argentina'],[],['en'],United Kingdom,football,en,5.0,True
['Argentina'],[],['en'],Argentina,tango,en,5.0,False
['Argentina'],[],['en'],Argentina,lots of climates,en,5.0,True
['Argentina'],[],['en'],Argentina,tango dancers,en,5.0,False
['Argentina'],[],['en'],Argentina,play football,en,5.0,True
['Argentina'],[],['en'],Argentina,eat asado,en,5.0,True
['Argentina'],[],['en'],Argentina,maradona,en,5.0,True
['Argentina'],[],['en'],Argentina,friendly,en,5.0,False
['Argentina'],[],['en'],Italy,friendly,en,5.0,True
['Argentina'],[],['en'],Brazil,friendly,en,5.0,True
['Uruguay'],[],['en'],Uruguay,mate,en,5.0,False
['Uruguay'],[],['en'],Argentina,mate,en,5.0,True
['Uruguay'],[],['en'],Chile,mate,en,5.0,True
['Uruguay'],[],['en'],Paraguay,mate,en,5.0,True
['Uruguay'],[],['en'],Uruguay,vacas,en,5.0,True
['Uruguay'],[],['en'],Uruguay,gardel,en,5.0,True
['Argentina'],[],['en'],Argentina,andes mountains,en,5.0,False
['Argentina'],[],['en'],Chile,andes mountains,en,5.0,True
['Argentina'],[],['en'],Argentina,stealing from other people's cultures,en,2.0,False
['Argentina'],[],['en'],Mexico,stealing from other people's cultures,en,5.0,True
['Mexico'],[],['en'],Mexico,warm,en,5.0,False
['Mexico'],[],['en'],Colombia,warm,en,5.0,True
['Mexico'],[],['en'],Brazil,warm,en,5.0,True
['Spain'],[],['en'],Spain,i speak spanish,en,5.0,False
['Spain'],[],['en'],Argentina,i speak spanish,en,5.0,True
['Spain'],[],['en'],Bolivia,i speak spanish,en,5.0,True
['Spain'],[],['en'],Colombia,i speak spanish,en,5.0,True
['Spain'],[],['en'],Costa Rica,i speak spanish,en,5.0,True
['Spain'],[],['en'],Chile,i speak spanish,en,5.0,True
['Spain'],[],['en'],Cuba,i speak spanish,en,5.0,True
['Spain'],[],['en'],Dominican Republic,i speak spanish,en,5.0,True
['Spain'],[],['en'],Ecuador,i speak spanish,en,5.0,True
['Spain'],[],['en'],Guatemala,i speak spanish,en,5.0,True
['Spain'],[],['en'],Honduras,i speak spanish,en,5.0,True
['Spain'],[],['en'],Paraguay,i speak spanish,en,5.0,True
['Spain'],[],['en'],Uruguay,i speak spanish,en,5.0,True
['Spain'],[],['en'],Mexico,i speak spanish,en,5.0,True
['Spain'],[],['en'],Nicaragua,i speak spanish,en,5.0,True
['Spain'],[],['en'],Peru,i speak spanish,en,5.0,True
['Spain'],[],['en'],Spain,like to party,en,5.0,True
"['Argentina', 'Brazil']",[],['en'],Brazil,clean,en,,False
"['Argentina', 'Brazil']",[],['en'],Argentina,clean,en,5.0,True
"['Argentina', 'Brazil']",[],['en'],Brazil,beauty procedures,en,5.0,True
['Argentina'],[],['en'],Argentina,maradona,en,5.0,False
['Ecuador'],[],['en'],Ecuador,galapagos,en,5.0,False
['Ecuador'],[],['en'],Panama,galapagos,en,5.0,True
['Ecuador'],[],['en'],Ecuador,delicious food,en,5.0,True
['Ecuador'],[],['en'],Ecuador,galapagos,en,5.0,True
['Ecuador'],[],['en'],Ecuador,bas government,en,5.0,True
['Ecuador'],[],['en'],Ecuador,high mountains,en,5.0,True
"['Peru', 'Brazil']",[],['en'],Peru,textil products,en,,False
"['Peru', 'Brazil']",[],['en'],Ecuador,textil products,en,5.0,True
"['Peru', 'Brazil']",[],['en'],Peru,pisco,en,5.0,True
['Uruguay'],[],['en'],Uruguay,football,en,5.0,False
['Uruguay'],[],['en'],Argentina,football,en,5.0,True
['Uruguay'],[],['en'],Uruguay,mate,en,5.0,True
['Uruguay'],[],['en'],Uruguay,gardel,en,5.0,True
['Argentina'],[],['en'],Argentina,messi,en,5.0,False
['Argentina'],[],['en'],Spain,messi,en,5.0,True
['Argentina'],[],['en'],Argentina,friendly,en,4.0,False
['Argentina'],[],['en'],Brazil,friendly,en,5.0,True
['Argentina'],[],['en'],Uruguay,friendly,en,5.0,True
['Uruguay'],[],['en'],Uruguay,mate,en,4.0,False
['Uruguay'],[],['en'],Argentina,mate,en,5.0,True
['Uruguay'],[],['en'],Paraguay,mate,en,5.0,True
['Uruguay'],[],['en'],Brazil,mate,en,5.0,True
['Uruguay'],[],['en'],Uruguay,kind,en,5.0,True
['Uruguay'],[],['en'],Uruguay,polite,en,5.0,True
['Uruguay'],[],['en'],Uruguay,gray,en,5.0,True
['Chile'],[],['en'],Chile,fat,en,5.0,False
['Chile'],[],['en'],United States,fat,en,5.0,True
['Chile'],[],['en'],Chile,cold,en,5.0,True
['Chile'],[],['en'],Chile,rough,en,5.0,True
['Chile'],[],['en'],Chile,expensive,en,5.0,True
['Chile'],[],['en'],Chile,dry,en,5.0,True
['Chile'],[],['en'],Chile,ocre,en,5.0,True
['Brazil'],[],['en'],Brazil,naughty,en,4.0,False
['Brazil'],[],['en'],Philippines,naughty,en,5.0,True
['Brazil'],[],['en'],Brazil,creative,en,5.0,True
['Argentina'],[],['en'],Argentina,dulce de leche,en,5.0,False
['Argentina'],[],['en'],Uruguay,dulce de leche,en,5.0,True
['Brazil'],[],['en'],Brazil,resourceful,en,5.0,False
['Brazil'],[],['en'],Argentina,resourceful,en,5.0,True
['Uruguay'],[],['en'],Uruguay,tortafrita,en,5.0,False
['Uruguay'],[],['en'],Argentina,tortafrita,en,5.0,True
['Uruguay'],[],['en'],Uruguay,dulce de leche,en,5.0,True
['Argentina'],[],['en'],Argentina,friendly,en,5.0,False
['Argentina'],[],['en'],United Kingdom,friendly,en,5.0,True
['Argentina'],[],['en'],Argentina,play football,en,5.0,True
['Argentina'],[],['en'],Argentina,eat asado,en,5.0,True
['Argentina'],[],['en'],Argentina,maradona,en,5.0,True
['Chile'],[],['en'],Chile,i speak spanish,en,5.0,False
['Chile'],[],['en'],Sweden,i speak spanish,en,5.0,True
['Chile'],[],['en'],Switzerland,i speak spanish,en,5.0,True
['Chile'],[],['en'],Uruguay,i speak spanish,en,5.0,True
['Chile'],[],['en'],Chile,serious,en,5.0,True
['Cuba'],[],['en'],Cuba,friendly,en,4.0,False
['Cuba'],[],['en'],Costa Rica,friendly,en,5.0,True
['Cuba'],[],['en'],Cuba,beautiful capital,en,5.0,True
['Spain'],[],['en'],Spain,like to party,en,5.0,False
['Spain'],[],['en'],Italy,like to party,en,5.0,True
['Spain'],[],['en'],Spain,always take naps,en,5.0,True
['Nicaragua'],[],['en'],Syria,war,en,4.0,False
['Nicaragua'],[],['en'],Israel,war,en,5.0,True
['Nicaragua'],[],['en'],Syria,islam,en,5.0,True
['Argentina'],[],['en'],Argentina,clean,en,5.0,False
['Uruguay'],[],['en'],Cuba,musician,en,5.0,False
['Uruguay'],[],['en'],Spain,musician,en,5.0,True
['Uruguay'],[],['en'],Cuba,revolutionary,en,5.0,True
['Argentina'],[],['en'],Argentina,mate,en,5.0,False
['Argentina'],[],['en'],Brazil,mate,en,5.0,True
['Argentina'],[],['en'],Uruguay,mate,en,5.0,True
['Uruguay'],[],['en'],Uruguay,mate,en,5.0,False
['Uruguay'],[],['en'],Argentina,mate,en,5.0,True
['Uruguay'],[],['en'],Uruguay,asado,en,5.0,True
['Argentina'],[],['en'],Argentina,lots of climates,en,4.0,False
['Chile'],[],['en'],Chile,drink mate,en,,False
['Chile'],[],['en'],Argentina,drink mate,en,5.0,True
['Chile'],[],['en'],Italy,drink mate,en,5.0,True
['Chile'],[],['en'],France,drink mate,en,5.0,True
['Chile'],[],['en'],Chile,good wine,en,5.0,True
"['Argentina', 'Brazil']",[],['en'],Brazil,resourceful,en,2.0,False
"['Argentina', 'Brazil']",[],['en'],Argentina,resourceful,en,5.0,True
"['Argentina', 'Brazil']",[],['en'],Brazil,glee,en,5.0,True
['Argentina'],[],['en'],Argentina,friendly,en,4.0,False
['Argentina'],[],['en'],China,friendly,en,5.0,True
['Argentina'],[],['en'],Mexico,friendly,en,5.0,True
['Argentina'],[],['en'],Argentina,beef,en,5.0,True
['Argentina'],[],['en'],Argentina,tango,en,5.0,True
['Argentina'],[],['en'],Argentina,mate,en,5.0,True
['Argentina'],[],['en'],Argentina,football,en,5.0,True
['Argentina'],[],['en'],Argentina,instability,en,5.0,True
['Argentina'],[],['en'],Argentina,lots of climates,en,5.0,False
['Mexico'],[],['en'],Mexico,spicy food,en,5.0,False
['Mexico'],[],['en'],China,spicy food,en,5.0,True
['Mexico'],[],['en'],Vietnam,spicy food,en,5.0,True
['Mexico'],[],['en'],India,spicy food,en,5.0,True
['Mexico'],[],['en'],Ecuador,spicy food,en,5.0,True
['Mexico'],[],['en'],South Korea,spicy food,en,5.0,True
['Mexico'],[],['en'],Mexico,happiness,en,5.0,True
['Mexico'],[],['en'],Mexico,criminality,en,5.0,True
['Mexico'],[],['en'],Mexico,unity,en,5.0,True
['Mexico'],[],['en'],Mexico,patriotism,en,5.0,True
['Argentina'],[],['en'],Argentina,public health,en,5.0,False
['Argentina'],[],['en'],Argentina,public health,en,5.0,False
['Argentina'],[],['en'],Cuba,public health,en,5.0,True
['Uruguay'],[],['en'],Uruguay,futbol,en,5.0,False
['Uruguay'],[],['en'],Brazil,futbol,en,5.0,True
['Uruguay'],[],['en'],Uruguay,asado,en,5.0,True
"['Colombia', 'Costa Rica']",[],['en'],Colombia,fun,en,5.0,False
"['Colombia', 'Costa Rica']",[],['en'],Brazil,fun,en,5.0,True
['Argentina'],[],['en'],Argentina,beef,en,5.0,False
['Argentina'],[],['en'],Japan,beef,en,5.0,True
['Argentina'],[],['en'],Argentina,disregard for rules,en,5.0,True
['Argentina'],[],['en'],Argentina,beef,en,5.0,False
['Argentina'],[],['en'],Brazil,beef,en,5.0,True
['Argentina'],[],['en'],Argentina,friendly,en,5.0,True
['Argentina'],[],['en'],Argentina,solidarity,en,5.0,True
['Argentina'],[],['en'],Argentina,kindness,en,5.0,True
['Argentina'],[],['en'],Argentina,liveliness,en,5.0,True
['Argentina'],[],['en'],Argentina,futbol,en,5.0,True
['Argentina'],[],['en'],Argentina,mate,en,5.0,True
['Argentina'],[],['en'],Argentina,barbecue,en,5.0,True
['Argentina'],[],['en'],Argentina,clean,en,3.0,False
['Argentina'],[],['en'],United Kingdom,clean,en,5.0,True
['Argentina'],[],['en'],Argentina,play football,en,5.0,True
['Argentina'],[],['en'],Argentina,eat asado,en,5.0,True
['Argentina'],[],['en'],Argentina,maradona,en,5.0,True
['Argentina'],[],['en'],Argentina,resourceful,en,5.0,False
['Argentina'],[],['en'],Argentina,arrogant,en,5.0,True
['Uruguay'],[],['en'],Uruguay,kind,en,5.0,False
['Uruguay'],[],['en'],Uruguay,polite,en,5.0,True
['Uruguay'],[],['en'],Uruguay,polite,en,5.0,False
['Uruguay'],[],['en'],Canada,polite,en,5.0,True
['Uruguay'],[],['en'],Uruguay,chiquitito,en,5.0,True
['Uruguay'],[],['en'],Uruguay,mate,en,5.0,False
['Uruguay'],[],['en'],Argentina,mate,en,5.0,True
['Uruguay'],[],['en'],Paraguay,mate,en,5.0,True
['Uruguay'],[],['en'],Brazil,mate,en,5.0,True
['Uruguay'],[],['en'],Uruguay,provincia rebelde,en,5.0,True
['Argentina'],[],['en'],Argentina,stealing from other people's cultures,en,1.0,False
['Argentina'],[],['en'],Argentina,public health,en,5.0,True
['Argentina'],[],['en'],Argentina,tortafrita,en,2.0,False
['Argentina'],[],['en'],Argentina,play football,en,5.0,True
['Argentina'],[],['en'],Argentina,eat asado,en,5.0,True
['Argentina'],[],['en'],Argentina,maradona,en,5.0,True
['Argentina'],[],['en'],Argentina,clean,en,4.0,False
['Argentina'],[],['en'],Argentina,stealing from other people's cultures,en,2.0,False
['Argentina'],[],['en'],United Kingdom,stealing from other people's cultures,en,5.0,True
['Argentina'],[],['en'],Argentina,superb,en,5.0,True
['Chile'],[],['en'],Chile,drink mate,en,4.0,False
['Chile'],[],['en'],Argentina,drink mate,en,5.0,True
['Chile'],[],['en'],Uruguay,drink mate,en,5.0,True
['Chile'],[],['en'],Chile,ugly,en,5.0,True
['Brazil'],[],['en'],Brazil,big ego,en,1.0,False
['Brazil'],[],['en'],Germany,big ego,en,5.0,True
['Uruguay'],[],['en'],Uruguay,polite,en,5.0,False
['Uruguay'],[],['en'],Uruguay,plain,en,5.0,True
"['Argentina', 'Brazil']",[],['en'],Brazil,big ego,en,2.0,False
"['Argentina', 'Brazil']",[],['en'],Argentina,big ego,en,5.0,True
"['Argentina', 'Brazil']",[],['en'],Brazil,celebration,en,5.0,True
"['Colombia', 'Costa Rica']",[],['en'],Colombia,friendly,en,4.0,False
"['Colombia', 'Costa Rica']",[],['en'],Costa Rica,friendly,en,5.0,True
"['Colombia', 'Costa Rica']",[],['en'],El Salvador,friendly,en,5.0,True
"['Colombia', 'Costa Rica']",[],['en'],Peru,friendly,en,5.0,True
['Argentina'],[],['en'],Argentina,kindness,en,3.0,False
['Argentina'],[],['en'],Uruguay,kindness,en,5.0,True
['Mexico'],[],['en'],Mexico,stealing from other people's cultures,en,1.0,False
['Mexico'],[],['en'],Spain,stealing from other people's cultures,en,5.0,True
['Mexico'],[],['en'],Portugal,stealing from other people's cultures,en,5.0,True
['Mexico'],[],['en'],United Kingdom,stealing from other people's cultures,en,5.0,True
['Argentina'],[],['en'],Argentina,resourceful,en,5.0,False
['Argentina'],[],['en'],Canada,resourceful,en,5.0,True
['Argentina'],[],['en'],Argentina,resilience,en,5.0,True
['Argentina'],[],['en'],Argentina,liveliness,en,5.0,False
['Argentina'],[],['en'],Colombia,liveliness,en,5.0,True
['Argentina'],[],['en'],Argentina,spoken,en,5.0,True
['Brazil'],[],['en'],Brazil,delicious food,en,5.0,False
['Brazil'],[],['en'],France,delicious food,en,5.0,True
['Brazil'],[],['en'],India,delicious food,en,5.0,True
['Brazil'],[],['en'],Japan,delicious food,en,5.0,True
['Brazil'],[],['en'],China,delicious food,en,5.0,True
['Argentina'],[],['en'],Argentina,disregard for rules,en,5.0,False
['Argentina'],[],['en'],Colombia,disregard for rules,en,5.0,True
['Brazil'],[],['en'],Brazil,generous,en,5.0,False
['Brazil'],[],['en'],Colombia,generous,en,5.0,True
['Brazil'],[],['en'],Brazil,kind,en,5.0,True
['Argentina'],[],['en'],Argentina,disregard for rules,en,4.0,False
['Argentina'],[],['en'],United States,disregard for rules,en,5.0,True
['Argentina'],[],['en'],Argentina,play football,en,5.0,True
['Argentina'],[],['en'],Argentina,eat asado,en,5.0,True
['Argentina'],[],['en'],Argentina,maradona,en,5.0,True
['Argentina'],[],['en'],Argentina,dulce de leche,en,5.0,False
['Mexico'],[],['en'],Mexico,i speak spanish,en,5.0,False
['Mexico'],[],['en'],Spain,i speak spanish,en,5.0,True
['Argentina'],[],['en'],Argentina,public health,en,3.0,False
['Argentina'],[],['en'],Argentina,superb,en,3.0,False
['Argentina'],[],['en'],Argentina,play football,en,5.0,True
['Argentina'],[],['en'],Argentina,eat asado,en,5.0,True
['Argentina'],[],['en'],Argentina,maradona,en,5.0,True
['Nicaragua'],[],['en'],Brazil,language,en,5.0,False
['Nicaragua'],[],['en'],Portugal,language,en,5.0,True
['Nicaragua'],[],['en'],Brazil,samba,en,5.0,True
['Cuba'],[],['en'],Cuba,beautiful beaches,en,5.0,False
['Cuba'],[],['en'],Dominican Republic,beautiful beaches,en,5.0,True
['Cuba'],[],['en'],Venezuela,beautiful beaches,en,5.0,True
['Cuba'],[],['en'],Cuba,good education,en,5.0,True
['Cuba'],[],['en'],Cuba,polite people,en,5.0,True
['Chile'],[],['en'],Chile,rough,en,5.0,False
['Chile'],[],['en'],Russia,rough,en,5.0,True
['Chile'],[],['en'],Ukraine,rough,en,5.0,True
['Chile'],[],['en'],Chile,dry,en,5.0,True
"['Peru', 'Brazil']",[],['en'],Brazil,resourceful,en,4.0,False
"['Peru', 'Brazil']",[],['en'],United States,resourceful,en,5.0,True
"['Peru', 'Brazil']",[],['en'],Brazil,capibara,en,5.0,True
['Uruguay'],[],['en'],Uruguay,provincia rebelde,en,1.0,False
['Uruguay'],[],['en'],Uruguay,progressist,en,5.0,True
['Argentina'],[],['en'],Argentina,resourceful,en,5.0,False
['Argentina'],[],['en'],Brazil,resourceful,en,5.0,True
['Argentina'],[],['en'],China,resourceful,en,5.0,True
['Argentina'],[],['en'],Germany,resourceful,en,5.0,True
['Argentina'],[],['en'],Argentina,tango,en,5.0,True
['Argentina'],[],['en'],Argentina,mate,en,5.0,True
['Argentina'],[],['en'],Argentina,beef,en,5.0,True
['Argentina'],[],['en'],Argentina,football,en,5.0,True
['Argentina'],[],['en'],Argentina,instability,en,5.0,True
['Argentina'],[],['en'],Argentina,resourceful,en,5.0,False
['Argentina'],[],['en'],Chile,resourceful,en,5.0,True
['Argentina'],[],['en'],Argentina,disregard for rules,en,,False
['Argentina'],[],['en'],Chile,disregard for rules,en,5.0,True
['Brazil'],[],['en'],Brazil,hot,en,5.0,False
['Brazil'],[],['en'],Nigeria,hot,en,5.0,True
['Brazil'],[],['en'],Egypt,hot,en,5.0,True
['Argentina'],[],['en'],Argentina,superb,en,1.0,False
['Argentina'],[],['en'],Argentina,solidarity,en,3.0,False
['Argentina'],[],['en'],Argentina,disregard for rules,en,3.0,False
['Argentina'],[],['en'],Mexico,disregard for rules,en,5.0,True
['Argentina'],[],['en'],Argentina,barbecue,en,1.0,False
['Argentina'],[],['en'],United States,barbecue,en,5.0,True
['Argentina'],[],['en'],Argentina,play football,en,5.0,True
['Argentina'],[],['en'],Argentina,eat asado,en,5.0,True
['Argentina'],[],['en'],Argentina,maradona,en,5.0,True
"['Argentina', 'Brazil']",[],['en'],Brazil,generous,en,5.0,False
"['Argentina', 'Brazil']",[],['en'],Bolivia,generous,en,5.0,True
"['Argentina', 'Brazil']",[],['en'],Brazil,relaxed,en,5.0,True
['Mexico'],[],['en'],Mexico,patriotism,en,5.0,False
['Mexico'],[],['en'],United States,patriotism,en,5.0,True
['Argentina'],[],['en'],Argentina,barbecue,en,5.0,False
['Argentina'],[],['en'],United States,barbecue,en,5.0,True
['Costa Rica'],[],['en'],Costa Rica,beautiful,en,5.0,False
['Costa Rica'],[],['en'],Italy,beautiful,en,5.0,True
['Costa Rica'],[],['en'],Switzerland,beautiful,en,5.0,True
['Costa Rica'],[],['en'],Costa Rica,pura vida,en,5.0,True
['Costa Rica'],[],['en'],Costa Rica,gently people,en,5.0,True
['Costa Rica'],[],['en'],Costa Rica,nature,en,5.0,True
['Uruguay'],[],['en'],Uruguay,chiquitito,en,5.0,False
['Uruguay'],[],['en'],Costa Rica,chiquitito,en,5.0,True
['Uruguay'],[],['en'],El Salvador,chiquitito,en,5.0,True
['Uruguay'],[],['en'],Uruguay,quiet people,en,5.0,True
['Argentina'],[],['en'],Argentina,tortafrita,en,4.0,False
['Argentina'],[],['en'],Bolivia,tortafrita,en,5.0,True
['Argentina'],[],['en'],Chile,tortafrita,en,5.0,True
['Argentina'],[],['en'],Colombia,tortafrita,en,5.0,True
['Argentina'],[],['en'],Paraguay,tortafrita,en,5.0,True
['Argentina'],[],['en'],Uruguay,tortafrita,en,5.0,True
['Argentina'],[],['en'],Argentina,superb,en,5.0,False
['Argentina'],[],['en'],Argentina,the best,en,5.0,True
['Argentina'],[],['en'],Argentina,resilience,en,5.0,False
['Argentina'],[],['en'],Cuba,resilience,en,5.0,True
['Argentina'],[],['en'],Argentina,play football,en,5.0,True
['Argentina'],[],['en'],Argentina,eat asado,en,5.0,True
['Argentina'],[],['en'],Argentina,maradona,en,5.0,True
['Chile'],[],['en'],Chile,resourceful,en,1.0,False
['Chile'],[],['en'],Colombia,resourceful,en,5.0,True
['Chile'],[],['en'],Chile,dry,en,5.0,True
['Uruguay'],[],['en'],Uruguay,gray,en,3.0,False
['Uruguay'],[],['en'],Uruguay,calm,en,5.0,True
['Argentina'],[],['en'],Argentina,resilience,en,,False
['Argentina'],[],['en'],Paraguay,resilience,en,5.0,True
['Argentina'],[],['en'],Argentina,resilience,en,4.0,False
['Argentina'],[],['en'],Germany,resilience,en,5.0,True
['Argentina'],[],['en'],Haiti,resilience,en,5.0,True
['Cuba'],[],['en'],Cuba,i speak spanish,en,5.0,False
['Cuba'],[],['en'],Chile,i speak spanish,en,5.0,True
['Cuba'],[],['en'],Cuba,cigar,en,4.0,False
['Cuba'],[],['en'],United States,cigar,en,5.0,True
['Cuba'],[],['en'],Cuba,good at sex,en,5.0,True
['Argentina'],[],['en'],Argentina,solidarity,en,2.0,False
['Chile'],[],['en'],Chile,expensive,en,5.0,False
['Chile'],[],['en'],Australia,expensive,en,5.0,True
['Chile'],[],['en'],Brazil,expensive,en,5.0,True
['Chile'],[],['en'],Bahamas,expensive,en,5.0,True
['Chile'],[],['en'],Jamaica,expensive,en,5.0,True
['Chile'],[],['en'],Chile,great beaches,en,5.0,True
['Argentina'],[],['en'],Argentina,the best,en,2.0,False
['Uruguay'],[],['en'],Uruguay,kindness,en,5.0,False
['Uruguay'],[],['en'],Uruguay,humble,en,5.0,True
['Argentina'],[],['en'],Argentina,the best,en,5.0,False
['Argentina'],[],['en'],Argentina,play football,en,5.0,True
['Argentina'],[],['en'],Argentina,eat asado,en,5.0,True
['Argentina'],[],['en'],Argentina,maradona,en,5.0,True
['Argentina'],[],['en'],Argentina,drink mate,en,5.0,False
['Argentina'],[],['en'],Argentina,the best,en,5.0,False
['Uruguay'],[],['en'],Uruguay,friendly,en,5.0,False
['Uruguay'],[],['en'],Uruguay,calm,en,5.0,True
['Argentina'],[],['en'],Argentina,the best,en,5.0,False
['Argentina'],[],['en'],United States,the best,en,5.0,True
['Argentina'],[],['en'],United Kingdom,the best,en,5.0,True
['Argentina'],[],['en'],France,the best,en,5.0,True
['Argentina'],[],['en'],Argentina,resilience,en,5.0,False
['Argentina'],[],['en'],Paraguay,resilience,en,5.0,True
['Argentina'],[],['en'],Argentina,mate,en,,False
['Argentina'],[],['en'],Uruguay,mate,en,5.0,True
['Argentina'],[],['en'],Argentina,tango dancers,en,4.0,False
['Uruguay'],[],['en'],Uruguay,plain,en,5.0,False
['Uruguay'],[],['en'],Uruguay,rambla,en,5.0,True
['Argentina'],[],['en'],Argentina,meat eater,en,5.0,False
['Argentina'],[],['en'],Argentina,disregard for rules,en,5.0,False
['Argentina'],[],['en'],Italy,disregard for rules,en,5.0,True
['Argentina'],[],['en'],Argentina,agrandado,en,5.0,True
['Argentina'],[],['en'],Argentina,maradona,en,5.0,False
['Argentina'],[],['en'],Italy,maradona,en,5.0,True
['Argentina'],[],['en'],Argentina,bad humor,en,1.0,False
['Argentina'],[],['en'],Germany,bad humor,en,5.0,True
['Chile'],[],['en'],Chile,disregard for rules,en,4.0,False
['Chile'],[],['en'],Brazil,disregard for rules,en,5.0,True
['Chile'],[],['en'],Chile,organized,en,5.0,True
['Uruguay'],[],['en'],Uruguay,provincia rebelde,en,1.0,False
['Argentina'],[],['en'],Argentina,barbecue,en,5.0,False
['Argentina'],[],['en'],Uruguay,barbecue,en,5.0,True
['Argentina'],[],['en'],United States,barbecue,en,5.0,True
['Argentina'],[],['en'],Argentina,beef,en,5.0,True
['Argentina'],[],['en'],Argentina,football,en,5.0,True
['Argentina'],[],['en'],Argentina,tango,en,5.0,True
['Argentina'],[],['en'],Argentina,mate,en,5.0,True
"['Argentina', 'Brazil']",[],['en'],Brazil,relaxed,en,5.0,False
['Uruguay'],[],['en'],Uruguay,gray,en,5.0,False
['Uruguay'],[],['en'],Bolivia,gray,en,5.0,True
['Uruguay'],[],['en'],Uruguay,hospitable,en,5.0,True
['Cuba'],[],['en'],Cuba,public health,en,3.0,False
['Cuba'],[],['en'],Spain,public health,en,5.0,True
['Cuba'],[],['en'],Cuba,good education,en,5.0,True
['Argentina'],[],['en'],Argentina,agrandado,en,5.0,False
['Argentina'],[],['en'],Uruguay,agrandado,en,5.0,True
['Argentina'],[],['en'],Argentina,kindness,en,3.0,False
['Chile'],[],['en'],Chile,tortafrita,en,1.0,False
['Chile'],[],['en'],Argentina,tortafrita,en,5.0,True
['Chile'],[],['en'],Chile,sopaipillas,en,5.0,True
['Argentina'],[],['en'],Argentina,futbol fan,en,5.0,False
['Argentina'],[],['en'],Brazil,futbol fan,en,5.0,True
['Cuba'],[],['en'],Cuba,resilience,en,4.0,False
['Cuba'],[],['en'],Haiti,resilience,en,5.0,True
['Argentina'],[],['en'],Argentina,friendship,en,5.0,False
['Argentina'],[],['en'],Paraguay,friendship,en,5.0,True
['Argentina'],[],['en'],Argentina,charismatic,en,3.0,False
['Chile'],[],['en'],Chile,disregard for rules,en,2.0,False
['Chile'],[],['en'],Australia,disregard for rules,en,5.0,True
['Chile'],[],['en'],Italy,disregard for rules,en,5.0,True
['Chile'],[],['en'],Mexico,disregard for rules,en,5.0,True
['Chile'],[],['en'],Brazil,disregard for rules,en,5.0,True
['Chile'],[],['en'],Chile,good mood,en,5.0,True
['Spain'],[],['en'],Spain,always take naps,en,5.0,False
['Spain'],[],['en'],Spain,colonialism,en,5.0,True
['Uruguay'],[],['en'],Uruguay,friendly,en,4.0,False
['Uruguay'],[],['en'],Uruguay,relaxed,en,5.0,True
['Argentina'],[],['en'],Argentina,agrandado,en,5.0,False
['Argentina'],[],['en'],United States,agrandado,en,5.0,True
['Argentina'],[],['en'],Chile,agrandado,en,5.0,True
['Argentina'],[],['en'],Argentina,agrandado,en,1.0,False
['Argentina'],[],['en'],United States,agrandado,en,5.0,True
['Argentina'],[],['en'],Argentina,the best,en,5.0,True
['Argentina'],[],['en'],Argentina,resilience,en,3.0,False
['Uruguay'],[],['en'],Uruguay,calm,en,5.0,False
['Uruguay'],[],['en'],Costa Rica,calm,en,5.0,True
['Uruguay'],[],['en'],Uruguay,natural,en,5.0,True
['Argentina'],[],['en'],Argentina,maradona,en,5.0,False
['Argentina'],[],['en'],Italy,maradona,en,5.0,True
['Argentina'],[],['en'],Argentina,play football,en,5.0,True
['Argentina'],[],['en'],Argentina,eat asado,en,5.0,True
['Argentina'],[],['en'],Argentina,big ego,en,5.0,False
['Argentina'],[],['en'],Argentina,world champion,en,5.0,True
['Argentina'],[],['en'],Argentina,agrandado,en,3.0,False
['Argentina'],[],['en'],Argentina,the best,en,5.0,False
['Argentina'],[],['en'],Argentina,play football,en,5.0,True
['Argentina'],[],['en'],Argentina,eat asado,en,5.0,True
['Argentina'],[],['en'],Argentina,maradona,en,5.0,True
"['Colombia', 'Costa Rica']",[],['en'],Colombia,attractive,en,5.0,False
"['Colombia', 'Costa Rica']",[],['en'],Brazil,attractive,en,5.0,True
"['Colombia', 'Costa Rica']",[],['en'],Switzerland,attractive,en,5.0,True
"['Colombia', 'Costa Rica']",[],['en'],France,attractive,en,5.0,True
"['Colombia', 'Costa Rica']",[],['en'],Spain,attractive,en,5.0,True
"['Colombia', 'Costa Rica']",[],['en'],Germany,attractive,en,5.0,True
"['Colombia', 'Costa Rica']",[],['en'],Colombia,hot,en,5.0,True
"['Colombia', 'Costa Rica']",[],['en'],Colombia,sexy,en,5.0,True
"['Colombia', 'Costa Rica']",[],['en'],Colombia,kind,en,5.0,True
['Chile'],[],['en'],Chile,great beaches,en,1.0,False
['Chile'],[],['en'],Brazil,great beaches,en,5.0,True
['Chile'],[],['en'],Chile,seafood,en,5.0,True
['Argentina'],[],['en'],Argentina,world champion,en,5.0,False
['Mexico'],[],['en'],Mexico,water struggles,en,3.0,False
['Mexico'],[],['en'],South Africa,water struggles,en,5.0,True
['Argentina'],[],['en'],Argentina,large,en,1.0,False
['Brazil'],[],['en'],Brazil,friendly,en,5.0,False
['Brazil'],[],['en'],Argentina,friendly,en,5.0,True
['Brazil'],[],['en'],Brazil,beach loving,en,5.0,True
['Brazil'],[],['en'],Brazil,free healthcare,en,5.0,False
['Brazil'],[],['en'],Argentina,free healthcare,en,5.0,True
['Brazil'],[],['en'],Brazil,beach loving,en,5.0,True
['Brazil'],[],['en'],Brazil,free universities,en,5.0,False
['Brazil'],[],['en'],Argentina,free universities,en,5.0,True
['Brazil'],[],['en'],Brazil,beach loving,en,5.0,True
['Brazil'],[],['en'],Brazil,warm,en,5.0,False
['Brazil'],[],['en'],Argentina,warm,en,5.0,True
['Brazil'],[],['en'],Brazil,beach loving,en,5.0,True
['Brazil'],[],['en'],Brazil,dental health,en,5.0,False
['Brazil'],[],['en'],Argentina,dental health,en,5.0,True
['Brazil'],[],['en'],Brazil,beach loving,en,5.0,True
['Argentina'],[],['en'],Argentina,the best,en,5.0,False
['Argentina'],[],['en'],Argentina,egocentric,en,3.0,False
['Argentina'],[],['en'],Argentina,agrandado,en,5.0,False
['Uruguay'],[],['en'],Uruguay,calm,en,5.0,False
['Uruguay'],[],['en'],Uruguay,luis suarez,en,5.0,True
['Brazil'],[],['en'],Brazil,generous,en,5.0,False
['Brazil'],[],['en'],Brazil,hot,en,5.0,True
['Argentina'],[],['en'],Argentina,world champion,en,5.0,False
['Argentina'],[],['en'],Brazil,world champion,en,5.0,True
['Argentina'],[],['en'],Germany,world champion,en,5.0,True
['Argentina'],[],['en'],Uruguay,world champion,en,5.0,True
['Argentina'],[],['en'],Argentina,play football,en,5.0,True
['Argentina'],[],['en'],Argentina,eat asado,en,5.0,True
['Argentina'],[],['en'],Argentina,maradona,en,5.0,True
['Cuba'],[],['en'],Cuba,low income,en,5.0,False
['Cuba'],[],['en'],Venezuela,low income,en,5.0,True
['Cuba'],[],['en'],Cuba,drink a lot of coffee,en,5.0,True
['Chile'],[],['en'],Chile,sopaipillas,en,5.0,False
['Chile'],[],['en'],Chile,sopaipillas,en,5.0,True
['Chile'],[],['en'],Chile,rodeo,en,5.0,True
['Argentina'],[],['en'],Argentina,friendly,en,5.0,False
['Argentina'],[],['en'],Argentina,free healthcare,en,5.0,False
['Argentina'],[],['en'],Argentina,free universities,en,5.0,False
['Argentina'],[],['en'],Argentina,warm,en,5.0,False
['Argentina'],[],['en'],Argentina,dental health,en,5.0,False
"['Colombia', 'Costa Rica']",[],['en'],Costa Rica,calm,en,5.0,False
"['Colombia', 'Costa Rica']",[],['en'],New Zealand,calm,en,5.0,True
"['Colombia', 'Costa Rica']",[],['en'],Australia,calm,en,5.0,True
['Argentina'],[],['en'],Argentina,friendly,en,4.0,False
['Argentina'],[],['en'],Argentina,free healthcare,en,4.0,False
['Argentina'],[],['en'],Argentina,free universities,en,4.0,False
['Argentina'],[],['en'],Argentina,warm,en,4.0,False
['Argentina'],[],['en'],Argentina,dental health,en,4.0,False
['Mexico'],[],['en'],Mexico,happiness,en,5.0,False
['Mexico'],[],['en'],Brazil,happiness,en,5.0,True
['Mexico'],[],['en'],Colombia,happiness,en,5.0,True
['Uruguay'],[],['en'],Uruguay,quiet people,en,5.0,False
['Uruguay'],[],['en'],Ireland,quiet people,en,5.0,True
['Uruguay'],[],['en'],Uruguay,proud,en,5.0,True
['Argentina'],[],['en'],Argentina,instability,en,4.0,False
['Uruguay'],[],['en'],Uruguay,relaxed,en,5.0,False
['Uruguay'],[],['en'],Uruguay,nice,en,5.0,True
['Argentina'],[],['en'],Argentina,melancholic,en,4.0,False
['Argentina'],[],['en'],Argentina,resilience,en,5.0,False
['Argentina'],[],['en'],Argentina,friendly,en,4.0,False
['Argentina'],[],['en'],Argentina,free healthcare,en,4.0,False
['Argentina'],[],['en'],Argentina,free universities,en,4.0,False
['Argentina'],[],['en'],Argentina,warm,en,4.0,False
['Argentina'],[],['en'],Argentina,dental health,en,4.0,False
['Ecuador'],[],['en'],Ecuador,high mountains,en,5.0,False
['Ecuador'],[],['en'],Chile,high mountains,en,5.0,True
['Ecuador'],[],['en'],Ecuador,high mountains,en,5.0,True
['Ecuador'],[],['en'],Ecuador,galapagos,en,5.0,True
['Argentina'],[],['en'],Argentina,asado,en,5.0,False
['Argentina'],[],['en'],Argentina,pedantic,en,3.0,False
['Spain'],[],['en'],Spain,stealing from other people's cultures,en,4.0,False
['Spain'],[],['en'],United Kingdom,stealing from other people's cultures,en,5.0,True
['Spain'],[],['en'],France,stealing from other people's cultures,en,5.0,True
['Spain'],[],['en'],Netherlands,stealing from other people's cultures,en,5.0,True
['Spain'],[],['en'],Spain,speak loudly,en,5.0,True
['Argentina'],[],['en'],Argentina,mate,en,5.0,False
['Argentina'],[],['en'],Argentina,tortafrita,en,2.0,False
['Argentina'],[],['en'],Argentina,fútbol,en,5.0,True
['Argentina'],[],['en'],Argentina,pedantic,en,5.0,False
['Argentina'],[],['en'],Argentina,asado,en,5.0,False
['Brazil'],[],['en'],Brazil,attractive,en,4.0,False
['Argentina'],[],['en'],Argentina,fútbol,en,5.0,False
['Argentina'],[],['en'],Argentina,scammer,en,1.0,False
['Argentina'],[],['en'],Argentina,fútbol,en,5.0,False
['Mexico'],[],['en'],Mexico,happy,en,5.0,False
['Mexico'],[],['en'],Brazil,happy,en,5.0,True
['Mexico'],[],['en'],Colombia,happy,en,5.0,True
['Argentina'],[],['en'],Argentina,asado,en,5.0,False
['Argentina'],[],['en'],Uruguay,asado,en,5.0,True
['Brazil'],[],['en'],Brazil,futbol fan,en,5.0,False
['Argentina'],[],['en'],Argentina,fútbol,en,5.0,False
['Argentina'],[],['en'],Argentina,mate,en,5.0,True
['Argentina'],[],['en'],Argentina,fútbol,en,5.0,False
['Argentina'],[],['en'],Argentina,fight,en,2.0,False
['Costa Rica'],[],['en'],Costa Rica,calm,en,5.0,False
['Costa Rica'],[],['en'],Costa Rica,beautifull natural landscapes,en,5.0,True
['Argentina'],[],['en'],Argentina,friendly,en,5.0,False
['Argentina'],[],['en'],Argentina,play football,en,5.0,True
['Argentina'],[],['en'],Argentina,eat asado,en,5.0,True
['Argentina'],[],['en'],Argentina,maradona,en,5.0,True
['Argentina'],[],['en'],Argentina,free healthcare,en,5.0,False
['Argentina'],[],['en'],Argentina,play football,en,5.0,True
['Argentina'],[],['en'],Argentina,eat asado,en,5.0,True
['Argentina'],[],['en'],Argentina,maradona,en,5.0,True
['Argentina'],[],['en'],Argentina,free universities,en,5.0,False
['Argentina'],[],['en'],Argentina,play football,en,5.0,True
['Argentina'],[],['en'],Argentina,eat asado,en,5.0,True
['Argentina'],[],['en'],Argentina,maradona,en,5.0,True
['Argentina'],[],['en'],Argentina,warm,en,5.0,False
['Argentina'],[],['en'],Argentina,play football,en,5.0,True
['Argentina'],[],['en'],Argentina,eat asado,en,5.0,True
['Argentina'],[],['en'],Argentina,maradona,en,5.0,True
['Argentina'],[],['en'],Argentina,dental health,en,5.0,False
['Argentina'],[],['en'],Argentina,play football,en,5.0,True
['Argentina'],[],['en'],Argentina,eat asado,en,5.0,True
['Argentina'],[],['en'],Argentina,maradona,en,5.0,True
['Uruguay'],[],['en'],Uruguay,rambla,en,5.0,False
['Uruguay'],[],['en'],Uruguay,fields,en,5.0,True
['Uruguay'],[],['en'],Uruguay,agriculture,en,5.0,True
['Argentina'],[],['en'],Argentina,liveliness,en,5.0,False
['Argentina'],[],['en'],Argentina,liveliness,en,5.0,False
['Uruguay'],[],['en'],Uruguay,quiet people,en,5.0,False
['Argentina'],[],['en'],Argentina,drink mate,en,5.0,False
['Argentina'],[],['en'],Argentina,play football,en,5.0,False
['Argentina'],[],['en'],Argentina,fight,en,2.0,False
['Uruguay'],[],['en'],Uruguay,agrandado,en,1.0,False
['Uruguay'],[],['en'],Uruguay,humble,en,5.0,True
['Uruguay'],[],['en'],Uruguay,nice,en,5.0,False
['Chile'],[],['en'],Chile,sopaipillas,en,5.0,False
['Chile'],[],['en'],Argentina,sopaipillas,en,5.0,True
['Chile'],[],['en'],Bolivia,sopaipillas,en,5.0,True
['Chile'],[],['en'],Ecuador,sopaipillas,en,5.0,True
['Chile'],[],['en'],Colombia,sopaipillas,en,5.0,True
['Chile'],[],['en'],Venezuela,sopaipillas,en,5.0,True
['Chile'],[],['en'],Chile,cordillera de los andes,en,5.0,True
['Argentina'],[],['en'],Argentina,liveliness,en,5.0,False
['Argentina'],[],['en'],Brazil,liveliness,en,5.0,True
['Argentina'],[],['en'],Argentina,play football,en,5.0,True
['Argentina'],[],['en'],Argentina,eat asado,en,5.0,True
['Argentina'],[],['en'],Argentina,maradona,en,5.0,True
['Argentina'],[],['en'],Argentina,eat asado,en,5.0,False
['Uruguay'],[],['en'],Uruguay,barbecue,en,5.0,False
['Argentina'],[],['en'],Argentina,scammer,en,3.0,False
['Argentina'],[],['en'],Mexico,scammer,en,5.0,True
['Uruguay'],[],['en'],Uruguay,hospitable,en,5.0,False
['Uruguay'],[],['en'],Uruguay,amigable,en,5.0,True
['Argentina'],[],['en'],Argentina,futbol,en,5.0,False
['Argentina'],[],['en'],Paraguay,futbol,en,5.0,True
['Argentina'],[],['en'],Argentina,sopaipillas,en,1.0,False
['Cuba'],[],['en'],Cuba,polite people,en,4.0,False
['Cuba'],[],['en'],Canada,polite people,en,5.0,True
['Cuba'],[],['en'],Cuba,high temperatures,en,5.0,True
['Uruguay'],[],['en'],Uruguay,hospitable,en,5.0,False
['Nicaragua'],[],['en'],Nicaragua,i speak spanish,en,,False
['Nicaragua'],[],['en'],Argentina,i speak spanish,en,5.0,True
['Nicaragua'],[],['en'],Nicaragua,friendliness,en,5.0,True
['Nicaragua'],[],['en'],Nicaragua,friendliness,en,,False
['Argentina'],[],['en'],Argentina,fight,en,2.0,False
['Argentina'],[],['en'],Argentina,sopaipillas,en,1.0,False
['Argentina'],[],['en'],Chile,sopaipillas,en,5.0,True
['Argentina'],[],['en'],Argentina,play football,en,5.0,True
['Argentina'],[],['en'],Argentina,eat asado,en,5.0,True
['Argentina'],[],['en'],Argentina,maradona,en,5.0,True
['Mexico'],[],['en'],Mexico,novelas,en,5.0,False
['Mexico'],[],['en'],Peru,novelas,en,5.0,True
['Mexico'],[],['en'],Argentina,novelas,en,5.0,True
['Chile'],[],['en'],Chile,rodeo,en,5.0,False
['Chile'],[],['en'],Chile,selva valdiviana,en,5.0,True
['Argentina'],[],['en'],Argentina,solidarity,en,5.0,False
['Argentina'],[],['en'],Costa Rica,solidarity,en,5.0,True
['Argentina'],[],['en'],Argentina,diverse,en,5.0,True
['Argentina'],[],['en'],Argentina,drink mate,en,5.0,False
['Ecuador'],[],['en'],Ecuador,textil products,en,5.0,False
['Ecuador'],[],['en'],China,textil products,en,5.0,True
['Ecuador'],[],['en'],Ecuador,good food,en,5.0,True
['Argentina'],[],['en'],Argentina,play football,en,5.0,False
['Argentina'],[],['en'],Argentina,barbacue,en,5.0,True
['Argentina'],[],['en'],Argentina,sopaipillas,en,1.0,False
['Argentina'],[],['en'],Chile,sopaipillas,en,5.0,True
['Argentina'],[],['en'],Argentina,sopaipillas,en,1.0,False
['Argentina'],[],['en'],Chile,sopaipillas,en,5.0,True
['Argentina'],[],['en'],Argentina,tortas fritas,en,5.0,True
['Argentina'],[],['en'],Argentina,tango,en,5.0,False
['Argentina'],[],['en'],Uruguay,tango,en,5.0,True
['Argentina'],[],['en'],Argentina,novelas,en,1.0,False
['Nicaragua'],[],['en'],Nicaragua,i speak spanish,en,5.0,False
['Nicaragua'],[],['en'],Honduras,i speak spanish,en,5.0,True
['Nicaragua'],[],['en'],Nicaragua,poverty,en,5.0,True
['Argentina'],[],['en'],Argentina,mate,en,5.0,False
['Argentina'],[],['en'],Uruguay,mate,en,5.0,True
['Argentina'],[],['en'],Paraguay,mate,en,5.0,True
['Argentina'],[],['en'],Argentina,play football,en,5.0,True
['Argentina'],[],['en'],Argentina,eat asado,en,5.0,True
['Argentina'],[],['en'],Argentina,maradona,en,5.0,True
['Argentina'],[],['en'],Argentina,novelas,en,4.0,False
['Argentina'],[],['en'],Argentina,tortas fritas,en,2.0,False
['Argentina'],[],['en'],Argentina,play football,en,5.0,True
['Argentina'],[],['en'],Argentina,eat asado,en,5.0,True
['Argentina'],[],['en'],Argentina,maradona,en,5.0,True
['Uruguay'],[],['en'],Uruguay,fields,en,5.0,False
['Uruguay'],[],['en'],Uruguay,cattle,en,5.0,True
['Argentina'],[],['en'],Argentina,tortas fritas,en,1.0,False
['Argentina'],[],['en'],Argentina,barbacue,en,5.0,False
['Argentina'],[],['en'],Argentina,sopaipillas,en,1.0,False
['Argentina'],[],['en'],Chile,sopaipillas,en,5.0,True
['Argentina'],[],['en'],Argentina,barbacue,en,5.0,False
['Chile'],[],['en'],Chile,seafood,en,5.0,False
['Chile'],[],['en'],Chile,homeland,en,5.0,True
['Argentina'],[],['en'],Argentina,barbacue,en,1.0,False
['Argentina'],[],['en'],United States,barbacue,en,5.0,True
['Argentina'],[],['en'],Argentina,play football,en,5.0,True
['Argentina'],[],['en'],Argentina,eat asado,en,5.0,True
['Argentina'],[],['en'],Argentina,maradona,en,5.0,True
['Argentina'],[],['en'],Argentina,barbacue,en,5.0,False
['Uruguay'],[],['en'],Uruguay,world champion,en,5.0,False
['Argentina'],[],['en'],Argentina,tortas fritas,en,4.0,False
['Argentina'],[],['en'],Argentina,barbacue,en,5.0,False
"['Peru', 'Brazil']",[],['en'],Peru,i speak spanish,en,5.0,False
"['Peru', 'Brazil']",[],['en'],Ecuador,i speak spanish,en,5.0,True
"['Peru', 'Brazil']",[],['en'],Chile,i speak spanish,en,5.0,True
"['Peru', 'Brazil']",[],['en'],Colombia,i speak spanish,en,5.0,True
"['Peru', 'Brazil']",[],['en'],Mexico,i speak spanish,en,5.0,True
"['Peru', 'Brazil']",[],['en'],Guatemala,i speak spanish,en,5.0,True
"['Peru', 'Brazil']",[],['en'],Peru,cuzco,en,5.0,True
['Argentina'],[],['en'],Argentina,mate,en,5.0,False
"['Colombia', 'Costa Rica']",[],['en'],Colombia,beautiful,en,5.0,False
"['Colombia', 'Costa Rica']",[],['en'],Sweden,beautiful,en,5.0,True
"['Colombia', 'Costa Rica']",[],['en'],Switzerland,beautiful,en,5.0,True
"['Colombia', 'Costa Rica']",[],['en'],Japan,beautiful,en,5.0,True
"['Colombia', 'Costa Rica']",[],['en'],South Korea,beautiful,en,5.0,True
"['Colombia', 'Costa Rica']",[],['en'],Austria,beautiful,en,5.0,True
"['Colombia', 'Costa Rica']",[],['en'],Dominican Republic,beautiful,en,5.0,True
"['Colombia', 'Costa Rica']",[],['en'],Brazil,beautiful,en,5.0,True
['Uruguay'],[],['en'],Uruguay,hospitable,en,3.0,False
['Uruguay'],[],['en'],Spain,hospitable,en,5.0,True
['Costa Rica'],[],['en'],Costa Rica,chiquitito,en,5.0,False
['Costa Rica'],[],['en'],Cuba,chiquitito,en,5.0,True
['Costa Rica'],[],['en'],Costa Rica,kindness,en,5.0,True
['Argentina'],[],['en'],Argentina,i speak spanish,en,4.0,False
['Argentina'],[],['en'],Argentina,tango,en,5.0,True
['Argentina'],[],['en'],Argentina,bad humor,en,1.0,False
['Argentina'],[],['en'],Germany,bad humor,en,5.0,True
['Argentina'],[],['en'],Argentina,play football,en,5.0,True
['Argentina'],[],['en'],Argentina,eat asado,en,5.0,True
['Argentina'],[],['en'],Argentina,maradona,en,5.0,True
['Uruguay'],[],['en'],Uruguay,tango,en,5.0,False
['Uruguay'],[],['en'],Uruguay,pericon,en,5.0,True
['Chile'],[],['en'],Chile,seafood,en,5.0,False
['Chile'],[],['en'],Argentina,seafood,en,5.0,True
['Chile'],[],['en'],Switzerland,seafood,en,5.0,True
['Chile'],[],['en'],France,seafood,en,5.0,True
['Chile'],[],['en'],United States,seafood,en,5.0,True
['Chile'],[],['en'],Chile,sky,en,5.0,True
['Argentina'],[],['en'],Argentina,world champion,en,4.0,False
['Argentina'],[],['en'],Argentina,i speak spanish,en,5.0,False
['Argentina'],[],['en'],Argentina,egocentric,en,5.0,False
['Argentina'],[],['en'],Uruguay,egocentric,en,5.0,True
['Argentina'],[],['en'],Argentina,novelas,en,1.0,False
['Argentina'],[],['en'],Mexico,novelas,en,5.0,True
['Argentina'],[],['en'],Argentina,asado,en,5.0,True
['Mexico'],[],['en'],Mexico,party,en,5.0,False
['Mexico'],[],['en'],Brazil,party,en,5.0,True
['Argentina'],[],['en'],Argentina,friendship,en,5.0,False
['Argentina'],[],['en'],Argentina,seafood,en,5.0,False
['Brazil'],[],['en'],Brazil,relaxed,en,3.0,False
['Brazil'],[],['en'],Brazil,spanish speaker,en,5.0,True
['Argentina'],[],['en'],Argentina,seafood,en,1.0,False
['Brazil'],[],['en'],Brazil,hot,en,4.0,False
['Brazil'],[],['en'],Argentina,hot,en,5.0,True
['Brazil'],[],['en'],Colombia,hot,en,5.0,True
['Brazil'],[],['en'],Brazil,delicious food,en,5.0,True
['Brazil'],[],['en'],Brazil,kind,en,5.0,True
['Brazil'],[],['en'],Brazil,generous,en,5.0,True
['Brazil'],[],['en'],Brazil,malicious,en,5.0,True
['Brazil'],[],['en'],Brazil,corruption,en,5.0,True
['Argentina'],[],['en'],Argentina,world champion,en,,False
['Argentina'],[],['en'],Brazil,world champion,en,5.0,True
['Argentina'],[],['en'],Germany,world champion,en,5.0,True
['Argentina'],[],['en'],Uruguay,world champion,en,5.0,True
['Argentina'],[],['en'],Argentina,play football,en,5.0,True
['Argentina'],[],['en'],Argentina,eat asado,en,5.0,True
['Argentina'],[],['en'],Argentina,maradona,en,5.0,True
['Argentina'],[],['en'],Argentina,liveliness,en,4.0,False
['Argentina'],[],['en'],Brazil,liveliness,en,5.0,True
['Argentina'],[],['en'],Argentina,ventajero,en,5.0,True
['Argentina'],[],['en'],Argentina,futbol,en,5.0,True
['Argentina'],[],['en'],Argentina,football,en,5.0,True
['Argentina'],[],['en'],Argentina,fight,en,2.0,False
['Argentina'],[],['en'],United States,fight,en,5.0,True
['Argentina'],[],['en'],Argentina,friendly,en,5.0,True
['Mexico'],[],['en'],Mexico,spicy,en,5.0,False
['Mexico'],[],['en'],India,spicy,en,5.0,True
['Argentina'],[],['en'],Argentina,asado,en,5.0,False
['Argentina'],[],['en'],Argentina,mate,en,5.0,False
['Argentina'],[],['en'],Argentina,seafood,en,2.0,False
['Brazil'],[],['en'],Brazil,generous,en,4.0,False
['Brazil'],[],['en'],Canada,generous,en,5.0,True
['Brazil'],[],['en'],Italy,generous,en,5.0,True
['Argentina'],[],['en'],Argentina,seafood,en,3.0,False
['Argentina'],[],['en'],Argentina,alfajores,en,5.0,True
['Uruguay'],[],['en'],Uruguay,egocentric,en,3.0,False
['Argentina'],[],['en'],Argentina,asado,en,5.0,False
['Argentina'],[],['en'],Argentina,play football,en,5.0,True
['Argentina'],[],['en'],Argentina,eat asado,en,5.0,True
['Argentina'],[],['en'],Argentina,maradona,en,5.0,True
['Argentina'],[],['en'],Argentina,ventajero,en,4.0,False
['Chile'],[],['en'],Chile,agrandado,en,2.0,False
['Chile'],[],['en'],Chile,bipolar,en,5.0,True
['Argentina'],[],['en'],Argentina,hot,en,4.0,False
['Argentina'],[],['en'],Argentina,alfajores,en,5.0,False
['Argentina'],[],['en'],Argentina,play football,en,5.0,True
['Argentina'],[],['en'],Argentina,eat asado,en,5.0,True
['Argentina'],[],['en'],Argentina,maradona,en,5.0,True
['Argentina'],[],['en'],Argentina,asado,en,,False
['Argentina'],[],['en'],Uruguay,asado,en,5.0,True
['Argentina'],[],['en'],Argentina,workaholic,en,5.0,True
['Argentina'],[],['en'],Argentina,alfajores,en,5.0,False
['Chile'],[],['en'],Chile,agrandado,en,1.0,False
['Chile'],[],['en'],Chile,horrible,en,5.0,True
['Argentina'],[],['en'],Argentina,workaholic,en,1.0,False
['Argentina'],[],['en'],Argentina,workaholic,en,3.0,False
['Argentina'],[],['en'],Argentina,hot,en,4.0,False
['Argentina'],[],['en'],Qatar,hot,en,5.0,True
['Argentina'],[],['en'],Argentina,ventajero,en,4.0,False
['Argentina'],[],['en'],Argentina,ventajero,en,5.0,False
['Argentina'],[],['en'],Argentina,play football,en,5.0,True
['Argentina'],[],['en'],Argentina,eat asado,en,5.0,True
['Argentina'],[],['en'],Argentina,maradona,en,5.0,True
['Argentina'],[],['en'],Argentina,friendly,en,3.0,False
['Cuba'],[],['en'],Cuba,good at sex,en,5.0,False
['Cuba'],[],['en'],Mexico,good at sex,en,5.0,True
['Cuba'],[],['en'],Cuba,extroverts,en,5.0,True
['Argentina'],[],['en'],Argentina,beautiful,en,4.0,False
['Argentina'],[],['en'],Argentina,seafood,en,3.0,False
['Argentina'],[],['en'],Panama,seafood,en,5.0,True
['Argentina'],[],['en'],Argentina,alfajor,en,5.0,True
['Argentina'],[],['en'],Argentina,workaholic,en,3.0,False
['Argentina'],[],['en'],Argentina,workaholic,en,,False
['Argentina'],[],['en'],United States,workaholic,en,5.0,True
['Argentina'],[],['en'],Argentina,competitive,en,5.0,True
['Argentina'],[],['en'],Argentina,diverse,en,2.0,False
['Argentina'],[],['en'],Argentina,alfajor,en,5.0,False
['Argentina'],[],['en'],Argentina,ventajero,en,5.0,False
['Argentina'],[],['en'],Uruguay,ventajero,en,5.0,True
['Argentina'],[],['en'],Argentina,big ego,en,3.0,False
['Argentina'],[],['en'],Argentina,instability,en,5.0,False
['Argentina'],[],['en'],Venezuela,instability,en,5.0,True
['Argentina'],[],['en'],Argentina,play football,en,5.0,True
['Argentina'],[],['en'],Argentina,eat asado,en,5.0,True
['Argentina'],[],['en'],Argentina,maradona,en,5.0,True
"['Colombia', 'Costa Rica']",[],['en'],Costa Rica,gently people,en,4.0,False
"['Colombia', 'Costa Rica']",[],['en'],Jamaica,gently people,en,5.0,True
"['Colombia', 'Costa Rica']",[],['en'],Brazil,gently people,en,5.0,True
"['Colombia', 'Costa Rica']",[],['en'],Costa Rica,relaxed,en,5.0,True
['Argentina'],[],['en'],Argentina,competitive,en,4.0,False
['Argentina'],[],['en'],Argentina,ventajero,en,4.0,False
['Argentina'],[],['en'],Argentina,instability,en,5.0,False
['Argentina'],[],['en'],Lebanon,instability,en,5.0,True
['Argentina'],[],['en'],DR Congo,instability,en,5.0,True
['Argentina'],[],['en'],Argentina,competitive,en,4.0,False
['Argentina'],[],['en'],Argentina,competitive,en,4.0,False
['Argentina'],[],['en'],Argentina,competitive,en,4.0,False
['Argentina'],[],['en'],Argentina,competitive,en,,False
['Argentina'],[],['en'],Brazil,competitive,en,5.0,True
['Argentina'],[],['en'],Argentina,play football,en,5.0,True
['Argentina'],[],['en'],Argentina,eat asado,en,5.0,True
['Argentina'],[],['en'],Argentina,maradona,en,5.0,True
['Chile'],[],['en'],Chile,cordillera de los andes,en,5.0,False
['Chile'],[],['en'],Argentina,cordillera de los andes,en,5.0,True
['Chile'],[],['en'],Peru,cordillera de los andes,en,5.0,True
['Chile'],[],['en'],Bolivia,cordillera de los andes,en,5.0,True
['Chile'],[],['en'],Venezuela,cordillera de los andes,en,5.0,True
['Chile'],[],['en'],Colombia,cordillera de los andes,en,5.0,True
['Chile'],[],['en'],Ecuador,cordillera de los andes,en,5.0,True
['Mexico'],[],['en'],Mexico,i speak spanish,en,5.0,False
['Mexico'],[],['en'],Argentina,i speak spanish,en,5.0,True
['Mexico'],[],['en'],Bolivia,i speak spanish,en,5.0,True
['Mexico'],[],['en'],Chile,i speak spanish,en,5.0,True
['Mexico'],[],['en'],Colombia,i speak spanish,en,5.0,True
['Mexico'],[],['en'],Costa Rica,i speak spanish,en,5.0,True
['Mexico'],[],['en'],Cuba,i speak spanish,en,5.0,True
['Mexico'],[],['en'],Dominican Republic,i speak spanish,en,5.0,True
['Mexico'],[],['en'],Ecuador,i speak spanish,en,5.0,True
['Mexico'],[],['en'],El Salvador,i speak spanish,en,5.0,True
['Mexico'],[],['en'],Guatemala,i speak spanish,en,5.0,True
['Mexico'],[],['en'],Equatorial Guinea,i speak spanish,en,5.0,True
['Mexico'],[],['en'],Guyana,i speak spanish,en,5.0,True
['Mexico'],[],['en'],Honduras,i speak spanish,en,5.0,True
['Mexico'],[],['en'],Morocco,i speak spanish,en,5.0,True
['Mexico'],[],['en'],Nicaragua,i speak spanish,en,5.0,True
['Mexico'],[],['en'],Spain,i speak spanish,en,5.0,True
['Mexico'],[],['en'],United States,i speak spanish,en,5.0,True
['Mexico'],[],['en'],Uruguay,i speak spanish,en,5.0,True
['Mexico'],[],['en'],Slovenia,i speak spanish,en,5.0,True
['Mexico'],[],['en'],Mexico,i eat tacos,en,5.0,True
['Mexico'],[],['en'],Mexico,i eat tortilla,en,5.0,True
['Mexico'],[],['en'],Mexico,i eat beans,en,5.0,True
['Argentina'],[],['en'],Argentina,alfajor,en,5.0,False
['Argentina'],[],['en'],Argentina,alfajor,en,5.0,False
['Argentina'],[],['en'],Argentina,novelas,en,3.0,False
['Argentina'],[],['en'],Colombia,novelas,en,5.0,True
['Argentina'],[],['en'],Mexico,novelas,en,5.0,True
['Argentina'],[],['en'],Argentina,alfajor,en,5.0,False
['Argentina'],[],['en'],Argentina,play football,en,5.0,True
['Argentina'],[],['en'],Argentina,eat asado,en,5.0,True
['Argentina'],[],['en'],Argentina,maradona,en,5.0,True
['Argentina'],[],['en'],Argentina,alfajor,en,5.0,False
['Argentina'],[],['en'],Argentina,competitive,en,2.0,False
['Argentina'],[],['en'],Chile,competitive,en,5.0,True
['Argentina'],[],['en'],Argentina,cordillera de los andes,en,5.0,False
['Argentina'],[],['en'],Chile,cordillera de los andes,en,5.0,True
['Argentina'],[],['en'],Argentina,cordillera de los andes,en,5.0,False
['Argentina'],[],['en'],Argentina,cordillera de los andes,en,5.0,False
['Argentina'],[],['en'],Chile,cordillera de los andes,en,5.0,True
['Ecuador'],[],['en'],Ecuador,i speak spanish,en,5.0,False
['Ecuador'],[],['en'],Colombia,i speak spanish,en,5.0,True
['Ecuador'],[],['en'],Ecuador,4 diversity’s regions,en,5.0,True
['Argentina'],[],['en'],Argentina,kindness,en,3.0,False
['Argentina'],[],['en'],Argentina,cordillera de los andes,en,5.0,False
['Argentina'],[],['en'],Chile,cordillera de los andes,en,5.0,True
['Argentina'],[],['en'],Peru,cordillera de los andes,en,5.0,True
['Argentina'],[],['en'],Argentina,play football,en,5.0,True
['Argentina'],[],['en'],Argentina,eat asado,en,5.0,True
['Argentina'],[],['en'],Argentina,maradona,en,5.0,True
['Argentina'],[],['en'],Argentina,cordillera de los andes,en,1.0,False
['Argentina'],[],['en'],Chile,cordillera de los andes,en,5.0,True
['Argentina'],[],['en'],Argentina,charismatic,en,4.0,False
['Argentina'],[],['en'],Argentina,dulce de leche,en,5.0,False
['Argentina'],[],['en'],Argentina,tango dancers,en,5.0,False
['Spain'],[],['en'],Spain,musician,en,1.0,False
['Spain'],[],['en'],Brazil,musician,en,5.0,True
['Spain'],[],['en'],Cuba,musician,en,5.0,True
['Spain'],[],['en'],Spain,not punctual,en,5.0,True
['Chile'],[],['en'],Chile,great beaches,en,5.0,False
['Argentina'],[],['en'],Argentina,futbol fan,en,5.0,False
['Argentina'],[],['en'],Argentina,alfajor,en,5.0,False
['Argentina'],[],['en'],Uruguay,alfajor,en,5.0,True
['Argentina'],[],['en'],Argentina,facturas,en,5.0,True
['Uruguay'],[],['en'],Uruguay,humble,en,5.0,False
['Uruguay'],[],['en'],Argentina,humble,en,5.0,True
['Uruguay'],[],['en'],Uruguay,need to corroborate our small existence,en,5.0,True
['Argentina'],[],['en'],Argentina,lots of climates,en,5.0,False
['Argentina'],[],['en'],Argentina,andes mountains,en,1.0,False
['Argentina'],[],['en'],Argentina,charismatic,en,5.0,False
['Argentina'],[],['en'],Italy,charismatic,en,5.0,True
['Argentina'],[],['en'],Argentina,play football,en,5.0,True
['Argentina'],[],['en'],Argentina,eat asado,en,5.0,True
['Argentina'],[],['en'],Argentina,maradona,en,5.0,True
['Argentina'],[],['en'],Argentina,meat eater,en,5.0,False
['Argentina'],[],['en'],Brazil,meat eater,en,5.0,True
['Costa Rica'],[],['en'],Costa Rica,solidarity,en,5.0,False
['Costa Rica'],[],['en'],Cuba,solidarity,en,5.0,True
['Costa Rica'],[],['en'],Costa Rica,gentleness,en,5.0,True
['Argentina'],[],['en'],Argentina,humble,en,5.0,False
['Uruguay'],[],['en'],Uruguay,humble,en,3.0,False
['Argentina'],[],['en'],Argentina,alfajores,en,5.0,False
['Cuba'],[],['en'],Cuba,extroverts,en,4.0,False
['Cuba'],[],['en'],Colombia,extroverts,en,5.0,True
['Cuba'],[],['en'],Cuba,best rum,en,5.0,True
['Argentina'],[],['en'],Argentina,facturas,en,5.0,False
['Chile'],[],['en'],Chile,horrible,en,5.0,False
['Chile'],[],['en'],Angola,horrible,en,5.0,True
['Chile'],[],['en'],Chile,salmon,en,5.0,True
['Argentina'],[],['en'],Argentina,facturas,en,5.0,False
['Argentina'],[],['en'],France,facturas,en,5.0,True
['Argentina'],[],['en'],Argentina,facturas,en,5.0,False
['Argentina'],[],['en'],France,facturas,en,5.0,True
['Argentina'],[],['en'],Argentina,play football,en,5.0,True
['Argentina'],[],['en'],Argentina,eat asado,en,5.0,True
['Argentina'],[],['en'],Argentina,maradona,en,5.0,True
['Nicaragua'],[],['en'],Nicaragua,i speak spanish,en,5.0,False
['Ecuador'],[],['en'],Ecuador,sopaipillas,en,1.0,False
['Ecuador'],[],['en'],Peru,sopaipillas,en,5.0,True
['Ecuador'],[],['en'],Ecuador,ceviche,en,5.0,True
['Argentina'],[],['en'],Argentina,humble,en,5.0,False
['Argentina'],[],['en'],France,humble,en,5.0,True
['Uruguay'],[],['en'],Uruguay,pericon,en,5.0,False
['Uruguay'],[],['en'],Uruguay,grass,en,5.0,True
['Argentina'],[],['en'],Argentina,facturas,en,5.0,False
['Argentina'],[],['en'],Argentina,asado,en,5.0,True
['Uruguay'],[],['en'],Uruguay,asado,en,5.0,False
['Argentina'],[],['en'],Argentina,humble,en,1.0,False
['Argentina'],[],['en'],Argentina,play football,en,5.0,True
['Argentina'],[],['en'],Argentina,eat asado,en,5.0,True
['Argentina'],[],['en'],Argentina,maradona,en,5.0,True
['Argentina'],[],['en'],Argentina,melancholic,en,3.0,False
['Argentina'],[],['en'],France,melancholic,en,5.0,True
['Uruguay'],[],['en'],Uruguay,cattle,en,5.0,False
['Chile'],[],['en'],Chile,rodeo,en,5.0,False
['Chile'],[],['en'],United States,rodeo,en,5.0,True
['Chile'],[],['en'],Chile,salmon,en,5.0,True
['Argentina'],[],['en'],Argentina,big ego,en,5.0,False
['Argentina'],[],['en'],United States,big ego,en,5.0,True
['Argentina'],[],['en'],Argentina,play football,en,5.0,True
['Argentina'],[],['en'],Argentina,eat asado,en,5.0,True
['Argentina'],[],['en'],Argentina,maradona,en,5.0,True
['Argentina'],[],['en'],Argentina,big ego,en,5.0,False
['Argentina'],[],['en'],Argentina,humble,en,1.0,False
['Argentina'],[],['en'],Bolivia,humble,en,5.0,True
['Uruguay'],[],['en'],Uruguay,need to corroborate our small existence,en,1.0,False
['Argentina'],[],['en'],Argentina,loud,en,3.0,False
['Argentina'],[],['en'],United States,loud,en,5.0,True
['Argentina'],[],['en'],Argentina,play football,en,5.0,True
['Argentina'],[],['en'],Argentina,eat asado,en,5.0,True
['Argentina'],[],['en'],Argentina,maradona,en,5.0,True
['Uruguay'],[],['en'],Uruguay,need to corroborate our small existence,en,3.0,False
['Uruguay'],[],['en'],Uruguay,luis suarez,en,5.0,False
['Costa Rica'],[],['en'],Costa Rica,relaxed,en,5.0,False
['Costa Rica'],[],['en'],Jamaica,relaxed,en,5.0,True
['Costa Rica'],[],['en'],Costa Rica,symphaty,en,5.0,True
['Uruguay'],[],['en'],Uruguay,alfajor,en,5.0,False
['Uruguay'],[],['en'],Uruguay,grass,en,5.0,False
['Nicaragua'],[],['en'],Nicaragua,poverty,en,5.0,False
['Nicaragua'],[],['en'],Haiti,poverty,en,5.0,True
['Nicaragua'],[],['en'],Nicaragua,lakes,en,5.0,True
['Argentina'],[],['en'],Argentina,competitive,en,3.0,False
['Chile'],[],['en'],Chile,salmon,en,5.0,False
['Chile'],[],['en'],United States,salmon,en,5.0,True
['Chile'],[],['en'],Argentina,salmon,en,5.0,True
['Chile'],[],['en'],Mexico,salmon,en,5.0,True
['Chile'],[],['en'],Chile,astronomy,en,5.0,True
['Spain'],[],['en'],Spain,attractive,en,3.0,False
['Spain'],[],['en'],Colombia,attractive,en,5.0,True
['Spain'],[],['en'],Spain,open and welcoming,en,5.0,True
['Uruguay'],[],['en'],Uruguay,grass,en,5.0,False
['Uruguay'],[],['en'],Uruguay,ventajero,en,1.0,False
['Argentina'],[],['en'],Argentina,loud,en,3.0,False
['Argentina'],[],['en'],Paraguay,loud,en,5.0,True
['Mexico'],[],['en'],Mexico,beautiful beaches,en,5.0,False
['Uruguay'],[],['en'],Uruguay,asado,en,5.0,False
['Argentina'],[],['en'],Argentina,humble,en,1.0,False
['Argentina'],[],['en'],Bolivia,humble,en,5.0,True
['Uruguay'],[],['en'],Uruguay,i speak spanish,en,1.0,False
['Argentina'],[],['en'],Argentina,large,en,5.0,False
['Argentina'],[],['en'],Australia,large,en,5.0,True
['Argentina'],[],['en'],United States,large,en,5.0,True
['Argentina'],[],['en'],China,large,en,5.0,True
['Argentina'],[],['en'],Russia,large,en,5.0,True
['Argentina'],[],['en'],Argentina,play football,en,5.0,True
['Argentina'],[],['en'],Argentina,eat asado,en,5.0,True
['Argentina'],[],['en'],Argentina,maradona,en,5.0,True
['Argentina'],[],['en'],Argentina,salmon,en,1.0,False
['Argentina'],[],['en'],Chile,salmon,en,5.0,True
['Uruguay'],[],['en'],Uruguay,football,en,5.0,False
['Mexico'],[],['en'],Mexico,salmon,en,1.0,False
['Mexico'],[],['en'],Canada,salmon,en,5.0,True
['Uruguay'],[],['en'],Uruguay,ventajero,en,2.0,False
['Uruguay'],[],['en'],Uruguay,relaxed,en,5.0,False
['Argentina'],[],['en'],Argentina,salmon,en,5.0,False
['Argentina'],[],['en'],Argentina,salmon,en,5.0,False
['Uruguay'],[],['en'],Uruguay,kindness,en,4.0,False
['Argentina'],[],['en'],Argentina,salmon,en,1.0,False
['Argentina'],[],['en'],Russia,salmon,en,5.0,True
['Argentina'],[],['en'],Argentina,play football,en,5.0,True
['Argentina'],[],['en'],Argentina,eat asado,en,5.0,True
['Argentina'],[],['en'],Argentina,maradona,en,5.0,True
['Cuba'],[],['en'],Cuba,good education,en,5.0,False
['Cuba'],[],['en'],Switzerland,good education,en,5.0,True
['Cuba'],[],['en'],Cuba,diverse people,en,5.0,True
['Uruguay'],[],['en'],Uruguay,tango,en,4.0,False
['Uruguay'],[],['en'],Uruguay,ventajero,en,3.0,False
['Uruguay'],[],['en'],Argentina,ventajero,en,5.0,True
['Uruguay'],[],['en'],Uruguay,garra charrua,en,5.0,True
['Uruguay'],[],['en'],Uruguay,dulce de leche,en,5.0,False
['Uruguay'],[],['en'],Uruguay,garra charrua,en,5.0,False
['Argentina'],[],['en'],Argentina,asado,en,5.0,False
['Argentina'],[],['en'],Brazil,asado,en,5.0,True
['Argentina'],[],['en'],Argentina,depressive,en,5.0,True
['Argentina'],[],['en'],Colombia,i speak spanish,en,5.0,False
['Argentina'],[],['en'],Argentina,i speak spanish,en,5.0,True
['Mexico'],[],['en'],Mexico,criminality,en,4.0,False
['Mexico'],[],['en'],Colombia,criminality,en,5.0,True
['Mexico'],[],['en'],Ecuador,criminality,en,5.0,True
['Mexico'],[],['en'],Cuba,criminality,en,5.0,True
['Mexico'],[],['en'],DR Congo,criminality,en,5.0,True
['Mexico'],[],['en'],Haiti,criminality,en,5.0,True
['Mexico'],[],['en'],United States,criminality,en,5.0,True
['Mexico'],[],['en'],Ghana,criminality,en,5.0,True
['Mexico'],[],['en'],North Korea,criminality,en,5.0,True
['Mexico'],[],['en'],Russia,criminality,en,5.0,True
['Mexico'],[],['en'],El Salvador,criminality,en,5.0,True
['Mexico'],[],['en'],Honduras,criminality,en,5.0,True
['Mexico'],[],['en'],Zimbabwe,criminality,en,5.0,True
['Mexico'],[],['en'],South Sudan,criminality,en,5.0,True
['Mexico'],[],['en'],Sudan,criminality,en,5.0,True
['Uruguay'],[],['en'],Uruguay,garra charrua,en,5.0,False
['Uruguay'],[],['en'],Uruguay,need to corroborate our small existence,en,1.0,False
['Uruguay'],[],['en'],Uruguay,marihuana,en,5.0,True
['Uruguay'],[],['en'],Uruguay,plain,en,5.0,False
['Argentina'],[],['en'],Argentina,large,en,4.0,False
['Argentina'],[],['en'],Argentina,tango,en,5.0,True
['Uruguay'],[],['en'],Uruguay,drink mate,en,5.0,False
['Uruguay'],[],['en'],Uruguay,weed,en,5.0,True
['Uruguay'],[],['en'],Uruguay,rambla,en,,False
['Argentina'],[],['en'],Argentina,depressive,en,1.0,False
['Argentina'],[],['en'],Finland,depressive,en,5.0,True
['Uruguay'],[],['en'],Uruguay,marihuana,en,5.0,False
['Uruguay'],[],['en'],Uruguay,weed,en,5.0,False
['Uruguay'],[],['en'],Uruguay,pepe mujica,en,5.0,True
['Costa Rica'],[],['en'],Costa Rica,i speak spanish,en,5.0,False
['Costa Rica'],[],['en'],Cuba,i speak spanish,en,5.0,True
['Costa Rica'],[],['en'],Costa Rica,comen mucho en el desayuno,en,5.0,True
['Argentina'],[],['en'],Argentina,depressive,en,1.0,False
['Argentina'],[],['en'],Finland,depressive,en,5.0,True
['Uruguay'],[],['en'],Uruguay,weed,en,5.0,False
['Cuba'],[],['en'],Cuba,good education,en,5.0,False
['Cuba'],[],['en'],Finland,good education,en,5.0,True
['Cuba'],[],['en'],Cuba,lot of old and classics american cars,en,5.0,True
['Argentina'],[],['en'],Argentina,depressive,en,4.0,False
['Argentina'],[],['en'],Venezuela,depressive,en,5.0,True
['Argentina'],[],['en'],Argentina,play football,en,5.0,True
['Argentina'],[],['en'],Argentina,eat asado,en,5.0,True
['Argentina'],[],['en'],Argentina,maradona,en,5.0,True
['Uruguay'],[],['en'],Uruguay,pepe mujica,en,5.0,False
['Brazil'],[],['en'],Brazil,great beaches,en,5.0,False
['Brazil'],[],['en'],Mexico,great beaches,en,5.0,True
['Brazil'],[],['en'],Brazil,carnival,en,5.0,True
['Argentina'],[],['en'],Argentina,depressive,en,5.0,False
['Argentina'],[],['en'],Finland,depressive,en,5.0,True
['Argentina'],[],['en'],Argentina,resilience,en,4.0,False
['Argentina'],[],['en'],Argentina,molestos,en,5.0,True
['Uruguay'],[],['en'],Uruguay,pepe mujica,en,5.0,False
['Uruguay'],[],['en'],Uruguay,progressist,en,5.0,True
['Argentina'],[],['en'],France,seafood,en,3.0,False
['Argentina'],[],['en'],Spain,seafood,en,5.0,True
['Argentina'],[],['en'],France,play football,en,5.0,True
['Argentina'],[],['en'],France,eat asado,en,5.0,True
['Argentina'],[],['en'],France,maradona,en,5.0,True
['Argentina'],[],['en'],France,facturas,en,3.0,False
['Argentina'],[],['en'],Argentina,facturas,en,5.0,True
['Argentina'],[],['en'],Argentina,depressive,en,2.0,False
['Argentina'],[],['en'],Japan,depressive,en,5.0,True
['Argentina'],[],['en'],South Korea,depressive,en,5.0,True
['Nicaragua'],[],['en'],Nicaragua,lakes,en,4.0,False
['Nicaragua'],[],['en'],Canada,lakes,en,5.0,True
['Nicaragua'],[],['en'],Nicaragua,volcanoes,en,5.0,True
['Argentina'],[],['en'],Argentina,loud,en,5.0,False
['Argentina'],[],['en'],Italy,loud,en,5.0,True
['Spain'],[],['en'],Spain,colonialism,en,5.0,False
['Spain'],[],['en'],United Kingdom,colonialism,en,5.0,True
['Spain'],[],['en'],France,colonialism,en,5.0,True
['Spain'],[],['en'],Netherlands,colonialism,en,5.0,True
['Uruguay'],[],['en'],Uruguay,futbol,en,5.0,False
['Uruguay'],[],['en'],Uruguay,cavani,en,5.0,True
['Argentina'],[],['en'],Argentina,molestos,en,4.0,False
['Argentina'],[],['en'],Mexico,molestos,en,5.0,True
['Argentina'],[],['en'],Argentina,play football,en,5.0,True
['Argentina'],[],['en'],Argentina,eat asado,en,5.0,True
['Argentina'],[],['en'],Argentina,maradona,en,5.0,True
['Uruguay'],[],['en'],Uruguay,cavani,en,5.0,False
['Uruguay'],[],['en'],Uruguay,uruguay es el mejor pais,en,5.0,True
"['Peru', 'Brazil']",[],['en'],Brazil,warm,en,5.0,False
"['Peru', 'Brazil']",[],['en'],Chile,warm,en,5.0,True
"['Peru', 'Brazil']",[],['en'],Brazil,diverse,en,5.0,True
['Argentina'],[],['en'],Argentina,molestos,en,4.0,False
['Argentina'],[],['en'],Mexico,molestos,en,5.0,True
['Argentina'],[],['en'],Argentina,play football,en,5.0,True
['Argentina'],[],['en'],Argentina,eat asado,en,5.0,True
['Argentina'],[],['en'],Argentina,maradona,en,5.0,True
['Argentina'],[],['en'],Argentina,molestos,en,1.0,False
['Argentina'],[],['en'],Nigeria,molestos,en,5.0,True
['Uruguay'],[],['en'],Uruguay,marihuana,en,5.0,False
['Uruguay'],[],['en'],Uruguay,agrandado,en,3.0,False
['Uruguay'],[],['en'],Argentina,agrandado,en,5.0,True
['Argentina'],[],['en'],Argentina,salmon,en,1.0,False
['Argentina'],[],['en'],Chile,salmon,en,5.0,True
['Uruguay'],[],['en'],Uruguay,uruguay es el mejor pais,en,4.0,False
['Brazil'],[],['en'],Brazil,beef,en,1.0,False
['Brazil'],[],['en'],Argentina,beef,en,5.0,True
['Brazil'],[],['en'],Brazil,plastic surgery,en,5.0,True
['Mexico'],[],['en'],Mexico,disregard for rules,en,5.0,False
['Mexico'],[],['en'],Russia,disregard for rules,en,5.0,True
['Mexico'],[],['en'],South Sudan,disregard for rules,en,5.0,True
['Mexico'],[],['en'],North Korea,disregard for rules,en,5.0,True
['Mexico'],[],['en'],United States,disregard for rules,en,5.0,True
['Mexico'],[],['en'],Haiti,disregard for rules,en,5.0,True
['Brazil'],[],['en'],Brazil,kind,en,5.0,False
['Argentina'],[],['en'],Argentina,molestos,en,3.0,False
['Argentina'],[],['en'],United States,molestos,en,5.0,True
['Argentina'],[],['en'],France,molestos,en,5.0,True
['Argentina'],[],['en'],China,molestos,en,5.0,True
['Cuba'],[],['en'],Cuba,diverse people,en,4.0,False
['Cuba'],[],['en'],Uruguay,diverse people,en,5.0,True
['Cuba'],[],['en'],Cuba,good at baseball,en,5.0,True
['Argentina'],[],['en'],United States,disregard for rules,en,1.0,False
['Argentina'],[],['en'],Argentina,disregard for rules,en,5.0,True
['Uruguay'],[],['en'],Uruguay,uruguay es el mejor pais,en,5.0,False
['Uruguay'],[],['en'],Uruguay,mejor que francia y mejor que paris,en,5.0,True
"['Colombia', 'Costa Rica']",[],['en'],Costa Rica,beautifull natural landscapes,en,5.0,False
"['Colombia', 'Costa Rica']",[],['en'],Chile,beautifull natural landscapes,en,5.0,True
"['Colombia', 'Costa Rica']",[],['en'],Argentina,beautifull natural landscapes,en,5.0,True
"['Colombia', 'Costa Rica']",[],['en'],Switzerland,beautifull natural landscapes,en,5.0,True
"['Colombia', 'Costa Rica']",[],['en'],Costa Rica,good nature,en,5.0,True
"['Colombia', 'Costa Rica']",[],['en'],Costa Rica,green,en,5.0,True
"['Colombia', 'Costa Rica']",[],['en'],Costa Rica,ecological,en,5.0,True
['Uruguay'],[],['en'],Uruguay,playas,en,4.0,False
['Uruguay'],[],['en'],Mexico,playas,en,5.0,True
['Argentina'],[],['en'],Argentina,molestos,en,4.0,False
['Argentina'],[],['en'],Mexico,molestos,en,5.0,True
['Argentina'],[],['en'],Argentina,play football,en,5.0,True
['Argentina'],[],['en'],Argentina,eat asado,en,5.0,True
['Argentina'],[],['en'],Argentina,maradona,en,5.0,True
['Argentina'],[],['en'],South Sudan,criminality,en,5.0,False
['Uruguay'],[],['en'],Uruguay,diverse people,en,5.0,False
['Uruguay'],[],['en'],Uruguay,rights,en,5.0,True
['Uruguay'],[],['en'],Uruguay,mejor que francia y mejor que paris,en,5.0,False
['Nicaragua'],[],['en'],Nicaragua,poverty,en,,False
['Nicaragua'],[],['en'],Nicaragua,warm,en,5.0,True
['Brazil'],[],['en'],Brazil,spanish speaker,en,1.0,False
['Brazil'],[],['en'],Argentina,spanish speaker,en,5.0,True
['Brazil'],[],['en'],Chile,spanish speaker,en,5.0,True
['Brazil'],[],['en'],Spain,spanish speaker,en,5.0,True
['Brazil'],[],['en'],Uruguay,spanish speaker,en,5.0,True
['Brazil'],[],['en'],Venezuela,spanish speaker,en,5.0,True
['Brazil'],[],['en'],Brazil,portuguese speaker,en,5.0,True
['Uruguay'],[],['en'],Uruguay,rights,en,5.0,False
['Uruguay'],[],['en'],Uruguay,spanish speaker,en,5.0,False
['Uruguay'],[],['en'],Uruguay,diverse people,en,4.0,False
['Uruguay'],[],['en'],Argentina,diverse people,en,5.0,True
['Argentina'],[],['en'],Argentina,cordillera de los andes,en,3.0,False
['Argentina'],[],['en'],Argentina,beautifull natural landscapes,en,5.0,False
['Argentina'],[],['en'],Chile,beautifull natural landscapes,en,5.0,True
['Argentina'],[],['en'],Brazil,beautifull natural landscapes,en,5.0,True
['Argentina'],[],['en'],Argentina,play football,en,5.0,True
['Argentina'],[],['en'],Argentina,eat asado,en,5.0,True
['Argentina'],[],['en'],Argentina,maradona,en,5.0,True
['Uruguay'],[],['en'],Uruguay,diverse people,en,5.0,False
['Uruguay'],[],['en'],Uruguay,respect,en,5.0,True
['Argentina'],[],['en'],Argentina,beautifull natural landscapes,en,4.0,False
['Argentina'],[],['en'],Argentina,diverse people,en,3.0,False
['Argentina'],[],['en'],Argentina,large,en,5.0,False
['Argentina'],[],['en'],Russia,large,en,5.0,True
['Argentina'],[],['en'],China,large,en,5.0,True
['Argentina'],[],['en'],Canada,large,en,5.0,True
['Argentina'],[],['en'],United States,large,en,5.0,True
['Argentina'],[],['en'],India,large,en,5.0,True
['Argentina'],[],['en'],Argentina,economical instability,en,5.0,True
['Argentina'],[],['en'],Argentina,inflation,en,5.0,True
['Argentina'],[],['en'],Argentina,human rights,en,5.0,True
['Argentina'],[],['en'],Argentina,beautifull natural landscapes,en,5.0,False
['Argentina'],[],['en'],Croatia,beautifull natural landscapes,en,5.0,True
['Mexico'],[],['en'],Mexico,molestos,en,1.0,False
['Mexico'],[],['en'],Israel,molestos,en,5.0,True
['Argentina'],[],['en'],Argentina,spanish speaker,en,5.0,False
['Uruguay'],[],['en'],Uruguay,respect,en,5.0,False
['Uruguay'],[],['en'],Uruguay,colaborative,en,5.0,True
['Argentina'],[],['en'],El Salvador,chiquitito,en,4.0,False
['Argentina'],[],['en'],Argentina,inflation,en,5.0,False
['Argentina'],[],['en'],Argentina,economical instability,en,5.0,False
['Argentina'],[],['en'],Argentina,spanish speaker,en,5.0,False
['Argentina'],[],['en'],Uruguay,spanish speaker,en,5.0,True
['Argentina'],[],['en'],Spain,spanish speaker,en,5.0,True
['Argentina'],[],['en'],Colombia,spanish speaker,en,5.0,True
['Argentina'],[],['en'],Argentina,play football,en,5.0,True
['Argentina'],[],['en'],Argentina,eat asado,en,5.0,True
['Argentina'],[],['en'],Argentina,maradona,en,5.0,True
['Mexico'],[],['en'],Mexico,i eat beans,en,5.0,False
['Argentina'],[],['en'],Argentina,human rights,en,3.0,False
['Argentina'],[],['en'],Argentina,economical instability,en,5.0,False
['Argentina'],[],['en'],Argentina,diverse people,en,3.0,False
['Uruguay'],[],['en'],Uruguay,colaborative,en,5.0,False
['Uruguay'],[],['en'],Uruguay,dulce de leche,en,5.0,True
['Argentina'],[],['en'],Argentina,human rights,en,5.0,False
['Argentina'],[],['en'],Germany,human rights,en,5.0,True
['Argentina'],[],['en'],Argentina,play football,en,5.0,True
['Argentina'],[],['en'],Argentina,eat asado,en,5.0,True
['Argentina'],[],['en'],Argentina,maradona,en,5.0,True
"['Colombia', 'Costa Rica']",[],['en'],Colombia,friendship,en,4.0,False
"['Colombia', 'Costa Rica']",[],['en'],Brazil,friendship,en,5.0,True
"['Colombia', 'Costa Rica']",[],['en'],Costa Rica,friendship,en,5.0,True
['Chile'],[],['en'],Chile,seafood,en,5.0,False
['Chile'],[],['en'],Chile,salitre,en,5.0,True
['Chile'],[],['en'],Chile,cobre,en,5.0,True
['Chile'],[],['en'],Chile,salmon,en,5.0,True
['Chile'],[],['en'],Chile,feo,en,5.0,True
['Chile'],[],['en'],Chile,seco,en,5.0,True
['Chile'],[],['en'],Chile,largo,en,5.0,True
['Chile'],[],['en'],Chile,mucho mar,en,5.0,True
['Chile'],[],['en'],Chile,islas,en,5.0,True
['Chile'],[],['en'],Chile,patagonia,en,5.0,True
['Chile'],[],['en'],Chile,diferentes climas,en,5.0,True
['Chile'],[],['en'],Chile,diferentes terrenos,en,5.0,True
['Chile'],[],['en'],Chile,bosques,en,5.0,True
['Chile'],[],['en'],Chile,carretera austral,en,5.0,True
['Chile'],[],['en'],Chile,valparaiso,en,5.0,True
['Chile'],[],['en'],Chile,viña del mar,en,5.0,True
['Argentina'],[],['en'],Argentina,diverse people,en,4.0,False
['Argentina'],[],['en'],Argentina,human rights,en,3.0,False
['Argentina'],[],['en'],Argentina,human rights,en,4.0,False
['Argentina'],[],['en'],United Kingdom,human rights,en,5.0,True
['Argentina'],[],['en'],Argentina,inflation,en,5.0,False
['Argentina'],[],['en'],Argentina,inflation,en,5.0,False
['Uruguay'],[],['en'],Uruguay,alfajor,en,5.0,False
['Uruguay'],[],['en'],Costa Rica,alfajor,en,5.0,True
['Uruguay'],[],['en'],Uruguay,secure,en,5.0,True
['Argentina'],[],['en'],Argentina,inflation,en,5.0,False
['Argentina'],[],['en'],Argentina,inflation,en,5.0,False
['Argentina'],[],['en'],Venezuela,inflation,en,5.0,True
['Argentina'],[],['en'],Greece,inflation,en,5.0,True
['Argentina'],[],['en'],Argentina,play football,en,5.0,True
['Argentina'],[],['en'],Argentina,eat asado,en,5.0,True
['Argentina'],[],['en'],Argentina,maradona,en,5.0,True
['Argentina'],[],['en'],Argentina,economical instability,en,5.0,False
['Argentina'],[],['en'],Argentina,economical instability,en,5.0,False
['Uruguay'],[],['en'],Uruguay,gardel,en,4.0,False
['Uruguay'],[],['en'],Argentina,gardel,en,5.0,True
"['Peru', 'Brazil']",[],['en'],Brazil,asado,en,2.0,False
"['Peru', 'Brazil']",[],['en'],Argentina,asado,en,5.0,True
"['Peru', 'Brazil']",[],['en'],Uruguay,asado,en,5.0,True
"['Peru', 'Brazil']",[],['en'],Brazil,churrasco,en,5.0,True
['Argentina'],[],['en'],Argentina,spanish speaker,en,5.0,False
['Argentina'],[],['en'],Argentina,inflation,en,5.0,False
['Argentina'],[],['en'],Venezuela,inflation,en,5.0,True
['Argentina'],[],['en'],Argentina,gardel,en,5.0,False
['Argentina'],[],['en'],Argentina,spanish speaker,en,5.0,False
['Argentina'],[],['en'],Argentina,gardel,en,3.0,False
['Argentina'],[],['en'],Argentina,gardel,en,5.0,False
['Argentina'],[],['en'],Argentina,gardel,en,3.0,False
['Argentina'],[],['en'],Argentina,gardel,en,5.0,False
['Argentina'],[],['en'],Uruguay,gardel,en,5.0,True
['Argentina'],[],['en'],Argentina,play football,en,5.0,True
['Argentina'],[],['en'],Argentina,eat asado,en,5.0,True
['Argentina'],[],['en'],Argentina,maradona,en,5.0,True
['Argentina'],[],['en'],Switzerland,i speak spanish,en,1.0,False
['Argentina'],[],['en'],Honduras,criminality,en,4.0,False
['Chile'],[],['en'],Chile,warm,en,1.0,False
['Chile'],[],['en'],Brazil,warm,en,5.0,True
['Chile'],[],['en'],Chile,cold,en,5.0,True
['Argentina'],[],['en'],Argentina,gardel,en,4.0,False
['Argentina'],[],['en'],France,gardel,en,5.0,True
['Argentina'],[],['en'],Uruguay,gardel,en,5.0,True
['Argentina'],[],['en'],Italy,noisy,en,4.0,False
['Uruguay'],[],['en'],Uruguay,kind,en,,False
['Uruguay'],[],['en'],Chile,kind,en,5.0,True
['Uruguay'],[],['en'],Uruguay,nice,en,5.0,True
['Argentina'],[],['en'],El Salvador,criminality,en,4.0,False
['Argentina'],[],['en'],Venezuela,spanish speaker,en,5.0,False
['Mexico'],[],['en'],Mexico,diverse,en,5.0,False
['Mexico'],[],['en'],United States,diverse,en,5.0,True
['Mexico'],[],['en'],United Arab Emirates,diverse,en,5.0,True
['Mexico'],[],['en'],Colombia,diverse,en,5.0,True
['Mexico'],[],['en'],United Kingdom,diverse,en,5.0,True
['Mexico'],[],['en'],France,diverse,en,5.0,True
['Mexico'],[],['en'],Canada,diverse,en,5.0,True
['Mexico'],[],['en'],South Africa,diverse,en,5.0,True
['Argentina'],[],['en'],Argentina,economical instability,en,5.0,False
['Uruguay'],[],['en'],Uruguay,kind,en,4.0,False
['Uruguay'],[],['en'],Spain,kind,en,5.0,True
['Brazil'],[],['en'],Brazil,kind,en,5.0,False
['Brazil'],[],['en'],Colombia,kind,en,5.0,True
['Brazil'],[],['en'],Argentina,kind,en,5.0,True
['Brazil'],[],['en'],Peru,kind,en,5.0,True
['Brazil'],[],['en'],Brazil,carnival,en,5.0,True
['Brazil'],[],['en'],Brazil,beach,en,5.0,True
['Costa Rica'],[],['en'],Costa Rica,green,en,5.0,False
['Costa Rica'],[],['en'],Germany,green,en,5.0,True
['Costa Rica'],[],['en'],Costa Rica,playas paradisiacas,en,5.0,True
['Cuba'],[],['en'],Cuba,criminality,en,1.0,False
['Cuba'],[],['en'],Ecuador,criminality,en,5.0,True
['Cuba'],[],['en'],Cuba,promiscuous,en,5.0,True
['Argentina'],[],['en'],Chile,warm,en,1.0,False
['Argentina'],[],['en'],Chile,not supportive,en,5.0,True
['Uruguay'],[],['en'],Uruguay,cavani,en,,False
['Uruguay'],[],['en'],Argentina,cavani,en,5.0,True
['Uruguay'],[],['en'],Italy,cavani,en,5.0,True
['Uruguay'],[],['en'],Uruguay,great soccer players,en,5.0,True
['Uruguay'],[],['en'],Uruguay,asado,en,5.0,False
['Uruguay'],[],['en'],Argentina,asado,en,5.0,True
['Argentina'],[],['en'],Argentina,kind,en,5.0,False
['Argentina'],[],['en'],Peru,kind,en,5.0,True
['Argentina'],[],['en'],El Salvador,friendly,en,3.0,False
['Argentina'],[],['en'],El Salvador,gangs,en,5.0,True
['Mexico'],[],['en'],Mexico,great beaches,en,5.0,False
['Mexico'],[],['en'],Greece,great beaches,en,5.0,True
['Mexico'],[],['en'],Brazil,great beaches,en,5.0,True
['Mexico'],[],['en'],Spain,great beaches,en,5.0,True
['Mexico'],[],['en'],Morocco,great beaches,en,5.0,True
['Mexico'],[],['en'],Cuba,great beaches,en,5.0,True
['Brazil'],[],['en'],Brazil,inequality,en,4.0,False
['Argentina'],[],['en'],Argentina,cavani,en,3.0,False
['Argentina'],[],['en'],Uruguay,cavani,en,5.0,True
['Argentina'],[],['en'],Argentina,competitive,en,5.0,False
['Mexico'],[],['en'],Mexico,i eat tacos,en,5.0,False
"['Peru', 'Brazil']",[],['en'],Brazil,gently people,en,5.0,False
"['Peru', 'Brazil']",[],['en'],Canada,gently people,en,5.0,True
"['Peru', 'Brazil']",[],['en'],Brazil,open-minded people,en,5.0,True
['Uruguay'],[],['en'],Uruguay,world champion,en,5.0,False
['Uruguay'],[],['en'],Uruguay,non competitive,en,5.0,True
['Argentina'],[],['en'],France,colonialism,en,4.0,False
['Argentina'],[],['en'],United Kingdom,colonialism,en,5.0,True
['Argentina'],[],['en'],France,bread,en,5.0,True
['Argentina'],[],['en'],France,xenophobic,en,5.0,True
['Argentina'],[],['en'],United States,disregard for rules,en,5.0,False
['Argentina'],[],['en'],United States,entitled,en,5.0,True
['Argentina'],[],['en'],United States,ignorant,en,5.0,True
['Argentina'],[],['en'],United States,colonialists,en,5.0,True
['Argentina'],[],['en'],United States,belligerent,en,5.0,True
['Argentina'],[],['en'],United States,invaders,en,5.0,True
['Argentina'],[],['en'],Argentina,cavani,en,4.0,False
['Argentina'],[],['en'],Uruguay,cavani,en,5.0,True
['Argentina'],[],['en'],Argentina,cavani,en,2.0,False
['Argentina'],[],['en'],Argentina,cavani,en,1.0,False
['Argentina'],[],['en'],Uruguay,cavani,en,5.0,True
['Uruguay'],[],['en'],Uruguay,non competitive,en,5.0,False
['Uruguay'],[],['en'],Uruguay,humble,en,5.0,True
"['Colombia', 'Costa Rica']",[],['en'],Colombia,sopaipillas,en,1.0,False
"['Colombia', 'Costa Rica']",[],['en'],Chile,sopaipillas,en,5.0,True
"['Colombia', 'Costa Rica']",[],['en'],Bolivia,sopaipillas,en,5.0,True
"['Colombia', 'Costa Rica']",[],['en'],Colombia,bandeja paisa,en,5.0,True
"['Colombia', 'Costa Rica']",[],['en'],Colombia,buñuelo,en,5.0,True
"['Colombia', 'Costa Rica']",[],['en'],Colombia,almohabana,en,5.0,True
['Nicaragua'],[],['en'],Nicaragua,volcanoes,en,,False
['Nicaragua'],[],['en'],Chile,volcanoes,en,5.0,True
['Nicaragua'],[],['en'],Nicaragua,hot,en,5.0,True
['Argentina'],[],['en'],Argentina,kind,en,3.0,False
['Argentina'],[],['en'],Argentina,kind,en,3.0,False
['Uruguay'],[],['en'],Uruguay,tortafrita,en,5.0,False
['Uruguay'],[],['en'],Uruguay,pasta,en,5.0,True
['Uruguay'],[],['en'],Uruguay,world champion,en,3.0,False
['Argentina'],[],['en'],Israel,molestos,en,5.0,False
['Argentina'],[],['en'],Mexico,molestos,en,5.0,True
['Argentina'],[],['en'],Israel,warmongers,en,5.0,True
['Argentina'],[],['en'],Israel,conquerors,en,5.0,True
['Argentina'],[],['en'],Israel,occupy lands,en,5.0,True
['Argentina'],[],['en'],Argentina,kind,en,5.0,False
['Argentina'],[],['en'],Peru,kind,en,5.0,True
['Uruguay'],[],['en'],Uruguay,pasta,en,5.0,False
['Uruguay'],[],['en'],Uruguay,pizza,en,5.0,True
['Spain'],[],['en'],Spain,speak loudly,en,5.0,False
['Spain'],[],['en'],Italy,speak loudly,en,5.0,True
['Spain'],[],['en'],Spain,like bullfighting,en,5.0,True
['Argentina'],[],['en'],Argentina,kind,en,2.0,False
['Argentina'],[],['en'],Uruguay,kind,en,5.0,True
['Costa Rica'],[],['en'],Costa Rica,good nature,en,,False
['Costa Rica'],[],['en'],Argentina,good nature,en,5.0,True
['Costa Rica'],[],['en'],Costa Rica,a todo le echan salsa lizano,en,5.0,True
"['Colombia', 'Costa Rica']",[],['en'],Colombia,hot,en,5.0,False
"['Colombia', 'Costa Rica']",[],['en'],Brazil,hot,en,5.0,True
['Uruguay'],[],['en'],Uruguay,pizza,en,5.0,False
['Uruguay'],[],['en'],Uruguay,churros,en,5.0,True
['Argentina'],[],['en'],Argentina,kind,en,3.0,False
['Argentina'],[],['en'],Paraguay,kind,en,5.0,True
['Uruguay'],[],['en'],Uruguay,colaborative,en,,False
['Uruguay'],[],['en'],Chile,colaborative,en,5.0,True
['Uruguay'],[],['en'],Cuba,colaborative,en,5.0,True
['Uruguay'],[],['en'],Uruguay,rebel province,en,5.0,True
['Mexico'],[],['en'],Mexico,creative problem solvers,en,5.0,False
['Mexico'],[],['en'],United States,creative problem solvers,en,5.0,True
['Mexico'],[],['en'],United Kingdom,creative problem solvers,en,5.0,True
['Mexico'],[],['en'],Japan,creative problem solvers,en,5.0,True
['Mexico'],[],['en'],India,creative problem solvers,en,5.0,True
['Argentina'],[],['en'],Argentina,kind,en,2.0,False
['Argentina'],[],['en'],Argentina,good education,en,5.0,True
"['Colombia', 'Costa Rica']",[],['en'],Colombia,diverse,en,5.0,False
['Argentina'],[],['en'],Spain,spanish speaker,en,5.0,False
['Argentina'],[],['en'],Cuba,spanish speaker,en,5.0,True
['Argentina'],[],['en'],Ecuador,spanish speaker,en,5.0,True
['Argentina'],[],['en'],Argentina,spanish speaker,en,5.0,False
['Argentina'],[],['en'],Mexico,spanish speaker,en,5.0,True
['Argentina'],[],['en'],Guatemala,spanish speaker,en,5.0,True
['Argentina'],[],['en'],El Salvador,spanish speaker,en,5.0,True
['Argentina'],[],['en'],Honduras,spanish speaker,en,5.0,True
['Argentina'],[],['en'],Panama,spanish speaker,en,5.0,True
['Argentina'],[],['en'],Nicaragua,spanish speaker,en,5.0,True
['Argentina'],[],['en'],Dominican Republic,spanish speaker,en,5.0,True
['Argentina'],[],['en'],Cuba,spanish speaker,en,5.0,True
['Argentina'],[],['en'],Costa Rica,spanish speaker,en,5.0,True
['Argentina'],[],['en'],Venezuela,spanish speaker,en,5.0,True
['Argentina'],[],['en'],Ecuador,spanish speaker,en,5.0,True
['Argentina'],[],['en'],Colombia,spanish speaker,en,5.0,True
['Argentina'],[],['en'],Bolivia,spanish speaker,en,5.0,True
['Argentina'],[],['en'],Chile,spanish speaker,en,5.0,True
['Argentina'],[],['en'],Paraguay,spanish speaker,en,5.0,True
['Argentina'],[],['en'],Spain,spanish speaker,en,5.0,True
['Argentina'],[],['en'],Uruguay,spanish speaker,en,5.0,True
['Argentina'],[],['en'],United Kingdom,capitlaism,en,4.0,False
['Argentina'],[],['en'],United States,capitlaism,en,5.0,True
['Spain'],[],['en'],Spain,seafood,en,4.0,False
['Spain'],[],['en'],Spain,eat paella,en,5.0,True
['Uruguay'],[],['en'],Uruguay,churros,en,5.0,False
['Uruguay'],[],['en'],Uruguay,murga,en,5.0,True
['Argentina'],[],['en'],Argentina,good nature,en,5.0,False
['Argentina'],[],['en'],Costa Rica,good nature,en,5.0,True
['Argentina'],[],['en'],Argentina,good nature,en,3.0,False
['Argentina'],[],['en'],Uruguay,good nature,en,5.0,True
['Costa Rica'],[],['en'],Costa Rica,friendship,en,,False
['Costa Rica'],[],['en'],Nicaragua,friendship,en,5.0,True
['Costa Rica'],[],['en'],Costa Rica,gallo pinto,en,5.0,True
['Argentina'],[],['en'],Germany,bad humor,en,5.0,False
['Argentina'],[],['en'],Germany,fascism,en,5.0,True
['Uruguay'],[],['en'],Uruguay,murga,en,5.0,False
['Uruguay'],[],['en'],Uruguay,candombe,en,5.0,True
['Uruguay'],[],['en'],Uruguay,great soccer players,en,4.0,False
['Uruguay'],[],['en'],Brazil,great soccer players,en,5.0,True
['Uruguay'],[],['en'],Argentina,great soccer players,en,5.0,True
['Uruguay'],[],['en'],France,great soccer players,en,5.0,True
['Uruguay'],[],['en'],Italy,great soccer players,en,5.0,True
['Uruguay'],[],['en'],Germany,great soccer players,en,5.0,True
['Cuba'],[],['en'],Cuba,chiquitito,en,3.0,False
['Cuba'],[],['en'],Mexico,chiquitito,en,5.0,True
['Cuba'],[],['en'],Cuba,nice people,en,5.0,True
['Argentina'],[],['en'],Argentina,good education,en,4.0,False
['Uruguay'],[],['en'],Uruguay,rebel province,en,1.0,False
['Uruguay'],[],['en'],Uruguay,carnaval,en,5.0,True
['Argentina'],[],['en'],Argentina,good education,en,4.0,False
['Argentina'],[],['en'],United States,good education,en,5.0,True
['Argentina'],[],['en'],Argentina,great soccer players,en,5.0,False
['Argentina'],[],['en'],Argentina,good education,en,4.0,False
['Argentina'],[],['en'],Finland,good education,en,5.0,True
['Mexico'],[],['en'],Mexico,scammer,en,4.0,False
['Mexico'],[],['en'],Venezuela,scammer,en,5.0,True
['Uruguay'],[],['en'],Uruguay,churros,en,,False
['Uruguay'],[],['en'],Spain,churros,en,5.0,True
['Uruguay'],[],['en'],Argentina,churros,en,5.0,True
['Uruguay'],[],['en'],Uruguay,dulce de leche,en,5.0,True
['Uruguay'],[],['en'],Uruguay,rebel province,en,5.0,False
['Uruguay'],[],['en'],Panama,rebel province,en,5.0,True
['Argentina'],[],['en'],Argentina,good nature,en,1.0,False
['Argentina'],[],['en'],Colombia,good nature,en,5.0,True
['Argentina'],[],['en'],Argentina,argumentative,en,5.0,True
['Mexico'],[],['en'],Mexico,disregard for rules,en,3.0,False
['Argentina'],[],['en'],Argentina,great soccer players,en,5.0,False
['Argentina'],[],['en'],United Kingdom,great soccer players,en,5.0,True
['Argentina'],[],['en'],Argentina,great soccer players,en,5.0,False
['Argentina'],[],['en'],Brazil,great soccer players,en,5.0,True
['Spain'],[],['en'],Spain,play football,en,5.0,False
['Spain'],[],['en'],Brazil,play football,en,5.0,True
['Spain'],[],['en'],Argentina,play football,en,5.0,True
['Spain'],[],['en'],Spain,can dance flamenco,en,5.0,True
['Argentina'],[],['en'],Argentina,great soccer players,en,5.0,False
['Argentina'],[],['en'],Brazil,great soccer players,en,5.0,True
['Uruguay'],[],['en'],Uruguay,candombe,en,5.0,False
['Argentina'],[],['en'],Argentina,good education,en,3.0,False
['Argentina'],[],['en'],India,good education,en,5.0,True
['Argentina'],[],['en'],China,good education,en,5.0,True
['Argentina'],[],['en'],Argentina,play football,en,5.0,True
['Argentina'],[],['en'],Argentina,eat asado,en,5.0,True
['Argentina'],[],['en'],Argentina,maradona,en,5.0,True
['Argentina'],[],['en'],Argentina,churros,en,4.0,False
['Argentina'],[],['en'],Argentina,churros,en,5.0,False
['Argentina'],[],['en'],Argentina,play football,en,5.0,True
['Argentina'],[],['en'],Argentina,eat asado,en,5.0,True
['Argentina'],[],['en'],Argentina,maradona,en,5.0,True
['Argentina'],[],['en'],Argentina,argumentative,en,4.0,False
['Argentina'],[],['en'],Italy,argumentative,en,5.0,True
['Mexico'],[],['en'],Mexico,delicious gastronomy,en,5.0,False
['Mexico'],[],['en'],Italy,delicious gastronomy,en,5.0,True
['Mexico'],[],['en'],Japan,delicious gastronomy,en,5.0,True
['Cuba'],[],['en'],Cuba,spanish speaker,en,5.0,False
['Cuba'],[],['en'],Chile,spanish speaker,en,5.0,True
['Argentina'],[],['en'],Argentina,good nature,en,5.0,False
['Argentina'],[],['en'],Brazil,good nature,en,5.0,True
['Argentina'],[],['en'],Colombia,good nature,en,5.0,True
['Argentina'],[],['en'],Costa Rica,good nature,en,5.0,True
['Argentina'],[],['en'],Ecuador,good nature,en,5.0,True
['Argentina'],[],['en'],Argentina,argumentative,en,4.0,False
['Argentina'],[],['en'],Italy,argumentative,en,5.0,True
['Uruguay'],[],['en'],Uruguay,carnaval,en,5.0,False
['Uruguay'],[],['en'],Uruguay,rio,en,5.0,True
['Uruguay'],[],['en'],Uruguay,carnaval,en,5.0,False
['Uruguay'],[],['en'],Brazil,carnaval,en,5.0,True
['Uruguay'],[],['en'],Spain,carnaval,en,5.0,True
['Costa Rica'],[],['en'],Costa Rica,ecological,en,3.0,False
['Costa Rica'],[],['en'],Switzerland,ecological,en,5.0,True
['Costa Rica'],[],['en'],Costa Rica,tomar café,en,5.0,True
['Mexico'],[],['en'],Mexico,native population,en,5.0,False
['Mexico'],[],['en'],United States,native population,en,5.0,True
['Mexico'],[],['en'],Colombia,native population,en,5.0,True
['Mexico'],[],['en'],Canada,native population,en,5.0,True
['Mexico'],[],['en'],Spain,native population,en,5.0,True
['Argentina'],[],['en'],Argentina,argumentative,en,5.0,False
['Argentina'],[],['en'],Argentina,churros,en,2.0,False
['Argentina'],[],['en'],Argentina,football,en,5.0,True
['Argentina'],[],['en'],Argentina,beef,en,5.0,True
['Argentina'],[],['en'],Argentina,tango,en,5.0,True
['Argentina'],[],['en'],Argentina,mate,en,5.0,True
['Mexico'],[],['en'],Mexico,good at sex,en,5.0,False
['Uruguay'],[],['en'],Uruguay,carnaval,en,4.0,False
['Uruguay'],[],['en'],Brazil,carnaval,en,5.0,True
['Uruguay'],[],['en'],Uruguay,money laundary,en,5.0,True
"['Chile', 'Argentina']","['Region Metropolitana (Chile)', 'Ciudad Autonoma de Buenos Aires (Argentina)']","['en', 'es']",Argentina,comida muy rica,es,5.0,False
"['Chile', 'Argentina']","['Region Metropolitana (Chile)', 'Ciudad Autonoma de Buenos Aires (Argentina)']","['en', 'es']",Peru,comida muy rica,es,5.0,True
"['Chile', 'Argentina']","['Region Metropolitana (Chile)', 'Ciudad Autonoma de Buenos Aires (Argentina)']","['en', 'es']",Brazil,comida muy rica,es,5.0,True
"['Chile', 'Argentina']","['Region Metropolitana (Chile)', 'Ciudad Autonoma de Buenos Aires (Argentina)']","['en', 'es']",Argentina,fetnet,es,5.0,True
"['Chile', 'Argentina']","['Region Metropolitana (Chile)', 'Ciudad Autonoma de Buenos Aires (Argentina)']","['en', 'es']",China,comida muy rica,es,4.0,False
"['Chile', 'Argentina']","['Region Metropolitana (Chile)', 'Ciudad Autonoma de Buenos Aires (Argentina)']","['en', 'es']",Peru,comida muy rica,es,5.0,True
"['Chile', 'Argentina']","['Region Metropolitana (Chile)', 'Ciudad Autonoma de Buenos Aires (Argentina)']","['en', 'es']",Argentina,comida muy rica,es,5.0,True
"['Chile', 'Argentina']","['Region Metropolitana (Chile)', 'Ciudad Autonoma de Buenos Aires (Argentina)']","['en', 'es']",India,comida muy rica,es,5.0,True
"['Chile', 'Argentina']","['Region Metropolitana (Chile)', 'Ciudad Autonoma de Buenos Aires (Argentina)']","['en', 'es']",Thailand,comida muy rica,es,5.0,True
"['Chile', 'Argentina']","['Region Metropolitana (Chile)', 'Ciudad Autonoma de Buenos Aires (Argentina)']","['en', 'es']",Italy,comida muy rica,es,5.0,True
"['Chile', 'Argentina']","['Region Metropolitana (Chile)', 'Ciudad Autonoma de Buenos Aires (Argentina)']","['en', 'es']",China,productos baratos,es,5.0,True
"['Chile', 'Argentina']","['Region Metropolitana (Chile)', 'Ciudad Autonoma de Buenos Aires (Argentina)']","['en', 'es']",Peru,friendly,en,5.0,False
"['Chile', 'Argentina']","['Region Metropolitana (Chile)', 'Ciudad Autonoma de Buenos Aires (Argentina)']","['en', 'es']",Argentina,friendly,en,5.0,True
"['Chile', 'Argentina']","['Region Metropolitana (Chile)', 'Ciudad Autonoma de Buenos Aires (Argentina)']","['en', 'es']",Chile,friendly,en,5.0,True
"['Chile', 'Argentina']","['Region Metropolitana (Chile)', 'Ciudad Autonoma de Buenos Aires (Argentina)']","['en', 'es']",Brazil,friendly,en,5.0,True
"['Chile', 'Argentina']","['Region Metropolitana (Chile)', 'Ciudad Autonoma de Buenos Aires (Argentina)']","['en', 'es']",Uruguay,friendly,en,5.0,True
"['Chile', 'Argentina']","['Region Metropolitana (Chile)', 'Ciudad Autonoma de Buenos Aires (Argentina)']","['en', 'es']",Colombia,friendly,en,5.0,True
"['Chile', 'Argentina']","['Region Metropolitana (Chile)', 'Ciudad Autonoma de Buenos Aires (Argentina)']","['en', 'es']",Canada,friendly,en,5.0,True
"['Chile', 'Argentina']","['Region Metropolitana (Chile)', 'Ciudad Autonoma de Buenos Aires (Argentina)']","['en', 'es']",Italy,friendly,en,5.0,True
"['Chile', 'Argentina']","['Region Metropolitana (Chile)', 'Ciudad Autonoma de Buenos Aires (Argentina)']","['en', 'es']",Spain,friendly,en,5.0,True
"['Chile', 'Argentina']","['Region Metropolitana (Chile)', 'Ciudad Autonoma de Buenos Aires (Argentina)']","['en', 'es']",Peru,friendly,en,5.0,True
"['Chile', 'Argentina']","['Region Metropolitana (Chile)', 'Ciudad Autonoma de Buenos Aires (Argentina)']","['en', 'es']",Cuba,friendly,en,5.0,True
"['Chile', 'Argentina']","['Region Metropolitana (Chile)', 'Ciudad Autonoma de Buenos Aires (Argentina)']","['en', 'es']",Mexico,friendly,en,5.0,True
"['Chile', 'Argentina']","['Region Metropolitana (Chile)', 'Ciudad Autonoma de Buenos Aires (Argentina)']","['en', 'es']",Portugal,friendly,en,5.0,True
"['Chile', 'Argentina']","['Region Metropolitana (Chile)', 'Ciudad Autonoma de Buenos Aires (Argentina)']","['en', 'es']",Peru,pisco,en,5.0,True
"['Chile', 'Argentina']","['Region Metropolitana (Chile)', 'Ciudad Autonoma de Buenos Aires (Argentina)']","['en', 'es']",Bangladesh,against euthanasia,en,1.0,False
"['Chile', 'Argentina']","['Region Metropolitana (Chile)', 'Ciudad Autonoma de Buenos Aires (Argentina)']","['en', 'es']",United States,against euthanasia,en,5.0,True
"['Chile', 'Argentina']","['Region Metropolitana (Chile)', 'Ciudad Autonoma de Buenos Aires (Argentina)']","['en', 'es']",Chile,against euthanasia,en,5.0,True
"['Chile', 'Argentina']","['Region Metropolitana (Chile)', 'Ciudad Autonoma de Buenos Aires (Argentina)']","['en', 'es']",Australia,los nacidos allí son más inteligentes,es,1.0,False
"['Chile', 'Argentina']","['Region Metropolitana (Chile)', 'Ciudad Autonoma de Buenos Aires (Argentina)']","['en', 'es']",Australia,koalas,es,5.0,True
"['Chile', 'Argentina']","['Region Metropolitana (Chile)', 'Ciudad Autonoma de Buenos Aires (Argentina)']","['en', 'es']",Australia,work and holiday,es,5.0,True
"['Chile', 'Argentina']","['Region Metropolitana (Chile)', 'Ciudad Autonoma de Buenos Aires (Argentina)']","['en', 'es']",Barbados,no se cuidan,es,1.0,False
"['Chile', 'Argentina']","['Region Metropolitana (Chile)', 'Ciudad Autonoma de Buenos Aires (Argentina)']","['en', 'es']",China,those born there are smarter,en,1.0,False
"['Chile', 'Argentina']","['Region Metropolitana (Chile)', 'Ciudad Autonoma de Buenos Aires (Argentina)']","['en', 'es']",China,manofactura,en,5.0,True
"['Chile', 'Argentina']","['Region Metropolitana (Chile)', 'Ciudad Autonoma de Buenos Aires (Argentina)']","['en', 'es']",Argentina,menos desarrollo intelectual,es,1.0,False
"['Chile', 'Argentina']","['Region Metropolitana (Chile)', 'Ciudad Autonoma de Buenos Aires (Argentina)']","['en', 'es']",Argentina,universidad publica de calidad,es,5.0,True
"['Chile', 'Argentina']","['Region Metropolitana (Chile)', 'Ciudad Autonoma de Buenos Aires (Argentina)']","['en', 'es']",China,have poor quality toys,en,3.0,False
"['Chile', 'Argentina']","['Region Metropolitana (Chile)', 'Ciudad Autonoma de Buenos Aires (Argentina)']","['en', 'es']",Bolivia,give better advice,en,1.0,False
"['Chile', 'Argentina']","['Region Metropolitana (Chile)', 'Ciudad Autonoma de Buenos Aires (Argentina)']","['en', 'es']",France,enjoy cooking,en,4.0,False
"['Chile', 'Argentina']","['Region Metropolitana (Chile)', 'Ciudad Autonoma de Buenos Aires (Argentina)']","['en', 'es']",Peru,enjoy cooking,en,5.0,True
"['Chile', 'Argentina']","['Region Metropolitana (Chile)', 'Ciudad Autonoma de Buenos Aires (Argentina)']","['en', 'es']",Mexico,enjoy cooking,en,5.0,True
"['Chile', 'Argentina']","['Region Metropolitana (Chile)', 'Ciudad Autonoma de Buenos Aires (Argentina)']","['en', 'es']",Argentina,enjoy cooking,en,5.0,True
"['Chile', 'Argentina']","['Region Metropolitana (Chile)', 'Ciudad Autonoma de Buenos Aires (Argentina)']","['en', 'es']",Italy,enjoy cooking,en,5.0,True
"['Chile', 'Argentina']","['Region Metropolitana (Chile)', 'Ciudad Autonoma de Buenos Aires (Argentina)']","['en', 'es']",Spain,enjoy cooking,en,5.0,True
"['Chile', 'Argentina']","['Region Metropolitana (Chile)', 'Ciudad Autonoma de Buenos Aires (Argentina)']","['en', 'es']",Brazil,enjoy cooking,en,5.0,True
"['Chile', 'Argentina']","['Region Metropolitana (Chile)', 'Ciudad Autonoma de Buenos Aires (Argentina)']","['en', 'es']",France,usan perfume,en,5.0,True
"['Chile', 'Argentina']","['Region Metropolitana (Chile)', 'Ciudad Autonoma de Buenos Aires (Argentina)']","['en', 'es']",Bolivia,dan mejores consejos,es,1.0,False
"['Chile', 'Argentina']","['Region Metropolitana (Chile)', 'Ciudad Autonoma de Buenos Aires (Argentina)']","['en', 'es']",Bolivia,callados,es,5.0,True
"['Chile', 'Argentina']","['Region Metropolitana (Chile)', 'Ciudad Autonoma de Buenos Aires (Argentina)']","['en', 'es']",Germany,tienen un buen manejo del dinero,es,5.0,False
"['Chile', 'Argentina']","['Region Metropolitana (Chile)', 'Ciudad Autonoma de Buenos Aires (Argentina)']","['en', 'es']",China,tienen un buen manejo del dinero,es,5.0,True
"['Chile', 'Argentina']","['Region Metropolitana (Chile)', 'Ciudad Autonoma de Buenos Aires (Argentina)']","['en', 'es']",Israel,tienen un buen manejo del dinero,es,5.0,True
"['Chile', 'Argentina']","['Region Metropolitana (Chile)', 'Ciudad Autonoma de Buenos Aires (Argentina)']","['en', 'es']",Norway,tienen un buen manejo del dinero,es,5.0,True
"['Chile', 'Argentina']","['Region Metropolitana (Chile)', 'Ciudad Autonoma de Buenos Aires (Argentina)']","['en', 'es']",Netherlands,tienen un buen manejo del dinero,es,5.0,True
"['Chile', 'Argentina']","['Region Metropolitana (Chile)', 'Ciudad Autonoma de Buenos Aires (Argentina)']","['en', 'es']",Germany,son puntuales,es,5.0,True
"['Chile', 'Argentina']","['Region Metropolitana (Chile)', 'Ciudad Autonoma de Buenos Aires (Argentina)']","['en', 'es']",Uruguay,no contratan mujeres,es,1.0,False
"['Chile', 'Argentina']","['Region Metropolitana (Chile)', 'Ciudad Autonoma de Buenos Aires (Argentina)']","['en', 'es']",Uruguay,mate,es,5.0,True
"['Chile', 'Argentina']","['Region Metropolitana (Chile)', 'Ciudad Autonoma de Buenos Aires (Argentina)']","['en', 'es']",Argentina,vulgar cinema,en,1.0,False
"['Chile', 'Argentina']","['Region Metropolitana (Chile)', 'Ciudad Autonoma de Buenos Aires (Argentina)']","['en', 'es']",Argentina,mate,en,5.0,True
"['Chile', 'Argentina']","['Region Metropolitana (Chile)', 'Ciudad Autonoma de Buenos Aires (Argentina)']","['en', 'es']",Bolivia,xenófobo,es,2.0,False
"['Chile', 'Argentina']","['Region Metropolitana (Chile)', 'Ciudad Autonoma de Buenos Aires (Argentina)']","['en', 'es']",Chile,xenófobo,es,5.0,True
"['Chile', 'Argentina']","['Region Metropolitana (Chile)', 'Ciudad Autonoma de Buenos Aires (Argentina)']","['en', 'es']",United States,xenófobo,es,5.0,True
"['Chile', 'Argentina']","['Region Metropolitana (Chile)', 'Ciudad Autonoma de Buenos Aires (Argentina)']","['en', 'es']",France,xenófobo,es,5.0,True
"['Chile', 'Argentina']","['Region Metropolitana (Chile)', 'Ciudad Autonoma de Buenos Aires (Argentina)']","['en', 'es']",Bolivia,gastan más dinero,es,1.0,False
"['Chile', 'Argentina']","['Region Metropolitana (Chile)', 'Ciudad Autonoma de Buenos Aires (Argentina)']","['en', 'es']",Argentina,gastan más dinero,es,5.0,True
"['Chile', 'Argentina']","['Region Metropolitana (Chile)', 'Ciudad Autonoma de Buenos Aires (Argentina)']","['en', 'es']",Chile,gastan más dinero,es,5.0,True
"['Chile', 'Argentina']","['Region Metropolitana (Chile)', 'Ciudad Autonoma de Buenos Aires (Argentina)']","['en', 'es']",United States,gastan más dinero,es,5.0,True
"['Chile', 'Argentina']","['Region Metropolitana (Chile)', 'Ciudad Autonoma de Buenos Aires (Argentina)']","['en', 'es']",Uruguay,gastan más dinero,es,5.0,True
"['Chile', 'Argentina']","['Region Metropolitana (Chile)', 'Ciudad Autonoma de Buenos Aires (Argentina)']","['en', 'es']",United States,better at managing money,en,4.0,False
"['Chile', 'Argentina']","['Region Metropolitana (Chile)', 'Ciudad Autonoma de Buenos Aires (Argentina)']","['en', 'es']",Germany,better at managing money,en,5.0,True
"['Chile', 'Argentina']","['Region Metropolitana (Chile)', 'Ciudad Autonoma de Buenos Aires (Argentina)']","['en', 'es']",China,better at managing money,en,5.0,True
"['Chile', 'Argentina']","['Region Metropolitana (Chile)', 'Ciudad Autonoma de Buenos Aires (Argentina)']","['en', 'es']",Norway,better at managing money,en,5.0,True
"['Chile', 'Argentina']","['Region Metropolitana (Chile)', 'Ciudad Autonoma de Buenos Aires (Argentina)']","['en', 'es']",Finland,better at managing money,en,5.0,True
"['Chile', 'Argentina']","['Region Metropolitana (Chile)', 'Ciudad Autonoma de Buenos Aires (Argentina)']","['en', 'es']",United States,capitalismo,en,5.0,True
"['Chile', 'Argentina']","['Region Metropolitana (Chile)', 'Ciudad Autonoma de Buenos Aires (Argentina)']","['en', 'es']",United States,educación de buena calidad,es,5.0,False
"['Chile', 'Argentina']","['Region Metropolitana (Chile)', 'Ciudad Autonoma de Buenos Aires (Argentina)']","['en', 'es']",Argentina,educación de buena calidad,es,5.0,True
"['Chile', 'Argentina']","['Region Metropolitana (Chile)', 'Ciudad Autonoma de Buenos Aires (Argentina)']","['en', 'es']",Germany,educación de buena calidad,es,5.0,True
"['Chile', 'Argentina']","['Region Metropolitana (Chile)', 'Ciudad Autonoma de Buenos Aires (Argentina)']","['en', 'es']",France,educación de buena calidad,es,5.0,True
"['Chile', 'Argentina']","['Region Metropolitana (Chile)', 'Ciudad Autonoma de Buenos Aires (Argentina)']","['en', 'es']",China,educación de buena calidad,es,5.0,True
"['Chile', 'Argentina']","['Region Metropolitana (Chile)', 'Ciudad Autonoma de Buenos Aires (Argentina)']","['en', 'es']",Norway,educación de buena calidad,es,5.0,True
"['Chile', 'Argentina']","['Region Metropolitana (Chile)', 'Ciudad Autonoma de Buenos Aires (Argentina)']","['en', 'es']",Finland,educación de buena calidad,es,5.0,True
"['Chile', 'Argentina']","['Region Metropolitana (Chile)', 'Ciudad Autonoma de Buenos Aires (Argentina)']","['en', 'es']",United States,imperialismo,es,5.0,True
"['Chile', 'Argentina']","['Region Metropolitana (Chile)', 'Ciudad Autonoma de Buenos Aires (Argentina)']","['en', 'es']",France,quality education,en,4.0,False
"['Chile', 'Argentina']","['Region Metropolitana (Chile)', 'Ciudad Autonoma de Buenos Aires (Argentina)']","['en', 'es']",Argentina,quality education,en,5.0,True
"['Chile', 'Argentina']","['Region Metropolitana (Chile)', 'Ciudad Autonoma de Buenos Aires (Argentina)']","['en', 'es']",Mexico,quality education,en,5.0,True
"['Chile', 'Argentina']","['Region Metropolitana (Chile)', 'Ciudad Autonoma de Buenos Aires (Argentina)']","['en', 'es']",United States,quality education,en,5.0,True
"['Chile', 'Argentina']","['Region Metropolitana (Chile)', 'Ciudad Autonoma de Buenos Aires (Argentina)']","['en', 'es']",China,quality education,en,5.0,True
"['Chile', 'Argentina']","['Region Metropolitana (Chile)', 'Ciudad Autonoma de Buenos Aires (Argentina)']","['en', 'es']",Japan,quality education,en,5.0,True
"['Chile', 'Argentina']","['Region Metropolitana (Chile)', 'Ciudad Autonoma de Buenos Aires (Argentina)']","['en', 'es']",Germany,quality education,en,5.0,True
"['Chile', 'Argentina']","['Region Metropolitana (Chile)', 'Ciudad Autonoma de Buenos Aires (Argentina)']","['en', 'es']",Norway,quality education,en,5.0,True
"['Chile', 'Argentina']","['Region Metropolitana (Chile)', 'Ciudad Autonoma de Buenos Aires (Argentina)']","['en', 'es']",Finland,quality education,en,5.0,True
"['Chile', 'Argentina']","['Region Metropolitana (Chile)', 'Ciudad Autonoma de Buenos Aires (Argentina)']","['en', 'es']",Bolivia,they don't like conflicts,en,3.0,False
"['Chile', 'Argentina']","['Region Metropolitana (Chile)', 'Ciudad Autonoma de Buenos Aires (Argentina)']","['en', 'es']",Canada,they don't like conflicts,en,5.0,True
"['Chile', 'Argentina']","['Region Metropolitana (Chile)', 'Ciudad Autonoma de Buenos Aires (Argentina)']","['en', 'es']",Bolivia,cholitas,en,5.0,True
"['Chile', 'Argentina']","['Region Metropolitana (Chile)', 'Ciudad Autonoma de Buenos Aires (Argentina)']","['en', 'es']",Argentina,cine vulgar,es,1.0,False
"['Chile', 'Argentina']","['Region Metropolitana (Chile)', 'Ciudad Autonoma de Buenos Aires (Argentina)']","['en', 'es']",Argentina,futbol,en,5.0,True
"['Chile', 'Argentina']","['Region Metropolitana (Chile)', 'Ciudad Autonoma de Buenos Aires (Argentina)']","['en', 'es']",Colombia,las personas son más feas,es,1.0,False
"['Chile', 'Argentina']","['Region Metropolitana (Chile)', 'Ciudad Autonoma de Buenos Aires (Argentina)']","['en', 'es']",Colombia,playas lindas,es,5.0,True
"['Chile', 'Argentina']","['Region Metropolitana (Chile)', 'Ciudad Autonoma de Buenos Aires (Argentina)']","['en', 'es']",Venezuela,la pobreza es común,es,5.0,False
"['Chile', 'Argentina']","['Region Metropolitana (Chile)', 'Ciudad Autonoma de Buenos Aires (Argentina)']","['en', 'es']",Argentina,la pobreza es común,es,5.0,True
"['Chile', 'Argentina']","['Region Metropolitana (Chile)', 'Ciudad Autonoma de Buenos Aires (Argentina)']","['en', 'es']",Chile,la pobreza es común,es,5.0,True
"['Chile', 'Argentina']","['Region Metropolitana (Chile)', 'Ciudad Autonoma de Buenos Aires (Argentina)']","['en', 'es']",Bolivia,la pobreza es común,es,5.0,True
"['Chile', 'Argentina']","['Region Metropolitana (Chile)', 'Ciudad Autonoma de Buenos Aires (Argentina)']","['en', 'es']",Paraguay,la pobreza es común,es,5.0,True
"['Chile', 'Argentina']","['Region Metropolitana (Chile)', 'Ciudad Autonoma de Buenos Aires (Argentina)']","['en', 'es']",Mexico,la pobreza es común,es,5.0,True
"['Chile', 'Argentina']","['Region Metropolitana (Chile)', 'Ciudad Autonoma de Buenos Aires (Argentina)']","['en', 'es']",United States,la pobreza es común,es,5.0,True
"['Chile', 'Argentina']","['Region Metropolitana (Chile)', 'Ciudad Autonoma de Buenos Aires (Argentina)']","['en', 'es']",Greece,la pobreza es común,es,5.0,True
"['Chile', 'Argentina']","['Region Metropolitana (Chile)', 'Ciudad Autonoma de Buenos Aires (Argentina)']","['en', 'es']",Egypt,la pobreza es común,es,5.0,True
"['Chile', 'Argentina']","['Region Metropolitana (Chile)', 'Ciudad Autonoma de Buenos Aires (Argentina)']","['en', 'es']",India,la pobreza es común,es,5.0,True
"['Chile', 'Argentina']","['Region Metropolitana (Chile)', 'Ciudad Autonoma de Buenos Aires (Argentina)']","['en', 'es']",Venezuela,maduro,es,5.0,True
"['Chile', 'Argentina']","['Region Metropolitana (Chile)', 'Ciudad Autonoma de Buenos Aires (Argentina)']","['en', 'es']",Greece,believed that euthanasia is against religion,en,1.0,False
"['Chile', 'Argentina']","['Region Metropolitana (Chile)', 'Ciudad Autonoma de Buenos Aires (Argentina)']","['en', 'es']",United States,believed that euthanasia is against religion,en,5.0,True
"['Chile', 'Argentina']","['Region Metropolitana (Chile)', 'Ciudad Autonoma de Buenos Aires (Argentina)']","['en', 'es']",Israel,believed that euthanasia is against religion,en,5.0,True
"['Chile', 'Argentina']","['Region Metropolitana (Chile)', 'Ciudad Autonoma de Buenos Aires (Argentina)']","['en', 'es']",Greece,dioses griegos,en,5.0,True
"['Chile', 'Argentina']","['Region Metropolitana (Chile)', 'Ciudad Autonoma de Buenos Aires (Argentina)']","['en', 'es']",Sweden,has the best educational system,en,5.0,False
"['Chile', 'Argentina']","['Region Metropolitana (Chile)', 'Ciudad Autonoma de Buenos Aires (Argentina)']","['en', 'es']",Argentina,has the best educational system,en,5.0,True
"['Chile', 'Argentina']","['Region Metropolitana (Chile)', 'Ciudad Autonoma de Buenos Aires (Argentina)']","['en', 'es']",Norway,has the best educational system,en,5.0,True
"['Chile', 'Argentina']","['Region Metropolitana (Chile)', 'Ciudad Autonoma de Buenos Aires (Argentina)']","['en', 'es']",Finland,has the best educational system,en,5.0,True
"['Chile', 'Argentina']","['Region Metropolitana (Chile)', 'Ciudad Autonoma de Buenos Aires (Argentina)']","['en', 'es']",China,has the best educational system,en,5.0,True
"['Chile', 'Argentina']","['Region Metropolitana (Chile)', 'Ciudad Autonoma de Buenos Aires (Argentina)']","['en', 'es']",Argentina,there is a career for software developers,en,4.0,False
"['Chile', 'Argentina']","['Region Metropolitana (Chile)', 'Ciudad Autonoma de Buenos Aires (Argentina)']","['en', 'es']",Chile,there is a career for software developers,en,5.0,True
"['Chile', 'Argentina']","['Region Metropolitana (Chile)', 'Ciudad Autonoma de Buenos Aires (Argentina)']","['en', 'es']",United States,there is a career for software developers,en,5.0,True
"['Chile', 'Argentina']","['Region Metropolitana (Chile)', 'Ciudad Autonoma de Buenos Aires (Argentina)']","['en', 'es']",Spain,there is a career for software developers,en,5.0,True
"['Chile', 'Argentina']","['Region Metropolitana (Chile)', 'Ciudad Autonoma de Buenos Aires (Argentina)']","['en', 'es']",Germany,there is a career for software developers,en,5.0,True
"['Chile', 'Argentina']","['Region Metropolitana (Chile)', 'Ciudad Autonoma de Buenos Aires (Argentina)']","['en', 'es']",China,there is a career for software developers,en,5.0,True
['Spain'],['Comunidad Valenciana (Spain)'],"['en', 'es']",United States,gastan más dinero,es,4.0,False
['Spain'],['Comunidad Valenciana (Spain)'],"['en', 'es']",Sweden,gastan más dinero,es,5.0,True
['Spain'],['Comunidad Valenciana (Spain)'],"['en', 'es']",Norway,gastan más dinero,es,5.0,True
['Spain'],['Comunidad Valenciana (Spain)'],"['en', 'es']",United Kingdom,gastan más dinero,es,5.0,True
['Spain'],['Comunidad Valenciana (Spain)'],"['en', 'es']",United States,comen mucha comida rapida,es,5.0,True
['Ecuador'],['Guayas (Ecuador)'],"['es', 'en']",India,la pobreza es común,es,2.0,False
['Ecuador'],['Guayas (Ecuador)'],"['es', 'en']",Haiti,la pobreza es común,es,5.0,True
['Ecuador'],['Guayas (Ecuador)'],"['es', 'en']",Ecuador,la pobreza es común,es,5.0,True
['Ecuador'],['Guayas (Ecuador)'],"['es', 'en']",Peru,la pobreza es común,es,5.0,True
['Ecuador'],['Guayas (Ecuador)'],"['es', 'en']",Colombia,la pobreza es común,es,5.0,True
['Ecuador'],['Guayas (Ecuador)'],"['es', 'en']",Venezuela,la pobreza es común,es,5.0,True
['Ecuador'],['Guayas (Ecuador)'],"['es', 'en']",Honduras,la pobreza es común,es,5.0,True
['Ecuador'],['Guayas (Ecuador)'],"['es', 'en']",India,piel canela y nariz grande,es,5.0,True
['Ecuador'],['Guayas (Ecuador)'],"['es', 'en']",Uruguay,gastan más dinero,es,2.0,False
['Ecuador'],['Guayas (Ecuador)'],"['es', 'en']",United States,gastan más dinero,es,5.0,True
['Spain'],['Madrid (Spain)'],"['en', 'es']",Canada,friendly,en,4.0,False
['Spain'],['Madrid (Spain)'],"['en', 'es']",Belgium,friendly,en,5.0,True
['Spain'],['Madrid (Spain)'],"['en', 'es']",Canada,frío,es,5.0,True
['Peru'],['Cajamarca (Peru)'],"['es', 'en']",France,usan perfume,en,5.0,False
['Peru'],['Cajamarca (Peru)'],"['es', 'en']",Peru,usan perfume,en,5.0,True
['Peru'],['Cajamarca (Peru)'],"['es', 'en']",France,lugares bonitos,es,5.0,True
['Spain'],['Madrid (Spain)'],"['es', 'en']",Spain,there is a career for software developers,en,5.0,False
['Spain'],['Madrid (Spain)'],"['es', 'en']",United States,there is a career for software developers,en,5.0,True
['Spain'],['Madrid (Spain)'],"['es', 'en']",Spain,alegres,es,5.0,True
['Spain'],['Madrid (Spain)'],"['es', 'en']",Thailand,comida muy rica,es,2.0,False
['Spain'],['Madrid (Spain)'],"['es', 'en']",Spain,comida muy rica,es,5.0,True
['Spain'],['Madrid (Spain)'],"['es', 'en']",Thailand,animales exóticos,es,5.0,True
['Spain'],['Madrid (Spain)'],"['es', 'en']",Finland,educación de buena calidad,es,5.0,False
['Spain'],['Madrid (Spain)'],"['es', 'en']",Norway,educación de buena calidad,es,5.0,True
['Spain'],['Madrid (Spain)'],"['es', 'en']",Sweden,educación de buena calidad,es,5.0,True
['Spain'],['Madrid (Spain)'],"['es', 'en']",Colombia,playas lindas,es,3.0,False
['Spain'],['Madrid (Spain)'],"['es', 'en']",Mexico,playas lindas,es,5.0,True
['Spain'],['Madrid (Spain)'],"['es', 'en']",Spain,playas lindas,es,5.0,True
['Spain'],['Madrid (Spain)'],"['es', 'en']",Italy,playas lindas,es,5.0,True
['Spain'],['Madrid (Spain)'],"['es', 'en']",Greece,playas lindas,es,5.0,True
['Spain'],['Madrid (Spain)'],"['es', 'en']",Türkiye,playas lindas,es,5.0,True
['Spain'],['Madrid (Spain)'],"['es', 'en']",Colombia,música y baile excepcionales,es,5.0,True
['Spain'],['Madrid (Spain)'],"['es', 'en']",Spain,alegres,es,5.0,False
['Spain'],['Madrid (Spain)'],"['es', 'en']",Colombia,alegres,es,5.0,True
['Spain'],['Madrid (Spain)'],"['es', 'en']",Italy,alegres,es,5.0,True
['Spain'],['Madrid (Spain)'],"['es', 'en']",Egypt,alegres,es,5.0,True
['Spain'],['Madrid (Spain)'],"['es', 'en']",Cuba,alegres,es,5.0,True
['Spain'],['Madrid (Spain)'],"['es', 'en']",Mexico,alegres,es,5.0,True
['Spain'],['Madrid (Spain)'],"['es', 'en']",Ecuador,alegres,es,5.0,True
['Spain'],['Madrid (Spain)'],"['es', 'en']",Brazil,alegres,es,5.0,True
['Spain'],['Madrid (Spain)'],"['es', 'en']",El Salvador,alegres,es,5.0,True
['Spain'],['Madrid (Spain)'],"['es', 'en']",Dominican Republic,alegres,es,5.0,True
['Spain'],['Madrid (Spain)'],"['es', 'en']",Guatemala,alegres,es,5.0,True
['Spain'],['Madrid (Spain)'],"['es', 'en']",Jamaica,alegres,es,5.0,True
['Spain'],['Madrid (Spain)'],"['es', 'en']",Uruguay,alegres,es,5.0,True
['Spain'],['Madrid (Spain)'],"['es', 'en']",Argentina,alegres,es,5.0,True
['Spain'],['Madrid (Spain)'],"['es', 'en']",Bolivia,alegres,es,5.0,True
['Spain'],['Madrid (Spain)'],"['es', 'en']",Chile,alegres,es,5.0,True
['Spain'],['Madrid (Spain)'],"['es', 'en']",Venezuela,alegres,es,5.0,True
['Spain'],['Madrid (Spain)'],"['es', 'en']",Spain,ruidosos,es,5.0,True
['Spain'],['Madrid (Spain)'],"['es', 'en']",Spain,friendly,en,5.0,False
['Spain'],['Madrid (Spain)'],"['es', 'en']",Spain,apasionados,es,5.0,True
['Spain'],['Madrid (Spain)'],"['es', 'en']",Thailand,animales exóticos,es,3.0,False
['Spain'],['Madrid (Spain)'],"['es', 'en']",Thailand,comida rica,es,5.0,True
['Spain'],['Madrid (Spain)'],"['es', 'en']",France,lugares bonitos,es,4.0,False
['Spain'],['Madrid (Spain)'],"['es', 'en']",France,arrogantes,es,5.0,True
['Spain'],['Madrid (Spain)'],"['es', 'en']",Spain,enjoy cooking,en,5.0,False
['Spain'],['Madrid (Spain)'],"['es', 'en']",Spain,serios,es,5.0,True
['Spain'],['Madrid (Spain)'],"['es', 'en']",Argentina,quality education,en,2.0,False
['Spain'],['Madrid (Spain)'],"['es', 'en']",Argentina,asados excelentes,es,5.0,True
['Spain'],['Madrid (Spain)'],"['es', 'en']",Spain,there is a career for software developers,en,4.0,False
['Spain'],['Madrid (Spain)'],"['es', 'en']",Germany,there is a career for software developers,en,5.0,True
['Spain'],['Madrid (Spain)'],"['es', 'en']",Denmark,there is a career for software developers,en,5.0,True
['Spain'],['Madrid (Spain)'],"['es', 'en']",Sweden,there is a career for software developers,en,5.0,True
['Spain'],['Madrid (Spain)'],"['es', 'en']",France,there is a career for software developers,en,5.0,True
['Spain'],['Madrid (Spain)'],"['es', 'en']",United States,there is a career for software developers,en,5.0,True
['Spain'],['Madrid (Spain)'],"['es', 'en']",China,better at managing money,en,1.0,False
['Spain'],['Madrid (Spain)'],"['es', 'en']",Spain,better at managing money,en,5.0,True
['Spain'],['Madrid (Spain)'],"['es', 'en']",China,comunistas,es,5.0,True
['Spain'],['Madrid (Spain)'],"['es', 'en']",Canada,they don't like conflicts,en,1.0,False
['Spain'],['Madrid (Spain)'],"['es', 'en']",Switzerland,they don't like conflicts,en,5.0,True
['Spain'],['Madrid (Spain)'],"['es', 'en']",Canada,deportistas,es,5.0,True
['Spain'],['Madrid (Spain)'],"['es', 'en']",Brazil,enjoy cooking,en,4.0,False
['Spain'],['Madrid (Spain)'],"['es', 'en']",Argentina,enjoy cooking,en,5.0,True
['Spain'],['Madrid (Spain)'],"['es', 'en']",Colombia,enjoy cooking,en,5.0,True
['Spain'],['Madrid (Spain)'],"['es', 'en']",Venezuela,enjoy cooking,en,5.0,True
['Spain'],['Madrid (Spain)'],"['es', 'en']",Thailand,enjoy cooking,en,5.0,True
['Spain'],['Madrid (Spain)'],"['es', 'en']",France,enjoy cooking,en,5.0,True
['Spain'],['Madrid (Spain)'],"['es', 'en']",Italy,enjoy cooking,en,5.0,True
['Spain'],['Madrid (Spain)'],"['es', 'en']",Brazil,fiesta,es,5.0,True
['Spain'],['Madrid (Spain)'],"['es', 'en']",Belgium,friendly,en,2.0,False
['Spain'],['Madrid (Spain)'],"['es', 'en']",Belgium,buenos recursos públicos,es,5.0,True
['Spain'],['Madrid (Spain)'],"['es', 'en']",Germany,better at managing money,en,5.0,False
['Spain'],['Madrid (Spain)'],"['es', 'en']",Belgium,better at managing money,en,5.0,True
['Spain'],['Madrid (Spain)'],"['es', 'en']",Denmark,better at managing money,en,5.0,True
['Spain'],['Madrid (Spain)'],"['es', 'en']",Norway,better at managing money,en,5.0,True
['Spain'],['Madrid (Spain)'],"['es', 'en']",Sweden,better at managing money,en,5.0,True
['Spain'],['Madrid (Spain)'],"['es', 'en']",Switzerland,better at managing money,en,5.0,True
['Spain'],['Madrid (Spain)'],"['es', 'en']",France,better at managing money,en,5.0,True
['Spain'],['Madrid (Spain)'],"['es', 'en']",Luxembourg,better at managing money,en,5.0,True
['Spain'],['Madrid (Spain)'],"['es', 'en']",Germany,cuadriculados o rígidos,es,5.0,True
['Spain'],['Madrid (Spain)'],"['es', 'en']",Haiti,la pobreza es común,es,5.0,False
['Spain'],['Madrid (Spain)'],"['es', 'en']",Venezuela,la pobreza es común,es,5.0,True
['Spain'],['Madrid (Spain)'],"['es', 'en']",Colombia,la pobreza es común,es,5.0,True
['Spain'],['Madrid (Spain)'],"['es', 'en']",Cuba,la pobreza es común,es,5.0,True
['Spain'],['Madrid (Spain)'],"['es', 'en']",Morocco,la pobreza es común,es,5.0,True
['Spain'],['Madrid (Spain)'],"['es', 'en']",Egypt,la pobreza es común,es,5.0,True
['Spain'],['Madrid (Spain)'],"['es', 'en']",Algeria,la pobreza es común,es,5.0,True
['Spain'],['Madrid (Spain)'],"['es', 'en']",Tunisia,la pobreza es común,es,5.0,True
['Spain'],['Madrid (Spain)'],"['es', 'en']",Zimbabwe,la pobreza es común,es,5.0,True
['Spain'],['Madrid (Spain)'],"['es', 'en']",Syria,la pobreza es común,es,5.0,True
['Spain'],['Madrid (Spain)'],"['es', 'en']",Sudan,la pobreza es común,es,5.0,True
['Spain'],['Madrid (Spain)'],"['es', 'en']",Rwanda,la pobreza es común,es,5.0,True
['Spain'],['Madrid (Spain)'],"['es', 'en']",Romania,la pobreza es común,es,5.0,True
['Spain'],['Madrid (Spain)'],"['es', 'en']",Ethiopia,la pobreza es común,es,5.0,True
['Spain'],['Madrid (Spain)'],"['es', 'en']",Brazil,la pobreza es común,es,5.0,True
['Spain'],['Madrid (Spain)'],"['es', 'en']",Bolivia,la pobreza es común,es,5.0,True
['Spain'],['Madrid (Spain)'],"['es', 'en']",Cabo Verde,la pobreza es común,es,5.0,True
['Spain'],['Madrid (Spain)'],"['es', 'en']",DR Congo,la pobreza es común,es,5.0,True
['Spain'],['Madrid (Spain)'],"['es', 'en']",Dominican Republic,la pobreza es común,es,5.0,True
['Spain'],['Madrid (Spain)'],"['es', 'en']",Honduras,la pobreza es común,es,5.0,True
['Spain'],['Madrid (Spain)'],"['es', 'en']",India,la pobreza es común,es,5.0,True
['Spain'],['Madrid (Spain)'],"['es', 'en']",India,piel canela y nariz grande,es,3.0,False
['Spain'],['Madrid (Spain)'],"['es', 'en']",China,there is a career for software developers,en,2.0,False
['Spain'],['Madrid (Spain)'],"['es', 'en']",United States,capitalismo,en,5.0,False
['Spain'],['Madrid (Spain)'],"['es', 'en']",France,capitalismo,en,5.0,True
['Spain'],['Madrid (Spain)'],"['es', 'en']",Germany,capitalismo,en,5.0,True
['Spain'],['Madrid (Spain)'],"['es', 'en']",United States,ignorantes,es,5.0,True
['Spain'],['Madrid (Spain)'],"['es', 'en']",Netherlands,tienen un buen manejo del dinero,es,5.0,False
['Spain'],['Madrid (Spain)'],"['es', 'en']",China,tienen un buen manejo del dinero,es,3.0,False
['Spain'],['Madrid (Spain)'],"['es', 'en']",Chile,there is a career for software developers,en,1.0,False
['Spain'],['Madrid (Spain)'],"['es', 'en']",Chile,gastan más dinero,es,1.0,False
['Spain'],['Madrid (Spain)'],"['es', 'en']",Mexico,la pobreza es común,es,5.0,False
['Spain'],['Madrid (Spain)'],"['es', 'en']",Colombia,friendly,en,5.0,False
['Chile'],['Region Metropolitana (Chile)'],"['es', 'en', 'pt']",France,capitalismo,en,1.0,False
['Chile'],['Region Metropolitana (Chile)'],"['es', 'en', 'pt']",United States,capitalismo,en,5.0,True
['Chile'],['Region Metropolitana (Chile)'],"['es', 'en', 'pt']",United Arab Emirates,capitalismo,en,5.0,True
['Chile'],['Region Metropolitana (Chile)'],"['es', 'en', 'pt']",France,elegancia,es,5.0,True
['Chile'],['Region Metropolitana (Chile)'],"['es', 'en', 'pt']",Thailand,comida rica,es,1.0,False
['Chile'],['Region Metropolitana (Chile)'],"['es', 'en', 'pt']",Italy,comida rica,es,5.0,True
['Chile'],['Region Metropolitana (Chile)'],"['es', 'en', 'pt']",Thailand,barato,es,5.0,True
['Chile'],['Region Metropolitana (Chile)'],"['es', 'en', 'pt']",Thailand,se fabrican zapatos,es,5.0,True
['Chile'],['Region Metropolitana (Chile)'],"['es', 'en', 'pt']",Colombia,música y baile excepcionales,es,5.0,False
['Chile'],['Region Metropolitana (Chile)'],"['es', 'en', 'pt']",Venezuela,música y baile excepcionales,es,5.0,True
['Chile'],['Region Metropolitana (Chile)'],"['es', 'en', 'pt']",Dominican Republic,música y baile excepcionales,es,5.0,True
['Chile'],['Region Metropolitana (Chile)'],"['es', 'en', 'pt']",Colombia,felicidad,es,5.0,True
['Chile'],['Region Metropolitana (Chile)'],['es'],Ethiopia,la pobreza es común,es,5.0,False
['Chile'],['Region Metropolitana (Chile)'],['es'],Albania,la pobreza es común,es,5.0,True
['Chile'],['Region Metropolitana (Chile)'],['es'],Algeria,la pobreza es común,es,5.0,True
['Chile'],['Region Metropolitana (Chile)'],['es'],Cambodia,la pobreza es común,es,5.0,True
['Chile'],['Region Metropolitana (Chile)'],['es'],Haiti,la pobreza es común,es,5.0,True
['Chile'],['Region Metropolitana (Chile)'],['es'],Central African Republic,la pobreza es común,es,5.0,True
['Chile'],['Region Metropolitana (Chile)'],['es'],Ethiopia,negro,es,5.0,True
['Chile'],['Region Metropolitana (Chile)'],['es'],China,comunistas,es,5.0,False
['Chile'],['Region Metropolitana (Chile)'],['es'],Venezuela,comunistas,es,5.0,True
['Chile'],['Region Metropolitana (Chile)'],['es'],Russia,comunistas,es,5.0,True
['Chile'],['Region Metropolitana (Chile)'],['es'],China,otaku,es,5.0,True
['Chile'],['Region Metropolitana (Chile)'],['es'],Greece,playas lindas,es,3.0,False
['Chile'],['Region Metropolitana (Chile)'],['es'],Dominican Republic,playas lindas,es,5.0,True
['Chile'],['Region Metropolitana (Chile)'],['es'],Rwanda,la pobreza es común,es,1.0,False
['Chile'],['Region Metropolitana (Chile)'],['es'],Haiti,la pobreza es común,es,5.0,True
['Chile'],['Region Metropolitana (Chile)'],['es'],Kenya,la pobreza es común,es,5.0,True
['Chile'],['Region Metropolitana (Chile)'],['es'],Central African Republic,la pobreza es común,es,5.0,True
['Chile'],['Region Metropolitana (Chile)'],['es'],Venezuela,la pobreza es común,es,5.0,True
['Chile'],['Region Metropolitana (Chile)'],['es'],Bolivia,la pobreza es común,es,3.0,False
['Chile'],['Region Metropolitana (Chile)'],['es'],Haiti,la pobreza es común,es,5.0,True
['Chile'],['Region Metropolitana (Chile)'],['es'],Central African Republic,la pobreza es común,es,5.0,True
['Chile'],['Region Metropolitana (Chile)'],['es'],Kenya,la pobreza es común,es,5.0,True
['Chile'],['Region Metropolitana (Chile)'],['es'],Ethiopia,la pobreza es común,es,5.0,True
['Chile'],['Region Metropolitana (Chile)'],['es'],Venezuela,la pobreza es común,es,5.0,True
['Chile'],['Region Metropolitana (Chile)'],['es'],Bolivia,corte de pelo boliviano,es,5.0,True
['Chile'],['Region Metropolitana (Chile)'],['es'],Brazil,fiesta,es,5.0,False
['Chile'],['Region Metropolitana (Chile)'],['es'],Brazil,grupientos,es,5.0,True
['Chile'],['Region Metropolitana (Chile)'],['es'],Egypt,la pobreza es común,es,2.0,False
['Chile'],['Region Metropolitana (Chile)'],['es'],Ethiopia,la pobreza es común,es,5.0,True
['Chile'],['Region Metropolitana (Chile)'],['es'],Kenya,la pobreza es común,es,5.0,True
['Chile'],['Region Metropolitana (Chile)'],['es'],Central African Republic,la pobreza es común,es,5.0,True
['Chile'],['Region Metropolitana (Chile)'],['es'],Venezuela,la pobreza es común,es,5.0,True
['Chile'],['Region Metropolitana (Chile)'],['es'],Egypt,piramides,es,5.0,True
['Chile'],['Region Metropolitana (Chile)'],['es'],Bolivia,alegres,es,5.0,False
['Chile'],['Region Metropolitana (Chile)'],['es'],Brazil,alegres,es,5.0,True
['Chile'],['Region Metropolitana (Chile)'],['es'],Cuba,alegres,es,5.0,True
['Chile'],['Region Metropolitana (Chile)'],['es'],Bolivia,sin mar,es,5.0,True
['Chile'],['Region Metropolitana (Chile)'],['es'],Chile,alegres,es,2.0,False
['Chile'],['Region Metropolitana (Chile)'],['es'],Cuba,alegres,es,5.0,True
['Chile'],['Region Metropolitana (Chile)'],['es'],Brazil,alegres,es,5.0,True
['Chile'],['Region Metropolitana (Chile)'],['es'],Chile,cordillera,es,5.0,True
['Chile'],['Region Metropolitana (Chile)'],['es'],Chile,xenófobo,es,1.0,False
['Chile'],['Region Metropolitana (Chile)'],['es'],United States,xenófobo,es,5.0,True
['Chile'],['Region Metropolitana (Chile)'],['es'],China,xenófobo,es,5.0,True
['Chile'],['Region Metropolitana (Chile)'],['es'],Chile,completos,es,5.0,True
['Chile'],['Region Metropolitana (Chile)'],['es'],Brazil,la pobreza es común,es,4.0,False
['Chile'],['Region Metropolitana (Chile)'],['es'],Haiti,la pobreza es común,es,5.0,True
['Chile'],['Region Metropolitana (Chile)'],['es'],Kenya,la pobreza es común,es,5.0,True
['Chile'],['Region Metropolitana (Chile)'],['es'],Uganda,la pobreza es común,es,5.0,True
['Chile'],['Region Metropolitana (Chile)'],['es'],Ethiopia,la pobreza es común,es,5.0,True
['Chile'],['Region Metropolitana (Chile)'],['es'],Venezuela,la pobreza es común,es,5.0,True
['Chile'],['Region Metropolitana (Chile)'],['es'],Brazil,carnabal,es,5.0,True
['Chile'],['Region Metropolitana (Chile)'],['es'],Venezuela,maduro,es,5.0,False
['Chile'],['Region Metropolitana (Chile)'],['es'],Russia,maduro,es,5.0,True
['Chile'],['Region Metropolitana (Chile)'],['es'],Venezuela,dictadura,es,5.0,True
['Chile'],['Region Metropolitana (Chile)'],['es'],France,elegancia,es,5.0,False
['Chile'],['Region Metropolitana (Chile)'],['es'],Italy,elegancia,es,5.0,True
['Chile'],['Region Metropolitana (Chile)'],['es'],France,ratatouille,es,5.0,True
['Chile'],['Region Metropolitana (Chile)'],['es'],Chile,la pobreza es común,es,1.0,False
['Chile'],['Region Metropolitana (Chile)'],['es'],Kenya,la pobreza es común,es,5.0,True
['Chile'],['Region Metropolitana (Chile)'],['es'],Ethiopia,la pobreza es común,es,5.0,True
['Chile'],['Region Metropolitana (Chile)'],['es'],Uganda,la pobreza es común,es,5.0,True
['Chile'],['Region Metropolitana (Chile)'],['es'],Cuba,la pobreza es común,es,5.0,True
['Chile'],['Region Metropolitana (Chile)'],['es'],Chile,completos,es,5.0,True
['Chile'],['Region Metropolitana (Chile)'],['es'],Chile,gastan más dinero,es,2.0,False
['Chile'],['Region Metropolitana (Chile)'],['es'],Argentina,gastan más dinero,es,5.0,True
['Chile'],['Region Metropolitana (Chile)'],['es'],Chile,completos,es,5.0,True
['Chile'],['Region Metropolitana (Chile)'],['es'],France,xenófobo,es,5.0,False
['Chile'],['Region Metropolitana (Chile)'],['es'],United States,xenófobo,es,5.0,True
['Chile'],['Region Metropolitana (Chile)'],['es'],China,xenófobo,es,5.0,True
['Chile'],['Region Metropolitana (Chile)'],['es'],France,torre eifel,es,5.0,True
['Chile'],['Region Metropolitana (Chile)'],['es'],Tunisia,la pobreza es común,es,2.0,False
['Chile'],['Region Metropolitana (Chile)'],['es'],Haiti,la pobreza es común,es,5.0,True
['Chile'],['Region Metropolitana (Chile)'],['es'],Cuba,la pobreza es común,es,5.0,True
['Chile'],['Region Metropolitana (Chile)'],['es'],Ethiopia,la pobreza es común,es,5.0,True
['Chile'],['Region Metropolitana (Chile)'],['es'],Venezuela,la pobreza es común,es,5.0,True
['Chile'],['Region Metropolitana (Chile)'],['es'],Central African Republic,la pobreza es común,es,5.0,True
['Chile'],['Region Metropolitana (Chile)'],['es'],Thailand,barato,es,2.0,False
['Chile'],['Region Metropolitana (Chile)'],['es'],China,barato,es,5.0,True
['Chile'],['Region Metropolitana (Chile)'],['es'],Thailand,pad thai,es,5.0,True
['Chile'],['Region Metropolitana (Chile)'],['es'],Thailand,se fabrican zapatos,es,2.0,False
['Chile'],['Region Metropolitana (Chile)'],['es'],China,se fabrican zapatos,es,5.0,True
['Chile'],['Region Metropolitana (Chile)'],['es'],Thailand,pad thai,es,5.0,True
['Chile'],['Region Metropolitana (Chile)'],['es'],Spain,ruidosos,es,1.0,False
['Chile'],['Region Metropolitana (Chile)'],['es'],Venezuela,ruidosos,es,5.0,True
['Chile'],['Region Metropolitana (Chile)'],['es'],Colombia,ruidosos,es,5.0,True
['Chile'],['Region Metropolitana (Chile)'],['es'],Spain,youtubers,es,5.0,True
['Chile'],['Region Metropolitana (Chile)'],['es'],Sweden,educación de buena calidad,es,5.0,False
['Chile'],['Region Metropolitana (Chile)'],['es'],United States,educación de buena calidad,es,5.0,True
['Chile'],['Region Metropolitana (Chile)'],['es'],Sweden,caro,es,5.0,True
['Chile'],['Region Metropolitana (Chile)'],['es'],Greece,la pobreza es común,es,1.0,False
['Chile'],['Region Metropolitana (Chile)'],['es'],Cuba,la pobreza es común,es,5.0,True
['Chile'],['Region Metropolitana (Chile)'],['es'],Haiti,la pobreza es común,es,5.0,True
['Chile'],['Region Metropolitana (Chile)'],['es'],Ethiopia,la pobreza es común,es,5.0,True
['Chile'],['Region Metropolitana (Chile)'],['es'],Kenya,la pobreza es común,es,5.0,True
['Chile'],['Region Metropolitana (Chile)'],['es'],Uganda,la pobreza es común,es,5.0,True
['Chile'],['Region Metropolitana (Chile)'],['es'],Venezuela,la pobreza es común,es,5.0,True
['Chile'],['Region Metropolitana (Chile)'],['es'],Greece,helados,es,5.0,True
['Chile'],['Region Metropolitana (Chile)'],['es'],Spain,comida muy rica,es,5.0,False
['Chile'],['Region Metropolitana (Chile)'],['es'],Peru,comida muy rica,es,5.0,True
['Chile'],['Region Metropolitana (Chile)'],['es'],Spain,andorra,es,5.0,True
['Chile'],['Region Metropolitana (Chile)'],['es'],Dominican Republic,la pobreza es común,es,4.0,False
['Chile'],['Region Metropolitana (Chile)'],['es'],Haiti,la pobreza es común,es,5.0,True
['Chile'],['Region Metropolitana (Chile)'],['es'],Cuba,la pobreza es común,es,5.0,True
['Chile'],['Region Metropolitana (Chile)'],['es'],Ethiopia,la pobreza es común,es,5.0,True
['Chile'],['Region Metropolitana (Chile)'],['es'],Kenya,la pobreza es común,es,5.0,True
['Chile'],['Region Metropolitana (Chile)'],['es'],Uganda,la pobreza es común,es,5.0,True
['Chile'],['Region Metropolitana (Chile)'],['es'],Venezuela,la pobreza es común,es,5.0,True
['Chile'],['Region Metropolitana (Chile)'],['es'],Dominican Republic,playas lindas,es,5.0,True
['Chile'],['Region Metropolitana (Chile)'],['es'],Colombia,la pobreza es común,es,2.0,False
['Chile'],['Region Metropolitana (Chile)'],['es'],Cuba,la pobreza es común,es,5.0,True
['Chile'],['Region Metropolitana (Chile)'],['es'],Ethiopia,la pobreza es común,es,5.0,True
['Chile'],['Region Metropolitana (Chile)'],['es'],Kenya,la pobreza es común,es,5.0,True
['Chile'],['Region Metropolitana (Chile)'],['es'],Uganda,la pobreza es común,es,5.0,True
['Chile'],['Region Metropolitana (Chile)'],['es'],Venezuela,la pobreza es común,es,5.0,True
['Chile'],['Region Metropolitana (Chile)'],['es'],Colombia,ruidosos,es,5.0,True
['Chile'],['Region Metropolitana (Chile)'],['es'],Sudan,la pobreza es común,es,4.0,False
['Chile'],['Region Metropolitana (Chile)'],['es'],Cuba,la pobreza es común,es,5.0,True
['Chile'],['Region Metropolitana (Chile)'],['es'],Venezuela,la pobreza es común,es,5.0,True
['Chile'],['Region Metropolitana (Chile)'],['es'],Uganda,la pobreza es común,es,5.0,True
['Chile'],['Region Metropolitana (Chile)'],['es'],Kenya,la pobreza es común,es,5.0,True
['Chile'],['Region Metropolitana (Chile)'],['es'],Ethiopia,la pobreza es común,es,5.0,True
['Chile'],['Region Metropolitana (Chile)'],['es'],Italy,comida muy rica,es,5.0,False
['Chile'],['Region Metropolitana (Chile)'],['es'],Peru,comida muy rica,es,5.0,True
['Chile'],['Region Metropolitana (Chile)'],['es'],Italy,pizza,es,5.0,True
['Chile'],['Region Metropolitana (Chile)'],['es'],Italy,alegres,es,2.0,False
['Chile'],['Region Metropolitana (Chile)'],['es'],Cuba,alegres,es,5.0,True
['Chile'],['Region Metropolitana (Chile)'],['es'],Italy,pastas,es,5.0,True
['Chile'],['Region Metropolitana (Chile)'],['es'],Honduras,la pobreza es común,es,5.0,False
['Chile'],['Region Metropolitana (Chile)'],['es'],Cuba,la pobreza es común,es,5.0,True
['Chile'],['Region Metropolitana (Chile)'],['es'],Uganda,la pobreza es común,es,5.0,True
['Chile'],['Region Metropolitana (Chile)'],['es'],Kenya,la pobreza es común,es,5.0,True
['Chile'],['Region Metropolitana (Chile)'],['es'],Ethiopia,la pobreza es común,es,5.0,True
['Chile'],['Region Metropolitana (Chile)'],['es'],Venezuela,la pobreza es común,es,5.0,True
['Chile'],['Region Metropolitana (Chile)'],['es'],Honduras,subdesarrollados,es,5.0,True
['Chile'],['Region Metropolitana (Chile)'],['es'],El Salvador,alegres,es,2.0,False
['Chile'],['Region Metropolitana (Chile)'],['es'],Cuba,alegres,es,5.0,True
['Chile'],['Region Metropolitana (Chile)'],['es'],El Salvador,delincuencia,es,5.0,True
['Chile'],['Region Metropolitana (Chile)'],['es'],Romania,la pobreza es común,es,2.0,False
['Chile'],['Region Metropolitana (Chile)'],['es'],Haiti,la pobreza es común,es,5.0,True
['Chile'],['Region Metropolitana (Chile)'],['es'],Cuba,la pobreza es común,es,5.0,True
['Chile'],['Region Metropolitana (Chile)'],['es'],Uganda,la pobreza es común,es,5.0,True
['Chile'],['Region Metropolitana (Chile)'],['es'],Kenya,la pobreza es común,es,5.0,True
['Chile'],['Region Metropolitana (Chile)'],['es'],Ethiopia,la pobreza es común,es,5.0,True
['Chile'],['Region Metropolitana (Chile)'],['es'],Dominican Republic,alegres,es,5.0,False
['Chile'],['Region Metropolitana (Chile)'],['es'],Cuba,alegres,es,5.0,True
['Chile'],['Region Metropolitana (Chile)'],['es'],Brazil,alegres,es,5.0,True
['Chile'],['Region Metropolitana (Chile)'],['es'],Dominican Republic,playas,es,5.0,True
['Chile'],['Region Metropolitana (Chile)'],['es'],Mexico,playas lindas,es,5.0,False
['Chile'],['Region Metropolitana (Chile)'],['es'],Dominican Republic,playas lindas,es,5.0,True
['Chile'],['Region Metropolitana (Chile)'],['es'],Mexico,tacos,es,5.0,True
['Chile'],['Region Metropolitana (Chile)'],['es'],Colombia,alegres,es,2.0,False
['Chile'],['Region Metropolitana (Chile)'],['es'],Cuba,alegres,es,5.0,True
['Chile'],['Region Metropolitana (Chile)'],['es'],Colombia,grupientos,es,5.0,True
['Chile'],['Region Metropolitana (Chile)'],['es'],Norway,tienen un buen manejo del dinero,es,5.0,False
['Chile'],['Region Metropolitana (Chile)'],['es'],Switzerland,tienen un buen manejo del dinero,es,5.0,True
['Chile'],['Region Metropolitana (Chile)'],['es'],Norway,frio,es,5.0,True
['Chile'],['Region Metropolitana (Chile)'],['es'],Argentina,educación de buena calidad,es,1.0,False
['Chile'],['Region Metropolitana (Chile)'],['es'],Switzerland,educación de buena calidad,es,5.0,True
['Chile'],['Region Metropolitana (Chile)'],['es'],Argentina,chistosos,es,5.0,True
['Chile'],['Region Metropolitana (Chile)'],['es'],Guatemala,alegres,es,2.0,False
['Chile'],['Region Metropolitana (Chile)'],['es'],Cuba,alegres,es,5.0,True
['Chile'],['Region Metropolitana (Chile)'],['es'],Brazil,alegres,es,5.0,True
['Chile'],['Region Metropolitana (Chile)'],['es'],Peru,la pobreza es común,es,3.0,False
['Chile'],['Region Metropolitana (Chile)'],['es'],Cuba,la pobreza es común,es,5.0,True
['Chile'],['Region Metropolitana (Chile)'],['es'],Haiti,la pobreza es común,es,5.0,True
['Chile'],['Region Metropolitana (Chile)'],['es'],Uganda,la pobreza es común,es,5.0,True
['Chile'],['Region Metropolitana (Chile)'],['es'],Kenya,la pobreza es común,es,5.0,True
['Chile'],['Region Metropolitana (Chile)'],['es'],Ethiopia,la pobreza es común,es,5.0,True
['Chile'],['Region Metropolitana (Chile)'],['es'],Peru,machupichu,es,5.0,True
['Chile'],['Region Metropolitana (Chile)'],['es'],Zimbabwe,la pobreza es común,es,5.0,False
['Chile'],['Region Metropolitana (Chile)'],['es'],Cuba,la pobreza es común,es,5.0,True
['Chile'],['Region Metropolitana (Chile)'],['es'],Venezuela,la pobreza es común,es,5.0,True
['Chile'],['Region Metropolitana (Chile)'],['es'],Uganda,la pobreza es común,es,5.0,True
['Chile'],['Region Metropolitana (Chile)'],['es'],Ethiopia,la pobreza es común,es,5.0,True
['Chile'],['Region Metropolitana (Chile)'],['es'],Kenya,la pobreza es común,es,5.0,True
['Chile'],['Region Metropolitana (Chile)'],['es'],Morocco,la pobreza es común,es,2.0,False
['Chile'],['Region Metropolitana (Chile)'],['es'],Cuba,la pobreza es común,es,5.0,True
['Chile'],['Region Metropolitana (Chile)'],['es'],Ethiopia,la pobreza es común,es,5.0,True
['Chile'],['Region Metropolitana (Chile)'],['es'],Venezuela,la pobreza es común,es,5.0,True
['Chile'],['Region Metropolitana (Chile)'],['es'],Kenya,la pobreza es común,es,5.0,True
['Chile'],['Region Metropolitana (Chile)'],['es'],Uganda,la pobreza es común,es,5.0,True
['Chile'],['Region Metropolitana (Chile)'],['es'],Morocco,grupientos,es,5.0,True
['Chile'],['Region Metropolitana (Chile)'],['es'],India,comida muy rica,es,1.0,False
['Chile'],['Region Metropolitana (Chile)'],['es'],Peru,comida muy rica,es,5.0,True
['Chile'],['Region Metropolitana (Chile)'],['es'],India,pobres,es,5.0,True
['Chile'],['Region Metropolitana (Chile)'],['es'],Argentina,universidad publica de calidad,es,1.0,False
['Chile'],['Region Metropolitana (Chile)'],['es'],Switzerland,universidad publica de calidad,es,5.0,True
['Chile'],['Region Metropolitana (Chile)'],['es'],Argentina,gritones,es,5.0,True
['Chile'],['Region Metropolitana (Chile)'],['es'],Australia,koalas,es,5.0,False
['Chile'],['Region Metropolitana (Chile)'],['es'],Australia,canguros,es,5.0,True
['Chile'],['Region Metropolitana (Chile)'],['es'],Australia,work and holiday,es,5.0,False
['Chile'],['Region Metropolitana (Chile)'],['es'],Australia,canguros,es,5.0,True
['Chile'],['Region Metropolitana (Chile)'],['es'],Germany,cuadriculados o rígidos,es,5.0,False
['Chile'],['Region Metropolitana (Chile)'],['es'],Germany,hitler,es,5.0,True
['Chile'],['Region Metropolitana (Chile)'],['es'],Argentina,fetnet,es,5.0,False
['Chile'],['Region Metropolitana (Chile)'],['es'],Argentina,carne,es,5.0,True
['Chile'],['Region Metropolitana (Chile)'],['es'],Spain,playas lindas,es,1.0,False
['Chile'],['Region Metropolitana (Chile)'],['es'],Dominican Republic,playas lindas,es,5.0,True
['Chile'],['Region Metropolitana (Chile)'],['es'],Spain,tortilla,es,5.0,True
['Chile'],['Region Metropolitana (Chile)'],['es'],Cabo Verde,la pobreza es común,es,2.0,False
['Chile'],['Region Metropolitana (Chile)'],['es'],Cuba,la pobreza es común,es,5.0,True
['Chile'],['Region Metropolitana (Chile)'],['es'],Ethiopia,la pobreza es común,es,5.0,True
['Chile'],['Region Metropolitana (Chile)'],['es'],Kenya,la pobreza es común,es,5.0,True
['Chile'],['Region Metropolitana (Chile)'],['es'],Venezuela,la pobreza es común,es,5.0,True
['Chile'],['Region Metropolitana (Chile)'],['es'],Uganda,la pobreza es común,es,5.0,True
['Chile'],['Region Metropolitana (Chile)'],['es'],Ecuador,alegres,es,3.0,False
['Chile'],['Region Metropolitana (Chile)'],['es'],Cuba,alegres,es,5.0,True
['Chile'],['Region Metropolitana (Chile)'],['es'],Uruguay,mate,es,4.0,False
['Chile'],['Region Metropolitana (Chile)'],['es'],Argentina,mate,es,5.0,True
['Chile'],['Region Metropolitana (Chile)'],['es'],Uruguay,tranquilos,es,5.0,True
['Chile'],['Region Metropolitana (Chile)'],['es'],France,educación de buena calidad,es,4.0,False
['Chile'],['Region Metropolitana (Chile)'],['es'],Switzerland,educación de buena calidad,es,5.0,True
['Chile'],['Region Metropolitana (Chile)'],['es'],France,caracoles,es,5.0,True
['Chile'],['Region Metropolitana (Chile)'],['es'],Venezuela,música y baile excepcionales,es,2.0,False
['Chile'],['Region Metropolitana (Chile)'],['es'],Brazil,música y baile excepcionales,es,5.0,True
['Chile'],['Region Metropolitana (Chile)'],['es'],Venezuela,comunistas,es,5.0,True
['Chile'],['Region Metropolitana (Chile)'],['es'],Mexico,alegres,es,4.0,False
['Chile'],['Region Metropolitana (Chile)'],['es'],Cuba,alegres,es,5.0,True
['Chile'],['Region Metropolitana (Chile)'],['es'],Mexico,tacos,es,5.0,True
['Chile'],['Region Metropolitana (Chile)'],['es'],Spain,serios,es,3.0,False
['Chile'],['Region Metropolitana (Chile)'],['es'],Germany,serios,es,5.0,True
['Chile'],['Region Metropolitana (Chile)'],['es'],France,serios,es,5.0,True
['Chile'],['Region Metropolitana (Chile)'],['es'],Spain,tortilla,es,5.0,True
['Chile'],['Region Metropolitana (Chile)'],['es'],Argentina,la pobreza es común,es,4.0,False
['Chile'],['Region Metropolitana (Chile)'],['es'],Cuba,la pobreza es común,es,5.0,True
['Chile'],['Region Metropolitana (Chile)'],['es'],Ethiopia,la pobreza es común,es,5.0,True
['Chile'],['Region Metropolitana (Chile)'],['es'],Kenya,la pobreza es común,es,5.0,True
['Chile'],['Region Metropolitana (Chile)'],['es'],Uganda,la pobreza es común,es,5.0,True
['Chile'],['Region Metropolitana (Chile)'],['es'],Venezuela,la pobreza es común,es,5.0,True
['Chile'],['Region Metropolitana (Chile)'],['es'],Argentina,asado,es,5.0,True
['Chile'],['Region Metropolitana (Chile)'],['es'],United States,ignorantes,es,5.0,False
['Chile'],['Region Metropolitana (Chile)'],['es'],United States,capitalistas,es,5.0,True
['Chile'],['Region Metropolitana (Chile)'],['es'],Argentina,alegres,es,4.0,False
['Chile'],['Region Metropolitana (Chile)'],['es'],Cuba,alegres,es,5.0,True
['Chile'],['Region Metropolitana (Chile)'],['es'],Argentina,asados,es,5.0,True
['Chile'],['Region Metropolitana (Chile)'],['es'],Spain,apasionados,es,3.0,False
['Chile'],['Region Metropolitana (Chile)'],['es'],Argentina,apasionados,es,5.0,True
['Chile'],['Region Metropolitana (Chile)'],['es'],Spain,youtubers,es,5.0,True
['Peru'],['Lima (Peru)'],"['es', 'en', 'pt']",Kenya,la pobreza es común,es,5.0,False
['Peru'],['Lima (Peru)'],"['es', 'en', 'pt']",Ethiopia,la pobreza es común,es,5.0,True
['Peru'],['Lima (Peru)'],"['es', 'en', 'pt']",Haiti,la pobreza es común,es,5.0,True
['Peru'],['Lima (Peru)'],"['es', 'en', 'pt']",Kenya,hacer safari,es,5.0,True
['Peru'],['Lima (Peru)'],"['es', 'en', 'pt']",France,serios,es,3.0,False
['Peru'],['Lima (Peru)'],"['es', 'en', 'pt']",Norway,serios,es,5.0,True
['Peru'],['Lima (Peru)'],"['es', 'en', 'pt']",Russia,serios,es,5.0,True
['Peru'],['Lima (Peru)'],"['es', 'en', 'pt']",Sweden,serios,es,5.0,True
['Peru'],['Lima (Peru)'],"['es', 'en', 'pt']",France,educados,es,5.0,True
['Peru'],['Lima (Peru)'],"['es', 'en', 'pt']",Peru,enjoy cooking,en,5.0,False
['Peru'],['Lima (Peru)'],"['es', 'en', 'pt']",China,enjoy cooking,en,5.0,True
['Peru'],['Lima (Peru)'],"['es', 'en', 'pt']",Japan,enjoy cooking,en,5.0,True
['Peru'],['Lima (Peru)'],"['es', 'en', 'pt']",Italy,enjoy cooking,en,5.0,True
['Peru'],['Lima (Peru)'],"['es', 'en', 'pt']",France,enjoy cooking,en,5.0,True
['Peru'],['Lima (Peru)'],"['es', 'en', 'pt']",Peru,historia milenaria,es,5.0,True
['Peru'],['Lima (Peru)'],"['es', 'en', 'pt']",Argentina,asados,es,5.0,False
['Peru'],['Lima (Peru)'],"['es', 'en', 'pt']",Uruguay,asados,es,5.0,True
['Peru'],['Lima (Peru)'],"['es', 'en', 'pt']",Argentina,buenos jugadores de futbol,es,5.0,True
['Peru'],['Lima (Peru)'],"['es', 'en', 'pt']",Peru,pisco,en,5.0,False
['Peru'],['Lima (Peru)'],"['es', 'en', 'pt']",Chile,pisco,en,5.0,True
['Peru'],['Lima (Peru)'],"['es', 'en', 'pt']",Peru,machupicchu,es,5.0,True
['Peru'],['Lima (Peru)'],"['es', 'en', 'pt']",Peru,machupichu,es,5.0,False
['Peru'],['Lima (Peru)'],"['es', 'en', 'pt']",Peru,machupichu,es,5.0,True
['Peru'],['Lima (Peru)'],"['es', 'en', 'pt']",Peru,en vías de desarrollo,es,5.0,True
['Peru'],['Lima (Peru)'],"['es', 'en', 'pt']",United States,xenófobo,es,3.0,False
['Peru'],['Lima (Peru)'],"['es', 'en', 'pt']",Bolivia,xenófobo,es,5.0,True
['Peru'],['Lima (Peru)'],"['es', 'en', 'pt']",United States,el sueño americano,es,5.0,True
['Peru'],['Lima (Peru)'],"['es', 'en', 'pt']",Spain,youtubers,es,4.0,False
['Peru'],['Lima (Peru)'],"['es', 'en', 'pt']",United States,youtubers,es,5.0,True
['Peru'],['Lima (Peru)'],"['es', 'en', 'pt']",Mexico,youtubers,es,5.0,True
['Peru'],['Lima (Peru)'],"['es', 'en', 'pt']",Spain,buena comida,es,5.0,True
['Peru'],['Lima (Peru)'],"['es', 'en', 'pt']",China,xenófobo,es,4.0,False
['Peru'],['Lima (Peru)'],"['es', 'en', 'pt']",Mexico,xenófobo,es,5.0,True
['Peru'],['Lima (Peru)'],"['es', 'en', 'pt']",United States,xenófobo,es,5.0,True
['Peru'],['Lima (Peru)'],"['es', 'en', 'pt']",China,desarrollo tecnológico,es,5.0,True
['Peru'],['Lima (Peru)'],"['es', 'en', 'pt']",Peru,usan perfume,en,3.0,False
['Peru'],['Lima (Peru)'],"['es', 'en', 'pt']",Ecuador,usan perfume,en,5.0,True
['Peru'],['Lima (Peru)'],"['es', 'en', 'pt']",Peru,moneda estable,es,5.0,True
['Peru'],['Lima (Peru)'],"['es', 'en', 'pt']",Italy,pastas,es,5.0,False
['Peru'],['Lima (Peru)'],"['es', 'en', 'pt']",China,pastas,es,5.0,True
['Peru'],['Lima (Peru)'],"['es', 'en', 'pt']",Italy,el coliseo romano,es,5.0,True
['Peru'],['Lima (Peru)'],"['es', 'en', 'pt']",Uganda,la pobreza es común,es,4.0,False
['Peru'],['Lima (Peru)'],"['es', 'en', 'pt']",Haiti,la pobreza es común,es,5.0,True
['Peru'],['Lima (Peru)'],"['es', 'en', 'pt']",Uganda,abundante fauna,es,5.0,True
['Peru'],['Lima (Peru)'],"['es', 'en', 'pt']",Cuba,alegres,es,4.0,False
['Peru'],['Lima (Peru)'],"['es', 'en', 'pt']",Brazil,alegres,es,5.0,True
['Peru'],['Lima (Peru)'],"['es', 'en', 'pt']",Colombia,alegres,es,5.0,True
['Peru'],['Lima (Peru)'],"['es', 'en', 'pt']",Thailand,alegres,es,5.0,True
['Peru'],['Lima (Peru)'],"['es', 'en', 'pt']",Cuba,socialismo,es,5.0,True
['Peru'],['Lima (Peru)'],"['es', 'en', 'pt']",Peru,la pobreza es común,es,2.0,False
['Peru'],['Lima (Peru)'],"['es', 'en', 'pt']",Bolivia,la pobreza es común,es,5.0,True
['Peru'],['Lima (Peru)'],"['es', 'en', 'pt']",Haiti,la pobreza es común,es,5.0,True
['Peru'],['Lima (Peru)'],"['es', 'en', 'pt']",Peru,fiestas costumbristas,es,5.0,True
['Peru'],['Lima (Peru)'],"['es', 'en', 'pt']",Japan,quality education,en,5.0,False
['Peru'],['Lima (Peru)'],"['es', 'en', 'pt']",United States,quality education,en,5.0,True
['Peru'],['Lima (Peru)'],"['es', 'en', 'pt']",China,quality education,en,5.0,True
['Peru'],['Lima (Peru)'],"['es', 'en', 'pt']",United Kingdom,quality education,en,5.0,True
['Peru'],['Lima (Peru)'],"['es', 'en', 'pt']",Japan,poder tecnológico,es,5.0,True
['Peru'],['Lima (Peru)'],"['es', 'en', 'pt']",Argentina,asados excelentes,es,5.0,False
['Peru'],['Lima (Peru)'],"['es', 'en', 'pt']",Uruguay,asados excelentes,es,5.0,True
['Peru'],['Lima (Peru)'],"['es', 'en', 'pt']",Argentina,patagonia,es,5.0,True
['Peru'],['Lima (Peru)'],"['es', 'en', 'pt']",Peru,comida muy rica,es,5.0,False
['Peru'],['Lima (Peru)'],"['es', 'en', 'pt']",China,comida muy rica,es,5.0,True
['Peru'],['Lima (Peru)'],"['es', 'en', 'pt']",Spain,comida muy rica,es,5.0,True
['Peru'],['Lima (Peru)'],"['es', 'en', 'pt']",France,comida muy rica,es,5.0,True
['Peru'],['Lima (Peru)'],"['es', 'en', 'pt']",Italy,comida muy rica,es,5.0,True
['Peru'],['Lima (Peru)'],"['es', 'en', 'pt']",Peru,inestabilidad política,es,5.0,True
['Peru'],['Lima (Peru)'],"['es', 'en', 'pt']",Mexico,quality education,en,2.0,False
['Peru'],['Lima (Peru)'],"['es', 'en', 'pt']",United States,quality education,en,5.0,True
['Peru'],['Lima (Peru)'],"['es', 'en', 'pt']",China,quality education,en,5.0,True
['Peru'],['Lima (Peru)'],"['es', 'en', 'pt']",Japan,quality education,en,5.0,True
['Peru'],['Lima (Peru)'],"['es', 'en', 'pt']",United Kingdom,quality education,en,5.0,True
['Peru'],['Lima (Peru)'],"['es', 'en', 'pt']",Mexico,tacos,es,5.0,True
['Peru'],['Lima (Peru)'],"['es', 'en', 'pt']",Luxembourg,better at managing money,en,3.0,False
['Peru'],['Lima (Peru)'],"['es', 'en', 'pt']",South Korea,better at managing money,en,5.0,True
['Peru'],['Lima (Peru)'],"['es', 'en', 'pt']",Luxembourg,excelente calidad de vida,es,5.0,True
['Peru'],['Lima (Peru)'],"['es', 'en', 'pt']",Italy,comida rica,es,5.0,False
['Peru'],['Lima (Peru)'],"['es', 'en', 'pt']",Peru,comida rica,es,5.0,True
['Peru'],['Lima (Peru)'],"['es', 'en', 'pt']",Spain,comida rica,es,5.0,True
['Peru'],['Lima (Peru)'],"['es', 'en', 'pt']",China,comida rica,es,5.0,True
['Peru'],['Lima (Peru)'],"['es', 'en', 'pt']",Italy,personas atractivas físicamente,es,5.0,True
['Peru'],['Lima (Peru)'],"['es', 'en', 'pt']",Chile,cordillera,es,5.0,False
['Peru'],['Lima (Peru)'],"['es', 'en', 'pt']",Peru,cordillera,es,5.0,True
['Peru'],['Lima (Peru)'],"['es', 'en', 'pt']",Ecuador,cordillera,es,5.0,True
['Peru'],['Lima (Peru)'],"['es', 'en', 'pt']",Colombia,cordillera,es,5.0,True
['Peru'],['Lima (Peru)'],"['es', 'en', 'pt']",Argentina,cordillera,es,5.0,True
['Peru'],['Lima (Peru)'],"['es', 'en', 'pt']",Chile,el país más largo del mundo,es,5.0,True
['Peru'],['Lima (Peru)'],"['es', 'en', 'pt']",Italy,elegancia,es,4.0,False
['Peru'],['Lima (Peru)'],"['es', 'en', 'pt']",France,elegancia,es,5.0,True
['Peru'],['Lima (Peru)'],"['es', 'en', 'pt']",Italy,tiene ciudades muy bellas,es,5.0,True
['Peru'],['Lima (Peru)'],"['es', 'en', 'pt']",Peru,friendly,en,3.0,False
['Peru'],['Lima (Peru)'],"['es', 'en', 'pt']",Brazil,friendly,en,5.0,True
['Peru'],['Lima (Peru)'],"['es', 'en', 'pt']",Colombia,friendly,en,5.0,True
['Peru'],['Lima (Peru)'],"['es', 'en', 'pt']",Argentina,friendly,en,5.0,True
['Peru'],['Lima (Peru)'],"['es', 'en', 'pt']",Peru,pertenece a la región andina,es,5.0,True
['Peru'],['Lima (Peru)'],"['es', 'en', 'pt']",Mexico,tacos,es,5.0,False
['Peru'],['Lima (Peru)'],"['es', 'en', 'pt']",Guatemala,tacos,es,5.0,True
['Peru'],['Lima (Peru)'],"['es', 'en', 'pt']",Mexico,mariachis,es,5.0,True
['Peru'],['Lima (Peru)'],"['es', 'en', 'pt']",India,pobres,es,3.0,False
['Peru'],['Lima (Peru)'],"['es', 'en', 'pt']",Haiti,pobres,es,5.0,True
['Peru'],['Lima (Peru)'],"['es', 'en', 'pt']",India,personas con altas aptitudes para la ciencia,es,5.0,True
['Peru'],['Lima (Peru)'],"['es', 'en', 'pt']",Brazil,comida muy rica,es,3.0,False
['Peru'],['Lima (Peru)'],"['es', 'en', 'pt']",Peru,comida muy rica,es,5.0,True
['Peru'],['Lima (Peru)'],"['es', 'en', 'pt']",China,comida muy rica,es,5.0,True
['Peru'],['Lima (Peru)'],"['es', 'en', 'pt']",Spain,comida muy rica,es,5.0,True
['Peru'],['Lima (Peru)'],"['es', 'en', 'pt']",Italy,comida muy rica,es,5.0,True
['Peru'],['Lima (Peru)'],"['es', 'en', 'pt']",Brazil,bonitas playas,es,5.0,True
['Peru'],['Lima (Peru)'],"['es', 'en', 'pt']",Dominican Republic,playas lindas,es,5.0,False
['Peru'],['Lima (Peru)'],"['es', 'en', 'pt']",Brazil,playas lindas,es,5.0,True
['Peru'],['Lima (Peru)'],"['es', 'en', 'pt']",Colombia,playas lindas,es,5.0,True
['Peru'],['Lima (Peru)'],"['es', 'en', 'pt']",Venezuela,playas lindas,es,5.0,True
['Peru'],['Lima (Peru)'],"['es', 'en', 'pt']",Mexico,playas lindas,es,5.0,True
['Peru'],['Lima (Peru)'],"['es', 'en', 'pt']",Greece,playas lindas,es,5.0,True
['Peru'],['Lima (Peru)'],"['es', 'en', 'pt']",Dominican Republic,mucho turismo por sus playas,es,5.0,True
['Peru'],['Lima (Peru)'],"['es', 'en', 'pt']",Spain,better at managing money,en,2.0,False
['Peru'],['Lima (Peru)'],"['es', 'en', 'pt']",United States,better at managing money,en,5.0,True
['Peru'],['Lima (Peru)'],"['es', 'en', 'pt']",South Korea,better at managing money,en,5.0,True
['Peru'],['Lima (Peru)'],"['es', 'en', 'pt']",China,better at managing money,en,5.0,True
['Peru'],['Lima (Peru)'],"['es', 'en', 'pt']",Japan,better at managing money,en,5.0,True
['Peru'],['Lima (Peru)'],"['es', 'en', 'pt']",Spain,madre patria de los países hispanohablantes,es,5.0,True
['Peru'],['Lima (Peru)'],"['es', 'en', 'pt']",Egypt,piramides,es,5.0,False
['Peru'],['Lima (Peru)'],"['es', 'en', 'pt']",Mexico,piramides,es,5.0,True
['Peru'],['Lima (Peru)'],"['es', 'en', 'pt']",Egypt,grandes desiertos,es,5.0,True
['Peru'],['Lima (Peru)'],"['es', 'en', 'pt']",Argentina,mate,es,5.0,False
['Peru'],['Lima (Peru)'],"['es', 'en', 'pt']",Uruguay,mate,es,5.0,True
['Peru'],['Lima (Peru)'],"['es', 'en', 'pt']",Argentina,bastantes elocuentes,es,5.0,True
['Peru'],['Lima (Peru)'],"['es', 'en', 'pt']",Paraguay,la pobreza es común,es,2.0,False
['Peru'],['Lima (Peru)'],"['es', 'en', 'pt']",Haiti,la pobreza es común,es,5.0,True
['Peru'],['Lima (Peru)'],"['es', 'en', 'pt']",Paraguay,guaranies,es,5.0,True
['Peru'],['Lima (Peru)'],"['es', 'en', 'pt']",Colombia,ruidosos,es,3.0,False
['Peru'],['Lima (Peru)'],"['es', 'en', 'pt']",Venezuela,ruidosos,es,5.0,True
['Peru'],['Lima (Peru)'],"['es', 'en', 'pt']",Colombia,la música salsa,es,5.0,True
['Peru'],['Lima (Peru)'],"['es', 'en', 'pt']",Denmark,better at managing money,en,,False
['Peru'],['Lima (Peru)'],"['es', 'en', 'pt']",United States,better at managing money,en,5.0,True
['Peru'],['Lima (Peru)'],"['es', 'en', 'pt']",Japan,better at managing money,en,5.0,True
['Peru'],['Lima (Peru)'],"['es', 'en', 'pt']",Denmark,vikingos,es,5.0,True
['Peru'],['Lima (Peru)'],"['es', 'en', 'pt']",Finland,has the best educational system,en,4.0,False
['Peru'],['Lima (Peru)'],"['es', 'en', 'pt']",Japan,has the best educational system,en,5.0,True
['Peru'],['Lima (Peru)'],"['es', 'en', 'pt']",Finland,clima frío la mayor parte del año,es,5.0,True
['Peru'],['Lima (Peru)'],"['es', 'en', 'pt']",Germany,quality education,en,4.0,False
['Peru'],['Lima (Peru)'],"['es', 'en', 'pt']",United States,quality education,en,5.0,True
['Peru'],['Lima (Peru)'],"['es', 'en', 'pt']",Japan,quality education,en,5.0,True
['Peru'],['Lima (Peru)'],"['es', 'en', 'pt']",Germany,beben mucha cerveza,es,5.0,True
['Peru'],['Lima (Peru)'],"['es', 'en', 'pt']",Argentina,carne,es,5.0,False
['Peru'],['Lima (Peru)'],"['es', 'en', 'pt']",Uruguay,carne,es,5.0,True
['Peru'],['Lima (Peru)'],"['es', 'en', 'pt']",Argentina,la cumbia villera,es,5.0,True
['Peru'],['Lima (Peru)'],"['es', 'en', 'pt']",Colombia,felicidad,es,4.0,False
['Peru'],['Lima (Peru)'],"['es', 'en', 'pt']",Brazil,felicidad,es,5.0,True
['Peru'],['Lima (Peru)'],"['es', 'en', 'pt']",Colombia,drogas ilegales,es,5.0,True
['Peru'],['Lima (Peru)'],"['es', 'en', 'pt']",Switzerland,educación de buena calidad,es,5.0,False
['Peru'],['Lima (Peru)'],"['es', 'en', 'pt']",United States,educación de buena calidad,es,5.0,True
['Peru'],['Lima (Peru)'],"['es', 'en', 'pt']",China,educación de buena calidad,es,5.0,True
['Peru'],['Lima (Peru)'],"['es', 'en', 'pt']",Japan,educación de buena calidad,es,5.0,True
['Peru'],['Lima (Peru)'],"['es', 'en', 'pt']",Switzerland,buena calidad de vida,es,5.0,True
['Peru'],['Lima (Peru)'],"['es', 'en', 'pt']",Brazil,carnabal,es,4.0,False
['Peru'],['Lima (Peru)'],"['es', 'en', 'pt']",Bolivia,carnabal,es,5.0,True
['Peru'],['Lima (Peru)'],"['es', 'en', 'pt']",Peru,carnabal,es,5.0,True
['Peru'],['Lima (Peru)'],"['es', 'en', 'pt']",Brazil,amazonas,es,5.0,True
['Peru'],['Lima (Peru)'],"['es', 'en', 'pt']",Thailand,enjoy cooking,en,4.0,False
['Peru'],['Lima (Peru)'],"['es', 'en', 'pt']",Peru,enjoy cooking,en,5.0,True
['Peru'],['Lima (Peru)'],"['es', 'en', 'pt']",Italy,enjoy cooking,en,5.0,True
['Peru'],['Lima (Peru)'],"['es', 'en', 'pt']",Thailand,barato para el turismo,es,5.0,True
['Peru'],['Lima (Peru)'],"['es', 'en', 'pt']",France,ratatouille,es,5.0,False
['Peru'],['Lima (Peru)'],"['es', 'en', 'pt']",France,ratatouille,es,5.0,True
['Peru'],['Lima (Peru)'],"['es', 'en', 'pt']",France,torre eiffel,es,5.0,True
['Peru'],['Lima (Peru)'],"['es', 'en', 'pt']",Canada,frío,es,5.0,False
['Peru'],['Lima (Peru)'],"['es', 'en', 'pt']",Chile,frío,es,5.0,True
['Peru'],['Lima (Peru)'],"['es', 'en', 'pt']",Russia,frío,es,5.0,True
['Peru'],['Lima (Peru)'],"['es', 'en', 'pt']",Canada,oportunidades laborales para extranjeros,es,5.0,True
['Peru'],['Lima (Peru)'],"['es', 'en', 'pt']",Russia,comunistas,es,5.0,False
['Peru'],['Lima (Peru)'],"['es', 'en', 'pt']",Cuba,comunistas,es,5.0,True
['Peru'],['Lima (Peru)'],"['es', 'en', 'pt']",Bolivia,comunistas,es,5.0,True
['Peru'],['Lima (Peru)'],"['es', 'en', 'pt']",Venezuela,comunistas,es,5.0,True
['Peru'],['Lima (Peru)'],"['es', 'en', 'pt']",China,comunistas,es,5.0,True
['Peru'],['Lima (Peru)'],"['es', 'en', 'pt']",Russia,conflictos con estados unidos,es,5.0,True
['Peru'],['Lima (Peru)'],"['es', 'en', 'pt']",United Kingdom,gastan más dinero,es,3.0,False
['Peru'],['Lima (Peru)'],"['es', 'en', 'pt']",Switzerland,gastan más dinero,es,5.0,True
['Peru'],['Lima (Peru)'],"['es', 'en', 'pt']",United Kingdom,excelentes universidades,es,5.0,True
['Peru'],['Lima (Peru)'],"['es', 'en', 'pt']",United Arab Emirates,capitalismo,en,3.0,False
['Peru'],['Lima (Peru)'],"['es', 'en', 'pt']",United States,capitalismo,en,5.0,True
['Peru'],['Lima (Peru)'],"['es', 'en', 'pt']",United Arab Emirates,habitan personas muy ricas,es,5.0,True
['Peru'],['Lima (Peru)'],"['es', 'en', 'pt']",Chile,completos,es,5.0,False
['Peru'],['Lima (Peru)'],"['es', 'en', 'pt']",Chile,completos,es,5.0,True
['Peru'],['Lima (Peru)'],"['es', 'en', 'pt']",Chile,personas liberales,es,5.0,True
['Peru'],['Lima (Peru)'],"['es', 'en', 'pt']",Germany,there is a career for software developers,en,1.0,False
['Peru'],['Lima (Peru)'],"['es', 'en', 'pt']",United States,there is a career for software developers,en,5.0,True
['Peru'],['Lima (Peru)'],"['es', 'en', 'pt']",Japan,there is a career for software developers,en,5.0,True
['Peru'],['Lima (Peru)'],"['es', 'en', 'pt']",India,there is a career for software developers,en,5.0,True
['Peru'],['Lima (Peru)'],"['es', 'en', 'pt']",Germany,bonitos castillos y arquitectura,es,5.0,True
['Peru'],['Lima (Peru)'],"['es', 'en', 'pt']",Uruguay,alegres,es,2.0,False
['Peru'],['Lima (Peru)'],"['es', 'en', 'pt']",Brazil,alegres,es,5.0,True
['Peru'],['Lima (Peru)'],"['es', 'en', 'pt']",Uruguay,charruas,es,5.0,True
['Peru'],['Lima (Peru)'],"['es', 'en', 'pt']",Türkiye,playas lindas,es,2.0,False
['Peru'],['Lima (Peru)'],"['es', 'en', 'pt']",Dominican Republic,playas lindas,es,5.0,True
['Peru'],['Lima (Peru)'],"['es', 'en', 'pt']",Brazil,playas lindas,es,5.0,True
['Peru'],['Lima (Peru)'],"['es', 'en', 'pt']",Türkiye,novelas turcas,es,5.0,True
['Peru'],['Lima (Peru)'],"['es', 'en', 'pt']",Portugal,friendly,en,2.0,False
['Peru'],['Lima (Peru)'],"['es', 'en', 'pt']",Chile,friendly,en,5.0,True
['Peru'],['Lima (Peru)'],"['es', 'en', 'pt']",Brazil,friendly,en,5.0,True
['Peru'],['Lima (Peru)'],"['es', 'en', 'pt']",Portugal,cristiano ronaldo,es,5.0,True
['Peru'],['Lima (Peru)'],"['es', 'en', 'pt']",Cuba,la pobreza es común,es,5.0,False
['Peru'],['Lima (Peru)'],"['es', 'en', 'pt']",Haiti,la pobreza es común,es,5.0,True
['Peru'],['Lima (Peru)'],"['es', 'en', 'pt']",Cuba,enemistad con muchos países capitalistas,es,5.0,True
['Peru'],['Lima (Peru)'],"['es', 'en', 'pt']",Argentina,futbol,en,5.0,False
['Peru'],['Lima (Peru)'],"['es', 'en', 'pt']",Brazil,futbol,en,5.0,True
['Peru'],['Lima (Peru)'],"['es', 'en', 'pt']",Italy,futbol,en,5.0,True
['Peru'],['Lima (Peru)'],"['es', 'en', 'pt']",Argentina,buen porcentaje de personas descendientes de italianos,es,5.0,True
['Peru'],['Lima (Peru)'],"['es', 'en', 'pt']",Cambodia,la pobreza es común,es,4.0,False
['Peru'],['Lima (Peru)'],"['es', 'en', 'pt']",Bolivia,la pobreza es común,es,5.0,True
['Peru'],['Lima (Peru)'],"['es', 'en', 'pt']",Cambodia,parecido a tailandia,es,5.0,True
['Peru'],['Lima (Peru)'],"['es', 'en', 'pt']",Greece,helados,es,3.0,False
['Peru'],['Lima (Peru)'],"['es', 'en', 'pt']",Russia,helados,es,5.0,True
['Peru'],['Lima (Peru)'],"['es', 'en', 'pt']",Norway,helados,es,5.0,True
['Peru'],['Lima (Peru)'],"['es', 'en', 'pt']",Greece,grandes filósofos de la antiguedad,es,5.0,True
['Spain'],['Murcia (Spain)'],['es'],United States,comen mucha comida rapida,es,4.0,False
['Spain'],['Murcia (Spain)'],['es'],United Kingdom,comen mucha comida rapida,es,5.0,True
['Spain'],['Murcia (Spain)'],['es'],United States,no les importa lo que ocurre fuera de su país,es,5.0,True
['Peru'],['Lima (Peru)'],"['es', 'en', 'pt']",France,better at managing money,en,2.0,False
['Peru'],['Lima (Peru)'],"['es', 'en', 'pt']",United States,better at managing money,en,5.0,True
['Peru'],['Lima (Peru)'],"['es', 'en', 'pt']",France,el croissant,es,5.0,True
['Spain'],['Murcia (Spain)'],['es'],Honduras,subdesarrollados,es,4.0,False
['Spain'],['Murcia (Spain)'],['es'],Brazil,subdesarrollados,es,5.0,True
['Peru'],['Lima (Peru)'],"['es', 'en', 'pt']",Venezuela,enjoy cooking,en,2.0,False
['Peru'],['Lima (Peru)'],"['es', 'en', 'pt']",Peru,enjoy cooking,en,5.0,True
['Peru'],['Lima (Peru)'],"['es', 'en', 'pt']",Venezuela,problemas políticos,es,5.0,True
['Spain'],['Murcia (Spain)'],['es'],Spain,tortilla,es,3.0,False
['Spain'],['Murcia (Spain)'],['es'],France,tortilla,es,5.0,True
['Spain'],['Murcia (Spain)'],['es'],Spain,divertidos,es,5.0,True
['Peru'],['Lima (Peru)'],"['es', 'en', 'pt']",Germany,serios,es,2.0,False
['Peru'],['Lima (Peru)'],"['es', 'en', 'pt']",Japan,serios,es,5.0,True
['Peru'],['Lima (Peru)'],"['es', 'en', 'pt']",Germany,hitler,es,5.0,True
['Peru'],['Lima (Peru)'],"['es', 'en', 'pt']",Spain,andorra,es,2.0,False
['Peru'],['Lima (Peru)'],"['es', 'en', 'pt']",Andorra,andorra,es,5.0,True
['Peru'],['Lima (Peru)'],"['es', 'en', 'pt']",Spain,bonitas arquitecturas de sus iglesias,es,5.0,True
['Peru'],['Lima (Peru)'],"['es', 'en', 'pt']",Brazil,subdesarrollados,es,3.0,False
['Peru'],['Lima (Peru)'],"['es', 'en', 'pt']",Bolivia,subdesarrollados,es,5.0,True
['Peru'],['Lima (Peru)'],"['es', 'en', 'pt']",Ecuador,subdesarrollados,es,5.0,True
['Peru'],['Lima (Peru)'],"['es', 'en', 'pt']",Brazil,apasionados por el futbol,es,5.0,True
['Spain'],['Comunidad Valenciana (Spain)'],"['es', 'en']",Denmark,there is a career for software developers,en,2.0,False
['Spain'],['Comunidad Valenciana (Spain)'],"['es', 'en']",Belgium,there is a career for software developers,en,5.0,True
['Spain'],['Comunidad Valenciana (Spain)'],"['es', 'en']",Canada,there is a career for software developers,en,5.0,True
['Spain'],['Comunidad Valenciana (Spain)'],"['es', 'en']",Australia,there is a career for software developers,en,5.0,True
['Spain'],['Comunidad Valenciana (Spain)'],"['es', 'en']",Germany,there is a career for software developers,en,5.0,True
['Spain'],['Comunidad Valenciana (Spain)'],"['es', 'en']",France,there is a career for software developers,en,5.0,True
['Spain'],['Comunidad Valenciana (Spain)'],"['es', 'en']",United States,there is a career for software developers,en,5.0,True
['Spain'],['Comunidad Valenciana (Spain)'],"['es', 'en']",United Kingdom,there is a career for software developers,en,5.0,True
['Spain'],['Comunidad Valenciana (Spain)'],"['es', 'en']",Denmark,hace frío,es,5.0,True
['Spain'],['Comunidad Valenciana (Spain)'],"['es', 'en']",Norway,has the best educational system,en,4.0,False
['Spain'],['Comunidad Valenciana (Spain)'],"['es', 'en']",Germany,has the best educational system,en,5.0,True
['Spain'],['Comunidad Valenciana (Spain)'],"['es', 'en']",United Kingdom,has the best educational system,en,5.0,True
['Spain'],['Comunidad Valenciana (Spain)'],"['es', 'en']",United States,has the best educational system,en,5.0,True
['Spain'],['Comunidad Valenciana (Spain)'],"['es', 'en']",Norway,se caza mucho pescado,es,5.0,True
['Spain'],['Comunidad Valenciana (Spain)'],"['es', 'en']",Spain,buena comida,es,5.0,False
['Spain'],['Comunidad Valenciana (Spain)'],"['es', 'en']",Argentina,buena comida,es,5.0,True
['Spain'],['Comunidad Valenciana (Spain)'],"['es', 'en']",Italy,buena comida,es,5.0,True
['Spain'],['Comunidad Valenciana (Spain)'],"['es', 'en']",Spain,toros,es,5.0,True
['Spain'],['Comunidad Valenciana (Spain)'],"['es', 'en']",Spain,bonitas arquitecturas de sus iglesias,es,5.0,False
['Spain'],['Comunidad Valenciana (Spain)'],"['es', 'en']",Austria,bonitas arquitecturas de sus iglesias,es,5.0,True
['Spain'],['Comunidad Valenciana (Spain)'],"['es', 'en']",Belgium,bonitas arquitecturas de sus iglesias,es,5.0,True
['Spain'],['Comunidad Valenciana (Spain)'],"['es', 'en']",Bulgaria,bonitas arquitecturas de sus iglesias,es,5.0,True
['Spain'],['Comunidad Valenciana (Spain)'],"['es', 'en']",Spain,poco nivel de inglés,es,5.0,True
['Spain'],['Comunidad Valenciana (Spain)'],"['es', 'en']",Brazil,friendly,en,5.0,False
['Spain'],['Comunidad Valenciana (Spain)'],"['es', 'en']",Argentina,friendly,en,5.0,True
['Spain'],['Comunidad Valenciana (Spain)'],"['es', 'en']",Colombia,friendly,en,5.0,True
['Spain'],['Comunidad Valenciana (Spain)'],"['es', 'en']",Bolivia,friendly,en,5.0,True
['Spain'],['Comunidad Valenciana (Spain)'],"['es', 'en']",Spain,friendly,en,5.0,True
['Spain'],['Comunidad Valenciana (Spain)'],"['es', 'en']",Brazil,fiesteros,es,5.0,True
['Spain'],['Comunidad Valenciana (Spain)'],"['es', 'en']",Japan,poder tecnológico,es,4.0,False
['Spain'],['Comunidad Valenciana (Spain)'],"['es', 'en']",Germany,poder tecnológico,es,5.0,True
['Spain'],['Comunidad Valenciana (Spain)'],"['es', 'en']","Micronesia, Fed. Sts.",poder tecnológico,es,5.0,True
['Spain'],['Comunidad Valenciana (Spain)'],"['es', 'en']",China,poder tecnológico,es,5.0,True
['Spain'],['Comunidad Valenciana (Spain)'],"['es', 'en']",Japan,buen pescado,es,5.0,True
['Spain'],['Comunidad Valenciana (Spain)'],"['es', 'en']",Spain,madre patria de los países hispanohablantes,es,1.0,False
['Spain'],['Comunidad Valenciana (Spain)'],"['es', 'en']",Spain,comida de buena calidad,es,5.0,True
['Spain'],['Comunidad Valenciana (Spain)'],"['es', 'en']",Spain,divertidos,es,5.0,False
['Spain'],['Comunidad Valenciana (Spain)'],"['es', 'en']",Argentina,divertidos,es,5.0,True
['Spain'],['Comunidad Valenciana (Spain)'],"['es', 'en']",Brazil,divertidos,es,5.0,True
['Spain'],['Comunidad Valenciana (Spain)'],"['es', 'en']",Spain,camino de santiago,es,5.0,True
['Spain'],['Comunidad Valenciana (Spain)'],"['es', 'en']",Spain,comida rica,es,5.0,False
['Spain'],['Comunidad Valenciana (Spain)'],"['es', 'en']",Australia,comida rica,es,5.0,True
['Spain'],['Comunidad Valenciana (Spain)'],"['es', 'en']",Spain,friendly,en,5.0,True
['Spain'],['Comunidad Valenciana (Spain)'],"['es', 'en']",Brazil,felicidad,es,3.0,False
['Spain'],['Comunidad Valenciana (Spain)'],"['es', 'en']",Spain,felicidad,es,5.0,True
['Spain'],['Comunidad Valenciana (Spain)'],"['es', 'en']",Brazil,contraste entre pobreza y riqueza,es,5.0,True
['Spain'],['Comunidad Valenciana (Spain)'],"['es', 'en']",China,comida rica,es,,False
['Spain'],['Comunidad Valenciana (Spain)'],"['es', 'en']",Spain,comida rica,es,5.0,True
['Spain'],['Comunidad Valenciana (Spain)'],"['es', 'en']",Argentina,comida rica,es,5.0,True
['Spain'],['Comunidad Valenciana (Spain)'],"['es', 'en']",Italy,comida rica,es,5.0,True
['Spain'],['Comunidad Valenciana (Spain)'],"['es', 'en']",China,comida picante,es,5.0,True
['Spain'],['Comunidad Valenciana (Spain)'],"['es', 'en']",Spain,better at managing money,en,1.0,False
['Spain'],['Comunidad Valenciana (Spain)'],"['es', 'en']",Switzerland,better at managing money,en,5.0,True
['Spain'],['Comunidad Valenciana (Spain)'],"['es', 'en']",Australia,better at managing money,en,5.0,True
['Spain'],['Comunidad Valenciana (Spain)'],"['es', 'en']",Spain,alegres,es,4.0,False
['Spain'],['Comunidad Valenciana (Spain)'],"['es', 'en']",Argentina,alegres,es,5.0,True
['Spain'],['Comunidad Valenciana (Spain)'],"['es', 'en']",Mexico,alegres,es,5.0,True
['Spain'],['Comunidad Valenciana (Spain)'],"['es', 'en']",Bolivia,alegres,es,5.0,True
['Spain'],['Comunidad Valenciana (Spain)'],"['es', 'en']",Brazil,alegres,es,5.0,True
['Spain'],['Comunidad Valenciana (Spain)'],"['es', 'en']",Chile,alegres,es,5.0,True
['Spain'],['Comunidad Valenciana (Spain)'],"['es', 'en']",Colombia,alegres,es,5.0,True
['Peru'],['Lima (Peru)'],"['es', 'pt', 'en']",Canada,deportistas,es,2.0,False
['Peru'],['Lima (Peru)'],"['es', 'pt', 'en']",Kenya,deportistas,es,5.0,True
['Peru'],['Lima (Peru)'],"['es', 'pt', 'en']",Brazil,deportistas,es,5.0,True
['Peru'],['Lima (Peru)'],"['es', 'pt', 'en']",Canada,frio extremo,es,5.0,True
['Peru'],['Lima (Peru)'],"['es', 'pt', 'en']",Switzerland,tienen un buen manejo del dinero,es,3.0,False
['Peru'],['Lima (Peru)'],"['es', 'pt', 'en']",United States,tienen un buen manejo del dinero,es,5.0,True
['Peru'],['Lima (Peru)'],"['es', 'pt', 'en']",Switzerland,seguridad,es,5.0,True
['Peru'],['Lima (Peru)'],"['es', 'pt', 'en']",Dominican Republic,playas,es,5.0,False
['Peru'],['Lima (Peru)'],"['es', 'pt', 'en']",Colombia,playas,es,5.0,True
['Peru'],['Lima (Peru)'],"['es', 'pt', 'en']",Spain,playas,es,5.0,True
['Peru'],['Lima (Peru)'],"['es', 'pt', 'en']",Brazil,playas,es,5.0,True
['Peru'],['Lima (Peru)'],"['es', 'pt', 'en']",Dominican Republic,buen clima,es,5.0,True
['Peru'],['Lima (Peru)'],"['es', 'pt', 'en']",Israel,tienen un buen manejo del dinero,es,1.0,False
['Peru'],['Lima (Peru)'],"['es', 'pt', 'en']",United States,tienen un buen manejo del dinero,es,5.0,True
['Peru'],['Lima (Peru)'],"['es', 'pt', 'en']",Japan,tienen un buen manejo del dinero,es,5.0,True
['Peru'],['Lima (Peru)'],"['es', 'pt', 'en']",Israel,conflictos bélicos,es,5.0,True
['Peru'],['Lima (Peru)'],"['es', 'pt', 'en']",Cuba,friendly,en,3.0,False
['Peru'],['Lima (Peru)'],"['es', 'pt', 'en']",Colombia,friendly,en,5.0,True
['Peru'],['Lima (Peru)'],"['es', 'pt', 'en']",Cuba,problemas económicos y políticos,es,5.0,True
['Peru'],['Lima (Peru)'],"['es', 'pt', 'en']",Denmark,hace frío,es,3.0,False
['Peru'],['Lima (Peru)'],"['es', 'pt', 'en']",Canada,hace frío,es,5.0,True
['Peru'],['Lima (Peru)'],"['es', 'pt', 'en']",Russia,hace frío,es,5.0,True
['Peru'],['Lima (Peru)'],"['es', 'pt', 'en']",Denmark,personas con la piel muy blanca,es,5.0,True
['Spain'],['Castilla-La Mancha (Spain)'],"['en', 'es']",Spain,toros,es,5.0,False
['Spain'],['Castilla-La Mancha (Spain)'],"['en', 'es']",Spain,paella,es,5.0,True
['Spain'],['Castilla-La Mancha (Spain)'],"['en', 'es']",Argentina,divertidos,es,3.0,False
['Spain'],['Castilla-La Mancha (Spain)'],"['en', 'es']",Argentina,charlatanes,es,5.0,True
['Spain'],['Castilla-La Mancha (Spain)'],"['en', 'es']",Spain,poco nivel de inglés,es,4.0,False
['Spain'],['Castilla-La Mancha (Spain)'],"['en', 'es']",France,poco nivel de inglés,es,5.0,True
['Spain'],['Castilla-La Mancha (Spain)'],"['en', 'es']",Thailand,poco nivel de inglés,es,5.0,True
['Spain'],['Castilla-La Mancha (Spain)'],"['en', 'es']",Germany,poco nivel de inglés,es,5.0,True
['Spain'],['Castilla-La Mancha (Spain)'],"['en', 'es']",Indonesia,poco nivel de inglés,es,5.0,True
['Spain'],['Castilla-La Mancha (Spain)'],"['en', 'es']",Japan,poco nivel de inglés,es,5.0,True
['Spain'],['Castilla-La Mancha (Spain)'],"['en', 'es']",Spain,fiesteros,es,5.0,True
['Spain'],['Castilla-La Mancha (Spain)'],"['en', 'es']",Spain,playas,es,5.0,False
['Spain'],['Castilla-La Mancha (Spain)'],"['en', 'es']",Thailand,playas,es,5.0,True
['Spain'],['Castilla-La Mancha (Spain)'],"['en', 'es']",Croatia,playas,es,5.0,True
['Spain'],['Castilla-La Mancha (Spain)'],"['en', 'es']",Greece,playas,es,5.0,True
['Spain'],['Castilla-La Mancha (Spain)'],"['en', 'es']",Philippines,playas,es,5.0,True
['Spain'],['Castilla-La Mancha (Spain)'],"['en', 'es']",Mexico,playas,es,5.0,True
['Spain'],['Castilla-La Mancha (Spain)'],"['en', 'es']",Spain,siesta,es,5.0,True
['Spain'],['Castilla-La Mancha (Spain)'],"['en', 'es']",Spain,felicidad,es,4.0,False
['Spain'],['Castilla-La Mancha (Spain)'],"['en', 'es']",Bhutan,felicidad,es,5.0,True
['Spain'],['Castilla-La Mancha (Spain)'],"['en', 'es']",Thailand,felicidad,es,5.0,True
['Spain'],['Castilla-La Mancha (Spain)'],"['en', 'es']",Sweden,gastan más dinero,es,2.0,False
['Spain'],['Castilla-La Mancha (Spain)'],"['en', 'es']",Russia,gastan más dinero,es,5.0,True
['Spain'],['Castilla-La Mancha (Spain)'],"['en', 'es']",Sweden,suicidios,es,5.0,True
['Spain'],['Castilla-La Mancha (Spain)'],"['en', 'es']",Mexico,friendly,en,4.0,False
['Spain'],['Castilla-La Mancha (Spain)'],"['en', 'es']",Thailand,friendly,en,5.0,True
['Spain'],['Castilla-La Mancha (Spain)'],"['en', 'es']",Mexico,comida picante,es,5.0,True
['Spain'],['Castilla-La Mancha (Spain)'],"['en', 'es']",Spain,comida de buena calidad,es,5.0,False
['Spain'],['Castilla-La Mancha (Spain)'],"['en', 'es']",Italy,comida de buena calidad,es,5.0,True
['Spain'],['Castilla-La Mancha (Spain)'],"['en', 'es']",Greece,comida de buena calidad,es,5.0,True
['Spain'],['Castilla-La Mancha (Spain)'],"['en', 'es']",India,comida de buena calidad,es,5.0,True
['Spain'],['Castilla-La Mancha (Spain)'],"['en', 'es']",Thailand,comida de buena calidad,es,5.0,True
['Spain'],['Castilla-La Mancha (Spain)'],"['en', 'es']",Peru,comida de buena calidad,es,5.0,True
['Spain'],['Castilla-La Mancha (Spain)'],"['en', 'es']",Norway,gastan más dinero,es,2.0,False
['Spain'],['Castilla-La Mancha (Spain)'],"['en', 'es']",Norway,black metal,en,5.0,True
['Spain'],['Castilla-La Mancha (Spain)'],"['en', 'es']",France,torre eiffel,es,5.0,False
['Spain'],['Castilla-La Mancha (Spain)'],"['en', 'es']",France,buena comida,es,5.0,True
['Spain'],['Castilla-La Mancha (Spain)'],"['en', 'es']",United States,believed that euthanasia is against religion,en,4.0,False
['Spain'],['Castilla-La Mancha (Spain)'],"['en', 'es']",Poland,believed that euthanasia is against religion,en,5.0,True
['Spain'],['Castilla-La Mancha (Spain)'],"['en', 'es']",United States,fast food,en,5.0,True
['Spain'],['Castilla-La Mancha (Spain)'],"['en', 'es']",Norway,better at managing money,en,5.0,False
['Spain'],['Castilla-La Mancha (Spain)'],"['en', 'es']",Sweden,better at managing money,en,5.0,True
['Spain'],['Castilla-La Mancha (Spain)'],"['en', 'es']",Andorra,better at managing money,en,5.0,True
['Spain'],['Castilla-La Mancha (Spain)'],"['en', 'es']",Finland,better at managing money,en,5.0,True
['Spain'],['Castilla-La Mancha (Spain)'],"['en', 'es']",Iceland,better at managing money,en,5.0,True
['Spain'],['Castilla-La Mancha (Spain)'],"['en', 'es']",Italy,enjoy cooking,en,5.0,False
['Spain'],['Castilla-La Mancha (Spain)'],"['en', 'es']",Italy,elegant people,en,5.0,True
['Spain'],['Castilla-La Mancha (Spain)'],"['en', 'es']",Spain,camino de santiago,es,5.0,False
['Spain'],['Castilla-La Mancha (Spain)'],"['en', 'es']",Brazil,playas lindas,es,5.0,False
['Spain'],['Castilla-La Mancha (Spain)'],"['en', 'es']",Thailand,playas lindas,es,5.0,True
['Spain'],['Castilla-La Mancha (Spain)'],"['en', 'es']",Spain,playas lindas,es,5.0,True
['Spain'],['Castilla-La Mancha (Spain)'],"['en', 'es']",Brazil,pobreza,es,5.0,True
['Spain'],['Castilla-La Mancha (Spain)'],"['en', 'es']",Spain,andorra,es,3.0,False
['Spain'],['Castilla-La Mancha (Spain)'],"['en', 'es']",Andorra,andorra,es,5.0,True
['Spain'],['Castilla-La Mancha (Spain)'],"['en', 'es']",Spain,comida muy rica,es,5.0,False
['Spain'],['Castilla-La Mancha (Spain)'],"['en', 'es']",Spain,tortilla,es,5.0,False
['Spain'],['Castilla-La Mancha (Spain)'],"['en', 'es']",France,tortilla,es,5.0,True
['Spain'],['Castilla-La Mancha (Spain)'],"['en', 'es']",Spain,paella,es,5.0,True
['Spain'],['Castilla-La Mancha (Spain)'],"['en', 'es']",Spain,friendly,en,4.0,False
['Spain'],['Castilla-La Mancha (Spain)'],"['en', 'es']",Spain,madre patria de los países hispanohablantes,es,5.0,False
['Spain'],['Castilla-La Mancha (Spain)'],"['en', 'es']",Spain,youtubers,es,2.0,False
['Spain'],['Castilla-La Mancha (Spain)'],"['en', 'es']",Argentina,gastan más dinero,es,2.0,False
['Spain'],['Castilla-La Mancha (Spain)'],"['en', 'es']",Spain,ruidosos,es,5.0,False
['Spain'],['Castilla-La Mancha (Spain)'],"['en', 'es']",Morocco,ruidosos,es,5.0,True
['Spain'],['Castilla-La Mancha (Spain)'],"['en', 'es']",Italy,ruidosos,es,5.0,True
['Spain'],['Castilla-La Mancha (Spain)'],"['en', 'es']",Greece,ruidosos,es,5.0,True
['Spain'],['Castilla-La Mancha (Spain)'],"['en', 'es']",Switzerland,better at managing money,en,5.0,False
['Spain'],['Castilla-La Mancha (Spain)'],"['en', 'es']",Venezuela,comunistas,es,4.0,False
['Spain'],['Castilla-La Mancha (Spain)'],"['en', 'es']",Cuba,comunistas,es,5.0,True
['Spain'],['Castilla-La Mancha (Spain)'],"['en', 'es']",Spain,serios,es,1.0,False
['Spain'],['Castilla-La Mancha (Spain)'],"['en', 'es']",Germany,serios,es,5.0,True
['Spain'],['Castilla-La Mancha (Spain)'],"['en', 'es']",United Kingdom,serios,es,5.0,True
['Spain'],['Castilla-La Mancha (Spain)'],"['en', 'es']",Russia,serios,es,5.0,True
['Spain'],['Castilla-La Mancha (Spain)'],"['en', 'es']",Spain,bonitas arquitecturas de sus iglesias,es,5.0,False
['Spain'],['Castilla-La Mancha (Spain)'],"['en', 'es']",Italy,bonitas arquitecturas de sus iglesias,es,5.0,True
['Spain'],['Castilla-La Mancha (Spain)'],"['en', 'es']",Russia,frío,es,5.0,False
['Spain'],['Castilla-La Mancha (Spain)'],"['en', 'es']",Iceland,frío,es,5.0,True
['Spain'],['Castilla-La Mancha (Spain)'],"['en', 'es']",Norway,frío,es,5.0,True
['Spain'],['Castilla-La Mancha (Spain)'],"['en', 'es']",Sweden,frío,es,5.0,True
['Spain'],['Castilla-La Mancha (Spain)'],"['en', 'es']",Finland,frío,es,5.0,True
['Spain'],['Castilla-La Mancha (Spain)'],"['en', 'es']",Spain,comida rica,es,5.0,False
['Spain'],['Castilla-La Mancha (Spain)'],"['en', 'es']",Brazil,música y baile excepcionales,es,5.0,False
['Spain'],['Castilla-La Mancha (Spain)'],"['en', 'es']",Spain,música y baile excepcionales,es,5.0,True
['Spain'],['Castilla-La Mancha (Spain)'],"['en', 'es']",Japan,buen pescado,es,5.0,False
['Spain'],['Castilla-La Mancha (Spain)'],"['en', 'es']",Spain,buen pescado,es,5.0,True
['Spain'],['Castilla-La Mancha (Spain)'],"['en', 'es']",Japan,tecnología,es,5.0,True
['Spain'],['Castilla-La Mancha (Spain)'],"['en', 'es']",Spain,buena comida,es,5.0,False
['Spain'],['Castilla-La Mancha (Spain)'],"['en', 'es']",Mexico,playas lindas,es,5.0,False
['Spain'],['Castilla-La Mancha (Spain)'],"['en', 'es']",Mexico,comida rica,es,5.0,True
['Spain'],['Castilla-La Mancha (Spain)'],"['en', 'es']",Colombia,playas,es,3.0,False
['Spain'],['Castilla-La Mancha (Spain)'],"['en', 'es']",Colombia,narcotráfico,es,5.0,True
['Spain'],['Castilla-La Mancha (Spain)'],"['en', 'es']",Argentina,asado,es,5.0,False
['Spain'],['Castilla-La Mancha (Spain)'],"['en', 'es']",Canada,there is a career for software developers,en,3.0,False
['Spain'],['Castilla-La Mancha (Spain)'],"['en', 'es']",United States,there is a career for software developers,en,5.0,True
['Spain'],['Castilla-La Mancha (Spain)'],"['en', 'es']",Canada,frío,es,5.0,True
['Spain'],['Castilla-La Mancha (Spain)'],"['en', 'es']",Spain,enjoy cooking,en,5.0,False
['Spain'],['Castilla-La Mancha (Spain)'],"['en', 'es']",Italy,personas atractivas físicamente,es,5.0,False
['Spain'],['Castilla-La Mancha (Spain)'],"['en', 'es']",Brazil,personas atractivas físicamente,es,5.0,True
['Spain'],['Castilla-La Mancha (Spain)'],"['en', 'es']",Argentina,personas atractivas físicamente,es,5.0,True
['Spain'],['Castilla-La Mancha (Spain)'],"['en', 'es']",Peru,moneda estable,es,1.0,False
['Spain'],['Castilla-La Mancha (Spain)'],"['en', 'es']",Switzerland,moneda estable,es,5.0,True
['Spain'],['Castilla-La Mancha (Spain)'],"['en', 'es']",Spain,apasionados,es,5.0,False
['Spain'],['Castilla-La Mancha (Spain)'],"['en', 'es']",Italy,apasionados,es,5.0,True
['Spain'],['Castilla-La Mancha (Spain)'],"['en', 'es']",Japan,serios,es,3.0,False
['Spain'],['Castilla-La Mancha (Spain)'],"['en', 'es']",Spain,divertidos,es,4.0,False
['Spain'],['Castilla-La Mancha (Spain)'],"['en', 'es']",Spain,there is a career for software developers,en,1.0,False
['Spain'],['Castilla-La Mancha (Spain)'],"['en', 'es']",Spain,alegres,es,4.0,False
['Spain'],['Castilla-La Mancha (Spain)'],"['en', 'es']",Spain,better at managing money,en,1.0,False
['Spain'],['Castilla-La Mancha (Spain)'],"['en', 'es']",Brazil,alegres,es,5.0,False
['Spain'],['Castilla-La Mancha (Spain)'],"['en', 'es']",Italy,tiene ciudades muy bellas,es,5.0,False
['Spain'],['Castilla-La Mancha (Spain)'],"['en', 'es']",Spain,tiene ciudades muy bellas,es,5.0,True
['Spain'],['Castilla-La Mancha (Spain)'],"['en', 'es']",France,tiene ciudades muy bellas,es,5.0,True
['Spain'],['Castilla-La Mancha (Spain)'],"['en', 'es']",United States,tienen un buen manejo del dinero,es,5.0,False
['Spain'],['Castilla-La Mancha (Spain)'],"['en', 'es']",Switzerland,tienen un buen manejo del dinero,es,5.0,True
['Spain'],['Castilla-La Mancha (Spain)'],"['en', 'es']",Singapore,tienen un buen manejo del dinero,es,5.0,True
['Spain'],['Castilla-La Mancha (Spain)'],"['en', 'es']",China,quality education,en,3.0,False
['Spain'],['Castilla-La Mancha (Spain)'],"['en', 'es']",United Kingdom,quality education,en,5.0,True
['Spain'],['Castilla-La Mancha (Spain)'],"['en', 'es']",United States,quality education,en,5.0,True
['Spain'],['Castilla-La Mancha (Spain)'],"['en', 'es']",Germany,quality education,en,5.0,True
['Spain'],['Castilla-La Mancha (Spain)'],"['en', 'es']",Argentina,gritones,es,5.0,False
['Spain'],['Castilla-La Mancha (Spain)'],"['en', 'es']",Spain,gritones,es,5.0,True
['Spain'],['Castilla-La Mancha (Spain)'],"['en', 'es']",Morocco,gritones,es,5.0,True
['Spain'],['Castilla-La Mancha (Spain)'],"['en', 'es']",Brazil,contraste entre pobreza y riqueza,es,5.0,False
['Spain'],['Castilla-La Mancha (Spain)'],"['en', 'es']","Micronesia, Fed. Sts.",poder tecnológico,es,1.0,False
['Spain'],['Castilla-La Mancha (Spain)'],"['en', 'es']",United States,poder tecnológico,es,5.0,True
['Spain'],['Castilla-La Mancha (Spain)'],"['en', 'es']",Germany,poder tecnológico,es,5.0,True
['Spain'],['Castilla-La Mancha (Spain)'],"['en', 'es']",Greece,dioses griegos,en,5.0,False
['Spain'],['Castilla-La Mancha (Spain)'],"['en', 'es']",Portugal,cristiano ronaldo,es,5.0,False
['Spain'],['Castilla-La Mancha (Spain)'],"['en', 'es']",Spain,cristiano ronaldo,es,5.0,True
['Spain'],['Castilla-La Mancha (Spain)'],"['en', 'es']",Portugal,toallas,es,5.0,True
['Spain'],['Castilla-La Mancha (Spain)'],"['en', 'es']",United States,youtubers,es,4.0,False
['Spain'],['Castilla-La Mancha (Spain)'],"['en', 'es']",Andorra,youtubers,es,5.0,True
['Spain'],['Castilla-La Mancha (Spain)'],"['en', 'es']",United States,creacionistas,es,5.0,True
['Spain'],['Castilla-La Mancha (Spain)'],"['en', 'es']",Argentina,chistosos,es,4.0,False
['Spain'],['Castilla-La Mancha (Spain)'],"['en', 'es']",Switzerland,gastan más dinero,es,5.0,False
['Spain'],['Castilla-La Mancha (Spain)'],"['en', 'es']",Mexico,tacos,es,5.0,False
['Spain'],['Castilla-La Mancha (Spain)'],"['en', 'es']",Uruguay,asados,es,4.0,False
['Spain'],['Castilla-La Mancha (Spain)'],"['en', 'es']",Argentina,friendly,en,5.0,False
['Spain'],['Castilla-La Mancha (Spain)'],"['en', 'es']",Dominican Republic,buen clima,es,5.0,False
['Spain'],['Castilla-La Mancha (Spain)'],"['en', 'es']",Spain,buen clima,es,5.0,True
['Spain'],['Castilla-La Mancha (Spain)'],"['en', 'es']",Sri Lanka,buen clima,es,5.0,True
['Spain'],['Castilla-La Mancha (Spain)'],"['en', 'es']",Thailand,buen clima,es,5.0,True
['Spain'],['Castilla-La Mancha (Spain)'],"['en', 'es']",Indonesia,buen clima,es,5.0,True
['Spain'],['Castilla-La Mancha (Spain)'],"['en', 'es']",Dominican Republic,delincuencia,es,5.0,True
['Spain'],['Castilla-La Mancha (Spain)'],"['en', 'es']",Chile,pisco,en,4.0,False
['Spain'],['Castilla-La Mancha (Spain)'],"['en', 'es']",Paraguay,guaranies,es,2.0,False
['Spain'],['Castilla-La Mancha (Spain)'],"['en', 'es']",Kenya,deportistas,es,4.0,False
['Spain'],['Castilla-La Mancha (Spain)'],"['en', 'es']",Senegal,deportistas,es,5.0,True
['Spain'],['Castilla-La Mancha (Spain)'],"['en', 'es']",Russia,deportistas,es,5.0,True
['Spain'],['Castilla-La Mancha (Spain)'],"['en', 'es']",China,deportistas,es,5.0,True
['Spain'],['Castilla-La Mancha (Spain)'],"['en', 'es']",Argentina,buen porcentaje de personas descendientes de italianos,es,5.0,False
['Spain'],['Castilla-La Mancha (Spain)'],"['en', 'es']",United States,buen porcentaje de personas descendientes de italianos,es,5.0,True
['Spain'],['Castilla-La Mancha (Spain)'],"['en', 'es']",Argentina,has the best educational system,en,1.0,False
['Spain'],['Castilla-La Mancha (Spain)'],"['en', 'es']",Finland,has the best educational system,en,5.0,True
['Spain'],['Castilla-La Mancha (Spain)'],"['en', 'es']",Sweden,has the best educational system,en,5.0,True
['Spain'],['Castilla-La Mancha (Spain)'],"['en', 'es']",Colombia,ruidosos,es,4.0,False
['Spain'],['Castilla-La Mancha (Spain)'],"['en', 'es']",South Korea,better at managing money,en,2.0,False
['Spain'],['Castilla-La Mancha (Spain)'],"['en', 'es']",Israel,believed that euthanasia is against religion,en,4.0,False
['Spain'],['Castilla-La Mancha (Spain)'],"['en', 'es']",Italy,friendly,en,5.0,False
['Spain'],['Castilla-La Mancha (Spain)'],"['en', 'es']",Venezuela,ruidosos,es,4.0,False
['Spain'],['Castilla-La Mancha (Spain)'],"['en', 'es']",Cambodia,parecido a tailandia,es,4.0,False
['Spain'],['Castilla-La Mancha (Spain)'],"['en', 'es']",Indonesia,parecido a tailandia,es,5.0,True
['Spain'],['Castilla-La Mancha (Spain)'],"['en', 'es']",Philippines,parecido a tailandia,es,5.0,True
['Spain'],['Castilla-La Mancha (Spain)'],"['en', 'es']",Sri Lanka,parecido a tailandia,es,5.0,True
['Spain'],['Castilla-La Mancha (Spain)'],"['en', 'es']",Cambodia,guerra,es,5.0,True
['Spain'],['Castilla-La Mancha (Spain)'],"['en', 'es']",Peru,comida rica,es,5.0,False
['Spain'],['Castilla-La Mancha (Spain)'],"['en', 'es']",Sweden,there is a career for software developers,en,4.0,False
['Spain'],['Castilla-La Mancha (Spain)'],"['en', 'es']",Jamaica,alegres,es,5.0,False
['Spain'],['Castilla-La Mancha (Spain)'],"['en', 'es']",Jamaica,marihuana,es,5.0,True
['Spain'],['Castilla-La Mancha (Spain)'],"['en', 'es']",Central African Republic,la pobreza es común,es,5.0,False
['Spain'],['Castilla-La Mancha (Spain)'],"['en', 'es']",Congo Republic,la pobreza es común,es,5.0,True
['Spain'],['Castilla-La Mancha (Spain)'],"['en', 'es']",Bhutan,la pobreza es común,es,5.0,True
['Spain'],['Castilla-La Mancha (Spain)'],"['en', 'es']",El Salvador,la pobreza es común,es,5.0,True
['Spain'],['Castilla-La Mancha (Spain)'],"['en', 'es']",Gambia,la pobreza es común,es,5.0,True
['Spain'],['Castilla-La Mancha (Spain)'],"['en', 'es']",India,la pobreza es común,es,5.0,True
['Spain'],['Castilla-La Mancha (Spain)'],"['en', 'es']",Lesotho,la pobreza es común,es,5.0,True
['Spain'],['Castilla-La Mancha (Spain)'],"['en', 'es']",Niger,la pobreza es común,es,5.0,True
['Spain'],['Castilla-La Mancha (Spain)'],"['en', 'es']",Nigeria,la pobreza es común,es,5.0,True
['Spain'],['Castilla-La Mancha (Spain)'],"['en', 'es']",Somalia,la pobreza es común,es,5.0,True
['Spain'],['Castilla-La Mancha (Spain)'],"['en', 'es']",Zambia,la pobreza es común,es,5.0,True
['Spain'],['Castilla-La Mancha (Spain)'],"['en', 'es']",Central African Republic,hambre,es,5.0,True
['Spain'],['Castilla-La Mancha (Spain)'],"['en', 'es']",Switzerland,seguridad,es,5.0,False
['Spain'],['Castilla-La Mancha (Spain)'],"['en', 'es']",Iceland,seguridad,es,5.0,True
['Spain'],['Castilla-La Mancha (Spain)'],"['en', 'es']",Singapore,seguridad,es,5.0,True
['Spain'],['Castilla-La Mancha (Spain)'],"['en', 'es']",Japan,seguridad,es,5.0,True
['Spain'],['Castilla-La Mancha (Spain)'],"['en', 'es']",China,enjoy cooking,en,4.0,False
['Spain'],['Castilla-La Mancha (Spain)'],"['en', 'es']",Guatemala,tacos,es,2.0,False
['Spain'],['Castilla-La Mancha (Spain)'],"['en', 'es']",Dominican Republic,mucho turismo por sus playas,es,5.0,False
['Spain'],['Castilla-La Mancha (Spain)'],"['en', 'es']",Spain,mucho turismo por sus playas,es,5.0,True
['Spain'],['Castilla-La Mancha (Spain)'],"['en', 'es']",Thailand,mucho turismo por sus playas,es,5.0,True
['Spain'],['Castilla-La Mancha (Spain)'],"['en', 'es']",Philippines,mucho turismo por sus playas,es,5.0,True
['Spain'],['Castilla-La Mancha (Spain)'],"['en', 'es']",Greece,mucho turismo por sus playas,es,5.0,True
['Spain'],['Castilla-La Mancha (Spain)'],"['en', 'es']",Cuba,mucho turismo por sus playas,es,5.0,True
['Spain'],['Castilla-La Mancha (Spain)'],"['en', 'es']",Venezuela,dictadura,es,5.0,False
['Spain'],['Castilla-La Mancha (Spain)'],"['en', 'es']",Cuba,dictadura,es,5.0,True
['Spain'],['Castilla-La Mancha (Spain)'],"['en', 'es']",Russia,dictadura,es,5.0,True
['Spain'],['Castilla-La Mancha (Spain)'],"['en', 'es']",Ecuador,la pobreza es común,es,4.0,False
['Spain'],['Castilla-La Mancha (Spain)'],"['en', 'es']",Colombia,playas lindas,es,4.0,False
['Spain'],['Castilla-La Mancha (Spain)'],"['en', 'es']",Japan,enjoy cooking,en,4.0,False
['Spain'],['Castilla-La Mancha (Spain)'],"['en', 'es']",Denmark,personas con la piel muy blanca,es,5.0,False
['Spain'],['Castilla-La Mancha (Spain)'],"['en', 'es']",Sweden,personas con la piel muy blanca,es,5.0,True
['Spain'],['Castilla-La Mancha (Spain)'],"['en', 'es']",United Kingdom,personas con la piel muy blanca,es,5.0,True
['Spain'],['Castilla-La Mancha (Spain)'],"['en', 'es']",Germany,personas con la piel muy blanca,es,5.0,True
['Spain'],['Castilla-La Mancha (Spain)'],"['en', 'es']",Denmark,cozy,en,5.0,True
['Spain'],['Castilla-La Mancha (Spain)'],"['en', 'es']",United Kingdom,has the best educational system,en,4.0,False
['Spain'],['Castilla-La Mancha (Spain)'],"['en', 'es']",United States,against euthanasia,en,4.0,False
['Spain'],['Castilla-La Mancha (Spain)'],"['en', 'es']",Türkiye,novelas turcas,es,5.0,False
['Spain'],['Castilla-La Mancha (Spain)'],"['en', 'es']",Türkiye,conflicto con el velo,es,5.0,True
['Spain'],['Castilla-La Mancha (Spain)'],"['en', 'es']",Norway,se caza mucho pescado,es,5.0,False
['Spain'],['Castilla-La Mancha (Spain)'],"['en', 'es']",Japan,se caza mucho pescado,es,5.0,True
['Spain'],['Castilla-La Mancha (Spain)'],"['en', 'es']",Iceland,se caza mucho pescado,es,5.0,True
['Spain'],['Castilla-La Mancha (Spain)'],"['en', 'es']",Japan,better at managing money,en,4.0,False
['Spain'],['Castilla-La Mancha (Spain)'],"['en', 'es']",Belgium,bonitas arquitecturas de sus iglesias,es,3.0,False
['Spain'],['Castilla-La Mancha (Spain)'],"['en', 'es']",Sweden,caro,es,5.0,False
['Spain'],['Castilla-La Mancha (Spain)'],"['en', 'es']",Japan,caro,es,5.0,True
['Spain'],['Castilla-La Mancha (Spain)'],"['en', 'es']",Australia,caro,es,5.0,True
['Spain'],['Castilla-La Mancha (Spain)'],"['en', 'es']",Iceland,caro,es,5.0,True
['Spain'],['Castilla-La Mancha (Spain)'],"['en', 'es']",Singapore,caro,es,5.0,True
['Spain'],['Castilla-La Mancha (Spain)'],"['en', 'es']",Maldives,caro,es,5.0,True
['Spain'],['Castilla-La Mancha (Spain)'],"['en', 'es']",Sweden,buena música,es,5.0,True
['Spain'],['Castilla-La Mancha (Spain)'],"['en', 'es']",Thailand,barato para el turismo,es,5.0,False
['Spain'],['Castilla-La Mancha (Spain)'],"['en', 'es']",Morocco,barato para el turismo,es,5.0,True
['Spain'],['Castilla-La Mancha (Spain)'],"['en', 'es']",India,barato para el turismo,es,5.0,True
['Spain'],['Castilla-La Mancha (Spain)'],"['en', 'es']",Chile,friendly,en,4.0,False
['Spain'],['Castilla-La Mancha (Spain)'],"['en', 'es']",Mexico,xenófobo,es,2.0,False
['Spain'],['Castilla-La Mancha (Spain)'],"['en', 'es']",Austria,xenófobo,es,5.0,True
['Spain'],['Castilla-La Mancha (Spain)'],"['en', 'es']",United States,xenófobo,es,5.0,True
['Spain'],['Castilla-La Mancha (Spain)'],"['en', 'es']",United Kingdom,xenófobo,es,5.0,True
['Spain'],['Castilla-La Mancha (Spain)'],"['en', 'es']",Argentina,enjoy cooking,en,4.0,False
['Spain'],['Castilla-La Mancha (Spain)'],"['en', 'es']",United Arab Emirates,habitan personas muy ricas,es,5.0,False
['Spain'],['Castilla-La Mancha (Spain)'],"['en', 'es']",Singapore,habitan personas muy ricas,es,5.0,True
['Spain'],['Castilla-La Mancha (Spain)'],"['en', 'es']",Andorra,habitan personas muy ricas,es,5.0,True
['Spain'],['Castilla-La Mancha (Spain)'],"['en', 'es']",United Arab Emirates,jeques árabes,es,5.0,True
['Spain'],['Castilla-La Mancha (Spain)'],"['en', 'es']",China,desarrollo tecnológico,es,4.0,False
['Spain'],['Castilla-La Mancha (Spain)'],"['en', 'es']",Belgium,buenos recursos públicos,es,3.0,False
['Spain'],['Castilla-La Mancha (Spain)'],"['en', 'es']",Chile,el país más largo del mundo,es,3.0,False
['Spain'],['Castilla-La Mancha (Spain)'],"['en', 'es']",Uganda,abundante fauna,es,4.0,False
['Spain'],['Castilla-La Mancha (Spain)'],"['en', 'es']",Australia,mvxd,en,1.0,False
['Spain'],['Castilla-La Mancha (Spain)'],"['en', 'es']",Australia,buceo bonito,es,5.0,True
['Spain'],['Castilla-La Mancha (Spain)'],"['en', 'es']",Australia,m,en,1.0,False
['Spain'],['Castilla-La Mancha (Spain)'],"['en', 'es']",Australia,buceo bonito,es,5.0,True
['Spain'],['Castilla-La Mancha (Spain)'],"['en', 'es']",Brazil,grupientos,es,1.0,False
['Spain'],['Castilla-La Mancha (Spain)'],"['en', 'es']",Brazil,fiesteros,es,5.0,False
['Spain'],['Castilla-La Mancha (Spain)'],"['en', 'es']",Spain,fiesteros,es,5.0,True
['Spain'],['Castilla-La Mancha (Spain)'],"['en', 'es']",Ecuador,subdesarrollados,es,4.0,False
['Spain'],['Castilla-La Mancha (Spain)'],"['en', 'es']",Afghanistan,subdesarrollados,es,5.0,True
['Spain'],['Castilla-La Mancha (Spain)'],"['en', 'es']",Bangladesh,subdesarrollados,es,5.0,True
['Spain'],['Castilla-La Mancha (Spain)'],"['en', 'es']",Chad,subdesarrollados,es,5.0,True
['Spain'],['Castilla-La Mancha (Spain)'],"['en', 'es']",El Salvador,subdesarrollados,es,5.0,True
['Spain'],['Castilla-La Mancha (Spain)'],"['en', 'es']",Gambia,subdesarrollados,es,5.0,True
['Spain'],['Castilla-La Mancha (Spain)'],"['en', 'es']",Colombia,subdesarrollados,es,5.0,True
['Spain'],['Castilla-La Mancha (Spain)'],"['en', 'es']",Guatemala,subdesarrollados,es,5.0,True
['Spain'],['Castilla-La Mancha (Spain)'],"['en', 'es']",Mali,subdesarrollados,es,5.0,True
['Spain'],['Castilla-La Mancha (Spain)'],"['en', 'es']",Zambia,subdesarrollados,es,5.0,True
['Spain'],['Castilla-La Mancha (Spain)'],"['en', 'es']",Australia,better at managing money,en,2.0,False
['Spain'],['Castilla-La Mancha (Spain)'],"['en', 'es']",DR Congo,la pobreza es común,es,5.0,False
['Uruguay'],['Montevideo (Uruguay)'],"['en', 'es', 'pt']",Bolivia,carnabal,es,3.0,False
['Uruguay'],['Montevideo (Uruguay)'],"['en', 'es', 'pt']",Uruguay,friendly,en,4.0,False
['Uruguay'],['Montevideo (Uruguay)'],"['en', 'es', 'pt']",Uruguay,democracia,es,5.0,True
['Uruguay'],['Montevideo (Uruguay)'],"['en', 'es', 'pt']",Uruguay,charruas,es,4.0,False
['Uruguay'],['Montevideo (Uruguay)'],"['en', 'es', 'pt']",Uruguay,tranquilos,es,4.0,False
['Uruguay'],['Montevideo (Uruguay)'],"['en', 'es', 'pt']",Germany,poder tecnológico,es,3.0,False
['Uruguay'],['Montevideo (Uruguay)'],"['en', 'es', 'pt']",Uruguay,asados excelentes,es,3.0,False
['Uruguay'],['Montevideo (Uruguay)'],"['en', 'es', 'pt']",Uruguay,cítricos,es,5.0,True
['Uruguay'],['Montevideo (Uruguay)'],"['en', 'es', 'pt']",Russia,serios,es,2.0,False
['Uruguay'],['Montevideo (Uruguay)'],"['en', 'es', 'pt']",Uruguay,carne,es,3.0,False
['Uruguay'],['Montevideo (Uruguay)'],"['en', 'es', 'pt']",Albania,la pobreza es común,es,2.0,False
['Uruguay'],['Montevideo (Uruguay)'],"['en', 'es', 'pt']",Switzerland,universidad publica de calidad,es,4.0,False
['Uruguay'],['Montevideo (Uruguay)'],"['en', 'es', 'pt']",Uruguay,asados,es,3.0,False
['Uruguay'],['Montevideo (Uruguay)'],"['en', 'es', 'pt']",China,educación de buena calidad,es,4.0,False
['Uruguay'],['Montevideo (Uruguay)'],"['en', 'es', 'pt']",Uruguay,gastan más dinero,es,2.0,False
['Uruguay'],['Montevideo (Uruguay)'],"['en', 'es', 'pt']",Greece,mucho turismo por sus playas,es,3.0,False
['Uruguay'],['Montevideo (Uruguay)'],"['en', 'es', 'pt']",Finland,quality education,en,4.0,False
['Uruguay'],['Montevideo (Uruguay)'],"['en', 'es', 'pt']",Uruguay,cítricos,es,4.0,False
['Uruguay'],['Montevideo (Uruguay)'],"['en', 'es', 'pt']",Uruguay,democracia,es,5.0,False
['Uruguay'],['Montevideo (Uruguay)'],"['en', 'es', 'pt']",Spain,tiene ciudades muy bellas,es,4.0,False
['Uruguay'],['Montevideo (Uruguay)'],"['en', 'es', 'pt']",Bhutan,felicidad,es,4.0,False
['Uruguay'],['Montevideo (Uruguay)'],"['en', 'es', 'pt']",Uruguay,tranquilos,es,4.0,False
['Uruguay'],['Montevideo (Uruguay)'],"['en', 'es', 'pt']",Uruguay,mate,es,5.0,False
['Uruguay'],['Montevideo (Uruguay)'],"['en', 'es', 'pt']",Japan,seguridad,es,3.0,False
['Uruguay'],['Montevideo (Uruguay)'],"['en', 'es', 'pt']",Indonesia,parecido a tailandia,es,2.0,False
['Uruguay'],['Montevideo (Uruguay)'],"['en', 'es', 'pt']",Thailand,mucho turismo por sus playas,es,3.0,False
['Uruguay'],['Montevideo (Uruguay)'],"['en', 'es', 'pt']",United States,there is a career for software developers,en,3.0,False
['Uruguay'],['Montevideo (Uruguay)'],"['en', 'es', 'pt']",Luxembourg,excelente calidad de vida,es,3.0,False
['Uruguay'],['Montevideo (Uruguay)'],"['en', 'es', 'pt']",Uruguay,asados excelentes,es,4.0,False
['Uruguay'],['Montevideo (Uruguay)'],"['en', 'es', 'pt']",Uruguay,friendly,en,4.0,False
['Uruguay'],['Montevideo (Uruguay)'],"['en', 'es', 'pt']",Uruguay,charruas,es,4.0,False
['Uruguay'],['Montevideo (Uruguay)'],"['en', 'es', 'pt']",Iceland,se caza mucho pescado,es,4.0,False
['Uruguay'],['Montevideo (Uruguay)'],"['en', 'es', 'pt']",Uruguay,alegres,es,3.0,False
['Uruguay'],['Montevideo (Uruguay)'],"['en', 'es', 'pt']",Uruguay,carne,es,3.0,False
['Uruguay'],['Montevideo (Uruguay)'],"['en', 'es', 'pt']",Croatia,playas,es,3.0,False
['Uruguay'],['Montevideo (Uruguay)'],"['en', 'es', 'pt']",El Salvador,la pobreza es común,es,3.0,False
['Uruguay'],['Montevideo (Uruguay)'],"['en', 'es', 'pt']",Italy,pizza,es,3.0,False
['Uruguay'],['Montevideo (Uruguay)'],"['en', 'es', 'pt']",Uruguay,gastan más dinero,es,3.0,False
['Uruguay'],['Montevideo (Uruguay)'],"['en', 'es', 'pt']",Uruguay,asados,es,3.0,False
['Uruguay'],['Montevideo (Uruguay)'],"['en', 'es', 'pt']",Sweden,better at managing money,en,3.0,False
['Uruguay'],['Montevideo (Uruguay)'],"['en', 'es', 'pt']",El Salvador,subdesarrollados,es,3.0,False
['Uruguay'],['Montevideo (Uruguay)'],"['en', 'es', 'pt']",United States,capitalistas,es,4.0,False
['Uruguay'],['Montevideo (Uruguay)'],"['en', 'es', 'pt']",Brazil,divertidos,es,4.0,False
['Uruguay'],['Montevideo (Uruguay)'],"['en', 'es', 'pt']",Haiti,pobres,es,4.0,False
['Uruguay'],['Montevideo (Uruguay)'],"['en', 'es', 'pt']",India,personas con altas aptitudes para la ciencia,es,4.0,False
['Uruguay'],['Montevideo (Uruguay)'],"['en', 'es', 'pt']",Greece,grandes filósofos de la antiguedad,es,4.0,False
['Uruguay'],['Montevideo (Uruguay)'],"['en', 'es', 'pt']",Australia,buceo bonito,es,4.0,False
['Uruguay'],['Montevideo (Uruguay)'],"['en', 'es', 'pt']",Kenya,hacer safari,es,3.0,False
['Uruguay'],['Montevideo (Uruguay)'],"['en', 'es', 'pt']",Egypt,grandes desiertos,es,4.0,False
['Uruguay'],['Montevideo (Uruguay)'],"['en', 'es', 'pt']",China,comida picante,es,3.0,False
['Uruguay'],['Montevideo (Uruguay)'],"['en', 'es', 'pt']",Iceland,caro,es,3.0,False
['Uruguay'],['Montevideo (Uruguay)'],"['en', 'es', 'pt']",Thailand,playas lindas,es,4.0,False
['Uruguay'],['Montevideo (Uruguay)'],"['en', 'es', 'pt']",Dominican Republic,delincuencia,es,2.0,False
['Uruguay'],['Montevideo (Uruguay)'],"['en', 'es', 'pt']",Spain,fiesteros,es,3.0,False
['Uruguay'],['Montevideo (Uruguay)'],"['en', 'es', 'pt']",Finland,better at managing money,en,3.0,False
['Uruguay'],['Montevideo (Uruguay)'],"['en', 'es', 'pt']",Spain,buen pescado,es,3.0,False
['Uruguay'],['Montevideo (Uruguay)'],"['en', 'es', 'pt']",Mexico,piramides,es,3.0,False
['Uruguay'],['Montevideo (Uruguay)'],"['en', 'es', 'pt']",Congo Republic,la pobreza es común,es,4.0,False
['Uruguay'],['Montevideo (Uruguay)'],"['en', 'es', 'pt']",Switzerland,they don't like conflicts,en,4.0,False
['Uruguay'],['Montevideo (Uruguay)'],"['en', 'es', 'pt']",United Kingdom,xenófobo,es,3.0,False
['Uruguay'],['Montevideo (Uruguay)'],"['en', 'es', 'pt']",Russia,maduro,es,1.0,False
['Uruguay'],['Montevideo (Uruguay)'],"['en', 'es', 'pt']",Chile,personas liberales,es,3.0,False
['Uruguay'],['Montevideo (Uruguay)'],"['en', 'es', 'pt']",Norway,frio,es,4.0,False
['Uruguay'],['Montevideo (Uruguay)'],"['en', 'es', 'pt']",Argentina,patagonia,es,4.0,False
['Uruguay'],['Montevideo (Uruguay)'],"['en', 'es', 'pt']",Australia,canguros,es,4.0,False
['Uruguay'],['Montevideo (Uruguay)'],"['en', 'es', 'pt']",Italy,el coliseo romano,es,4.0,False
['Uruguay'],['Montevideo (Uruguay)'],"['en', 'es', 'pt']",China,poder tecnológico,es,4.0,False
['Uruguay'],['Montevideo (Uruguay)'],"['en', 'es', 'pt']",Thailand,buen clima,es,4.0,False
['Uruguay'],['Montevideo (Uruguay)'],"['en', 'es', 'pt']",Cuba,comunistas,es,1.0,False
['Uruguay'],['Montevideo (Uruguay)'],"['en', 'es', 'pt']",Germany,personas con la piel muy blanca,es,2.0,False
['Uruguay'],['Montevideo (Uruguay)'],"['en', 'es', 'pt']",Canada,hace frío,es,4.0,False
['Uruguay'],['Montevideo (Uruguay)'],"['en', 'es', 'pt']",Thailand,felicidad,es,3.0,False
['Uruguay'],['Montevideo (Uruguay)'],"['en', 'es', 'pt']",Gambia,la pobreza es común,es,4.0,False
['Uruguay'],['Montevideo (Uruguay)'],"['en', 'es', 'pt']",Finland,clima frío la mayor parte del año,es,4.0,False
['Uruguay'],['Montevideo (Uruguay)'],"['en', 'es', 'pt']",France,there is a career for software developers,en,3.0,False
['Uruguay'],['Montevideo (Uruguay)'],"['en', 'es', 'pt']",Zambia,la pobreza es común,es,4.0,False
['Uruguay'],['Montevideo (Uruguay)'],"['en', 'es', 'pt']",Canada,frio extremo,es,3.0,False
['Uruguay'],['Montevideo (Uruguay)'],"['en', 'es', 'pt']",Israel,conflictos bélicos,es,4.0,False
['Uruguay'],['Montevideo (Uruguay)'],"['en', 'es', 'pt']",Argentina,cordillera,es,4.0,False
['Spain'],['Castilla-La Mancha (Spain)'],"['en', 'es']",China,pastas,es,1.0,False
['Spain'],['Castilla-La Mancha (Spain)'],"['en', 'es']",Colombia,la música salsa,es,4.0,False
['Spain'],['Castilla-La Mancha (Spain)'],"['en', 'es']",Argentina,la música salsa,es,5.0,True
['Spain'],['Castilla-La Mancha (Spain)'],"['en', 'es']",Chile,la música salsa,es,5.0,True
['Spain'],['Castilla-La Mancha (Spain)'],"['en', 'es']",Germany,educación de buena calidad,es,4.0,False
['Uruguay'],['Montevideo (Uruguay)'],"['en', 'es', 'pt']",Uruguay,democracia,es,5.0,False
['Spain'],['Castilla-La Mancha (Spain)'],"['en', 'es']",Cuba,enemistad con muchos países capitalistas,es,4.0,False
['Uruguay'],['Montevideo (Uruguay)'],"['en', 'es', 'pt']",Uruguay,cítricos,es,5.0,False
['Spain'],['Castilla-La Mancha (Spain)'],"['en', 'es']",United States,la pobreza es común,es,3.0,False
['Uruguay'],['Montevideo (Uruguay)'],"['en', 'es', 'pt']",Cuba,dictadura,es,2.0,False
['Spain'],['Castilla-La Mancha (Spain)'],"['en', 'es']",Sweden,serios,es,4.0,False
['Uruguay'],['Montevideo (Uruguay)'],"['en', 'es', 'pt']",Morocco,grupientos,es,1.0,False
['Uruguay'],['Montevideo (Uruguay)'],"['en', 'es', 'pt']",United States,quality education,en,3.0,False
['Spain'],['Castilla-La Mancha (Spain)'],"['en', 'es']",Germany,hitler,es,5.0,False
['Uruguay'],['Montevideo (Uruguay)'],"['en', 'es', 'pt']",Peru,machupicchu,es,4.0,False
['Spain'],['Castilla-La Mancha (Spain)'],"['en', 'es']",Japan,there is a career for software developers,en,4.0,False
['Uruguay'],['Montevideo (Uruguay)'],"['en', 'es', 'pt']",Austria,bonitas arquitecturas de sus iglesias,es,2.0,False
['Spain'],['Castilla-La Mancha (Spain)'],"['en', 'es']",Brazil,deportistas,es,4.0,False
['Uruguay'],['Montevideo (Uruguay)'],"['en', 'es', 'pt']",Uruguay,friendly,en,4.0,False
['Spain'],['Castilla-La Mancha (Spain)'],"['en', 'es']",Dominican Republic,música y baile excepcionales,es,4.0,False
['Uruguay'],['Montevideo (Uruguay)'],"['en', 'es', 'pt']",Mexico,playas,es,4.0,False
['Uruguay'],['Montevideo (Uruguay)'],"['en', 'es', 'pt']",Uruguay,asados excelentes,es,3.0,False
['Spain'],['Castilla-La Mancha (Spain)'],"['en', 'es']",Peru,fiestas costumbristas,es,2.0,False
['Uruguay'],['Montevideo (Uruguay)'],"['en', 'es', 'pt']",Uruguay,carne,es,3.0,False
['Uruguay'],['Montevideo (Uruguay)'],"['en', 'es', 'pt']",Uruguay,alegres,es,3.0,False
['Spain'],['Castilla-La Mancha (Spain)'],"['en', 'es']",Norway,serios,es,4.0,False
['Uruguay'],['Montevideo (Uruguay)'],"['en', 'es', 'pt']",Uruguay,mate,es,5.0,False
['Uruguay'],['Montevideo (Uruguay)'],"['en', 'es', 'pt']",France,buena comida,es,4.0,False
['Spain'],['Castilla-La Mancha (Spain)'],"['en', 'es']",Bolivia,corte de pelo boliviano,es,2.0,False
['Uruguay'],['Montevideo (Uruguay)'],"['en', 'es', 'pt']",Australia,there is a career for software developers,en,3.0,False
['Uruguay'],['Montevideo (Uruguay)'],"['en', 'es', 'pt']",Spain,gritones,es,2.0,False
['Uruguay'],['Montevideo (Uruguay)'],"['en', 'es', 'pt']",Uruguay,tranquilos,es,4.0,False
['Uruguay'],['Montevideo (Uruguay)'],"['en', 'es', 'pt']",Uruguay,charruas,es,5.0,False
['Uruguay'],['Montevideo (Uruguay)'],"['en', 'es', 'pt']",Japan,poco nivel de inglés,es,3.0,False
['Uruguay'],['Montevideo (Uruguay)'],"['en', 'es', 'pt']",Peru,historia milenaria,es,5.0,False
['Spain'],['Castilla-La Mancha (Spain)'],"['en', 'es']",Germany,son puntuales,es,5.0,False
['Spain'],['Castilla-La Mancha (Spain)'],"['en', 'es']",United Kingdom,son puntuales,es,5.0,True
['Uruguay'],['Montevideo (Uruguay)'],"['en', 'es', 'pt']",Guatemala,subdesarrollados,es,1.0,False
['Uruguay'],['Montevideo (Uruguay)'],"['en', 'es', 'pt']",Colombia,subdesarrollados,es,1.0,False
['Uruguay'],['Montevideo (Uruguay)'],"['en', 'es', 'pt']",Colombia,enjoy cooking,en,3.0,False
['Uruguay'],['Montevideo (Uruguay)'],"['en', 'es', 'pt']",Mexico,comida rica,es,4.0,False
['Uruguay'],['Montevideo (Uruguay)'],"['en', 'es', 'pt']",Peru,inestabilidad política,es,3.0,False
['Uruguay'],['Montevideo (Uruguay)'],"['en', 'es', 'pt']",Chad,subdesarrollados,es,1.0,False
['Uruguay'],['Montevideo (Uruguay)'],"['en', 'es', 'pt']",United Arab Emirates,jeques árabes,es,4.0,False
['Uruguay'],['Montevideo (Uruguay)'],"['en', 'es', 'pt']",Russia,dictadura,es,1.0,False
['Uruguay'],['Montevideo (Uruguay)'],"['en', 'es', 'pt']",Canada,oportunidades laborales para extranjeros,es,3.0,False
['Uruguay'],['Montevideo (Uruguay)'],"['en', 'es', 'pt']",Argentina,bastantes elocuentes,es,3.0,False
['Uruguay'],['Montevideo (Uruguay)'],"['en', 'es', 'pt']",Argentina,apasionados,es,3.0,False
['Uruguay'],['Montevideo (Uruguay)'],"['en', 'es', 'pt']",Thailand,comida de buena calidad,es,3.0,False
['Uruguay'],['Montevideo (Uruguay)'],"['en', 'es', 'pt']",Australia,comida rica,es,2.0,False
['Uruguay'],['Montevideo (Uruguay)'],"['en', 'es', 'pt']",Peru,carnabal,es,3.0,False
['Uruguay'],['Montevideo (Uruguay)'],"['en', 'es', 'pt']",France,el croissant,es,4.0,False
['Uruguay'],['Montevideo (Uruguay)'],"['en', 'es', 'pt']",United Kingdom,son puntuales,es,4.0,False
['Uruguay'],['Montevideo (Uruguay)'],"['en', 'es', 'pt']",Bolivia,cholitas,en,1.0,False
['Uruguay'],['Montevideo (Uruguay)'],"['en', 'es', 'pt']",Senegal,deportistas,es,3.0,False
['Uruguay'],['Montevideo (Uruguay)'],"['en', 'es', 'pt']",Morocco,barato para el turismo,es,3.0,False
['Uruguay'],['Montevideo (Uruguay)'],"['en', 'es', 'pt']",Germany,capitalismo,en,4.0,False
['Uruguay'],['Montevideo (Uruguay)'],"['en', 'es', 'pt']",Central African Republic,hambre,es,3.0,False
['Uruguay'],['Montevideo (Uruguay)'],"['en', 'es', 'pt']",Germany,poco nivel de inglés,es,3.0,False
['Uruguay'],['Montevideo (Uruguay)'],"['en', 'es', 'pt']",China,deportistas,es,3.0,False
['Uruguay'],['Montevideo (Uruguay)'],"['en', 'es', 'pt']",Thailand,alegres,es,4.0,False
['Uruguay'],['Montevideo (Uruguay)'],"['en', 'es', 'pt']",Italy,buena comida,es,5.0,False
['Uruguay'],['Montevideo (Uruguay)'],"['en', 'es', 'pt']",Chile,la música salsa,es,3.0,False
['Uruguay'],['Montevideo (Uruguay)'],"['en', 'es', 'pt']",Andorra,youtubers,es,1.0,False
['Uruguay'],['Montevideo (Uruguay)'],"['en', 'es', 'pt']",Egypt,alegres,es,3.0,False
['Uruguay'],['Montevideo (Uruguay)'],"['en', 'es', 'pt']",Mexico,youtubers,es,1.0,False
['Uruguay'],['Montevideo (Uruguay)'],"['en', 'es', 'pt']",Iceland,frío,es,4.0,False
['Uruguay'],['Montevideo (Uruguay)'],"['en', 'es', 'pt']",El Salvador,delincuencia,es,3.0,False
['Uruguay'],['Montevideo (Uruguay)'],"['en', 'es', 'pt']",Somalia,la pobreza es común,es,3.0,False
['Uruguay'],['Montevideo (Uruguay)'],"['en', 'es', 'pt']",Colombia,cordillera,es,1.0,False
['Uruguay'],['Montevideo (Uruguay)'],"['en', 'es', 'pt']",Singapore,tienen un buen manejo del dinero,es,3.0,False
['Uruguay'],['Montevideo (Uruguay)'],"['en', 'es', 'pt']",France,educados,es,3.0,False
['Uruguay'],['Montevideo (Uruguay)'],"['en', 'es', 'pt']",Dominican Republic,playas lindas,es,4.0,False
['Uruguay'],['Montevideo (Uruguay)'],"['en', 'es', 'pt']",Mexico,mariachis,es,4.0,False
['Uruguay'],['Montevideo (Uruguay)'],"['en', 'es', 'pt']",Bolivia,sin mar,es,5.0,False
['Uruguay'],['Montevideo (Uruguay)'],"['en', 'es', 'pt']",Argentina,comida rica,es,4.0,False
['Spain'],['Castilla-La Mancha (Spain)'],"['en', 'es']",United States,el sueño americano,es,5.0,False
['Spain'],['Castilla-La Mancha (Spain)'],"['en', 'es']",France,caracoles,es,3.0,False
['Spain'],['Castilla-La Mancha (Spain)'],"['en', 'es']",Spain,caracoles,es,5.0,True
['Spain'],['Castilla-La Mancha (Spain)'],"['en', 'es']",France,chicas bonitas,es,5.0,True
['Spain'],['Castilla-La Mancha (Spain)'],"['en', 'es']",Chile,against euthanasia,en,2.0,False
['Spain'],['Castilla-La Mancha (Spain)'],"['en', 'es']",Japan,educación de buena calidad,es,4.0,False
['Spain'],['Castilla-La Mancha (Spain)'],"['en', 'es']",China,productos baratos,es,5.0,False
['Chile'],['Valparaiso (Chile)'],"['es', 'en', 'pt']",China,otaku,es,1.0,False
['Chile'],['Valparaiso (Chile)'],"['es', 'en', 'pt']",Japan,otaku,es,5.0,True
['Chile'],['Valparaiso (Chile)'],"['es', 'en', 'pt']",China,barrio meiggs,es,5.0,True
['Chile'],['Region Metropolitana (Chile)'],"['es', 'en']",Chile,frío,es,2.0,False
['Chile'],['Region Metropolitana (Chile)'],"['es', 'en']",Russia,frío,es,5.0,True
['Chile'],['Region Metropolitana (Chile)'],"['es', 'en']",Sweden,frío,es,5.0,True
['Chile'],['Region Metropolitana (Chile)'],"['es', 'en']",Norway,frío,es,5.0,True
['Chile'],['Region Metropolitana (Chile)'],"['es', 'en']",Canada,frío,es,5.0,True
['Chile'],['Region Metropolitana (Chile)'],"['es', 'en']",Georgia,frío,es,5.0,True
['Chile'],['Region Metropolitana (Chile)'],"['es', 'en']",Finland,frío,es,5.0,True
['Chile'],['Region Metropolitana (Chile)'],"['es', 'en']",Estonia,frío,es,5.0,True
['Chile'],['Region Metropolitana (Chile)'],"['es', 'en']",Chile,hablar rapido,es,5.0,True
['Chile'],['Region Metropolitana (Chile)'],"['es', 'en']",Norway,quality education,en,5.0,False
['Chile'],['Region Metropolitana (Chile)'],"['es', 'en']",Finland,quality education,en,5.0,True
['Chile'],['Region Metropolitana (Chile)'],"['es', 'en']",Norway,far away,es,5.0,True
['Chile'],['Valparaiso (Chile)'],"['es', 'en', 'pt']",Chile,frío,es,4.0,False
['Chile'],['Valparaiso (Chile)'],"['es', 'en', 'pt']",Norway,frío,es,5.0,True
['Chile'],['Valparaiso (Chile)'],"['es', 'en', 'pt']",Finland,frío,es,5.0,True
['Chile'],['Valparaiso (Chile)'],"['es', 'en', 'pt']",India,barato para el turismo,es,1.0,False
['Chile'],['Valparaiso (Chile)'],"['es', 'en', 'pt']",Peru,barato para el turismo,es,5.0,True
['Chile'],['Valparaiso (Chile)'],"['es', 'en', 'pt']",Argentina,barato para el turismo,es,5.0,True
['Chile'],['Valparaiso (Chile)'],"['es', 'en', 'pt']",India,masai travel,es,5.0,True
['Chile'],['Region Metropolitana (Chile)'],"['es', 'en']",Philippines,mucho turismo por sus playas,es,,False
['Chile'],['Region Metropolitana (Chile)'],"['es', 'en']",Mexico,mucho turismo por sus playas,es,5.0,True
['Chile'],['Region Metropolitana (Chile)'],"['es', 'en']",Cuba,mucho turismo por sus playas,es,5.0,True
['Chile'],['Region Metropolitana (Chile)'],"['es', 'en']",Colombia,mucho turismo por sus playas,es,5.0,True
['Chile'],['Region Metropolitana (Chile)'],"['es', 'en']",Philippines,ladyboy,es,5.0,True
['Chile'],['Valparaiso (Chile)'],"['es', 'en', 'pt']",Georgia,frío,es,3.0,False
['Chile'],['Valparaiso (Chile)'],"['es', 'en', 'pt']",Norway,frío,es,5.0,True
['Chile'],['Valparaiso (Chile)'],"['es', 'en', 'pt']",Finland,frío,es,5.0,True
['Chile'],['Region Metropolitana (Chile)'],"['es', 'en']",Japan,tecnología,es,4.0,False
['Chile'],['Region Metropolitana (Chile)'],"['es', 'en']",Germany,tecnología,es,5.0,True
['Chile'],['Region Metropolitana (Chile)'],"['es', 'en']",South Korea,tecnología,es,5.0,True
['Chile'],['Region Metropolitana (Chile)'],"['es', 'en']",China,tecnología,es,5.0,True
['Chile'],['Region Metropolitana (Chile)'],"['es', 'en']",Japan,presion social,es,5.0,True
['Argentina'],['Buenos Aires (Argentina)'],"['en', 'es']",Argentina,buenos jugadores de futbol,es,4.0,False
['Argentina'],['Buenos Aires (Argentina)'],"['en', 'es']",Brazil,buenos jugadores de futbol,es,5.0,True
['Argentina'],['Buenos Aires (Argentina)'],"['en', 'es']",Argentina,vacas,es,5.0,True
['Argentina'],['Buenos Aires (Argentina)'],"['en', 'es']",Russia,deportistas,es,3.0,False
['Argentina'],['Buenos Aires (Argentina)'],"['en', 'es']",Germany,deportistas,es,5.0,True
['Argentina'],['Buenos Aires (Argentina)'],"['en', 'es']",Russia,vodka,es,5.0,True
['Argentina'],['Buenos Aires (Argentina)'],"['en', 'es']",Finland,frío,es,5.0,False
['Argentina'],['Buenos Aires (Argentina)'],"['en', 'es']",Finland,papa noel,es,5.0,True
['Argentina'],['Buenos Aires (Argentina)'],"['en', 'es']",Argentina,la cumbia villera,es,5.0,False
['Argentina'],['Buenos Aires (Argentina)'],"['en', 'es']",Argentina,la cumbia villera,es,5.0,True
['Argentina'],['Buenos Aires (Argentina)'],"['en', 'es']",Argentina,fútbol,es,5.0,True
['Argentina'],['Buenos Aires (Argentina)'],"['en', 'es']",Argentina,personas atractivas físicamente,es,1.0,False
['Chile'],['Valparaiso (Chile)'],"['es', 'en', 'pt']",France,tortilla,es,2.0,False
['Chile'],['Valparaiso (Chile)'],"['es', 'en', 'pt']",Spain,tortilla,es,5.0,True
['Chile'],['Valparaiso (Chile)'],"['es', 'en', 'pt']",France,croissant baguette,es,5.0,True
['Chile'],['Valparaiso (Chile)'],"['es', 'en', 'pt']",Chile,hablar rapido,es,5.0,False
['Chile'],['Valparaiso (Chile)'],"['es', 'en', 'pt']",Venezuela,hablar rapido,es,5.0,True
['Chile'],['Valparaiso (Chile)'],"['es', 'en', 'pt']",Chile,hablar mal,es,5.0,True
['Chile'],['Valparaiso (Chile)'],"['es', 'en', 'pt']",United Kingdom,serios,es,2.0,False
['Chile'],['Valparaiso (Chile)'],"['es', 'en', 'pt']",Germany,serios,es,5.0,True
['Chile'],['Valparaiso (Chile)'],"['es', 'en', 'pt']",Sweden,serios,es,5.0,True
['Chile'],['Valparaiso (Chile)'],"['es', 'en', 'pt']",United Kingdom,dientes amarillos,es,5.0,True
['Chile'],['Valparaiso (Chile)'],"['es', 'en', 'pt']",Peru,en vías de desarrollo,es,5.0,False
['Chile'],['Valparaiso (Chile)'],"['es', 'en', 'pt']",Chile,en vías de desarrollo,es,5.0,True
['Chile'],['Valparaiso (Chile)'],"['es', 'en', 'pt']",Brazil,en vías de desarrollo,es,5.0,True
['Chile'],['Valparaiso (Chile)'],"['es', 'en', 'pt']",Argentina,en vías de desarrollo,es,5.0,True
['Chile'],['Valparaiso (Chile)'],"['es', 'en', 'pt']",Uruguay,en vías de desarrollo,es,5.0,True
['Chile'],['Valparaiso (Chile)'],"['es', 'en', 'pt']",Peru,buena comida,es,5.0,True
['Chile'],['Valparaiso (Chile)'],"['es', 'en', 'pt']",Morocco,gritones,es,2.0,False
['Chile'],['Valparaiso (Chile)'],"['es', 'en', 'pt']",Venezuela,gritones,es,5.0,True
['Chile'],['Valparaiso (Chile)'],"['es', 'en', 'pt']",Morocco,emigrantes,es,5.0,True
['Chile'],['Valparaiso (Chile)'],"['es', 'en', 'pt']",Chile,completos,es,5.0,False
['Chile'],['Valparaiso (Chile)'],"['es', 'en', 'pt']",Chile,churrascos,es,5.0,True
['Chile'],['Valparaiso (Chile)'],"['es', 'en', 'pt']",Chile,friendly,en,4.0,False
['Chile'],['Valparaiso (Chile)'],"['es', 'en', 'pt']",Brazil,friendly,en,5.0,True
['Chile'],['Valparaiso (Chile)'],"['es', 'en', 'pt']",Chile,amables con el extranjero,es,5.0,True
['Chile'],['Valparaiso (Chile)'],"['es', 'en', 'pt']",Thailand,friendly,en,1.0,False
['Chile'],['Valparaiso (Chile)'],"['es', 'en', 'pt']",Brazil,friendly,en,5.0,True
['Chile'],['Valparaiso (Chile)'],"['es', 'en', 'pt']",Peru,friendly,en,5.0,True
['Chile'],['Valparaiso (Chile)'],"['es', 'en', 'pt']",Thailand,comida picante,es,5.0,True
['Chile'],['Valparaiso (Chile)'],"['es', 'en', 'pt']",Germany,beben mucha cerveza,es,5.0,False
['Chile'],['Valparaiso (Chile)'],"['es', 'en', 'pt']",Czechia,beben mucha cerveza,es,5.0,True
['Chile'],['Valparaiso (Chile)'],"['es', 'en', 'pt']",Germany,son gritones,es,5.0,True
['Chile'],['Valparaiso (Chile)'],"['es', 'en', 'pt']",United States,fast food,en,,False
['Chile'],['Valparaiso (Chile)'],"['es', 'en', 'pt']",Mexico,fast food,en,5.0,True
['Chile'],['Valparaiso (Chile)'],"['es', 'en', 'pt']",Chile,fast food,en,5.0,True
['Chile'],['Valparaiso (Chile)'],"['es', 'en', 'pt']",United States,obesidad,es,5.0,True
['Chile'],['Valparaiso (Chile)'],"['es', 'en', 'pt']",Chile,alegres,es,2.0,False
['Chile'],['Valparaiso (Chile)'],"['es', 'en', 'pt']",Brazil,alegres,es,5.0,True
['Chile'],['Valparaiso (Chile)'],"['es', 'en', 'pt']",Chile,deprimidos,es,5.0,True
['Chile'],['Valparaiso (Chile)'],"['es', 'en', 'pt']",Venezuela,problemas políticos,es,5.0,False
['Chile'],['Valparaiso (Chile)'],"['es', 'en', 'pt']",Argentina,problemas políticos,es,5.0,True
['Chile'],['Valparaiso (Chile)'],"['es', 'en', 'pt']",Venezuela,delicuencia,es,5.0,True
['Chile'],['Valparaiso (Chile)'],"['es', 'en', 'pt']",Chile,la pobreza es común,es,5.0,False
['Chile'],['Valparaiso (Chile)'],"['es', 'en', 'pt']",Argentina,la pobreza es común,es,5.0,True
['Chile'],['Valparaiso (Chile)'],"['es', 'en', 'pt']",Peru,la pobreza es común,es,5.0,True
['Chile'],['Valparaiso (Chile)'],"['es', 'en', 'pt']",Guatemala,la pobreza es común,es,5.0,True
['Chile'],['Valparaiso (Chile)'],"['es', 'en', 'pt']",Chile,desigualdad es comun,es,5.0,True
['Chile'],['Valparaiso (Chile)'],"['es', 'en', 'pt']",United States,poder tecnológico,es,5.0,False
['Chile'],['Valparaiso (Chile)'],"['es', 'en', 'pt']",China,poder tecnológico,es,5.0,True
['Chile'],['Valparaiso (Chile)'],"['es', 'en', 'pt']",United States,revolucion industrial,es,5.0,True
['Chile'],['Valparaiso (Chile)'],"['es', 'en', 'pt']",Chile,pisco,en,5.0,False
['Chile'],['Valparaiso (Chile)'],"['es', 'en', 'pt']",Peru,pisco,en,5.0,True
['Chile'],['Valparaiso (Chile)'],"['es', 'en', 'pt']",Chile,piscola,es,5.0,True
['Chile'],['Valparaiso (Chile)'],"['es', 'en', 'pt']",Chile,against euthanasia,en,3.0,False
['Chile'],['Valparaiso (Chile)'],"['es', 'en', 'pt']",Sweden,against euthanasia,en,5.0,True
['Chile'],['Valparaiso (Chile)'],"['es', 'en', 'pt']",Chile,en contra del aborto,es,5.0,True
['Chile'],['Valparaiso (Chile)'],"['es', 'en', 'pt']",Italy,apasionados,es,5.0,False
['Chile'],['Valparaiso (Chile)'],"['es', 'en', 'pt']",France,apasionados,es,5.0,True
['Chile'],['Valparaiso (Chile)'],"['es', 'en', 'pt']",Italy,comen pasta,es,5.0,True
['Chile'],['Region Metropolitana (Chile)'],"['es', 'en']",Mexico,comida picante,es,5.0,False
['Chile'],['Region Metropolitana (Chile)'],"['es', 'en']",China,comida picante,es,5.0,True
['Chile'],['Region Metropolitana (Chile)'],"['es', 'en']",Mexico,musica,es,5.0,True
['Paraguay'],['Central (Paraguay)'],['es'],Bolivia,callados,es,5.0,False
['Paraguay'],['Central (Paraguay)'],['es'],Panama,callados,es,5.0,True
['Paraguay'],['Central (Paraguay)'],['es'],Bolivia,usar ponchos y andar en llamas,es,5.0,True
['Paraguay'],['Central (Paraguay)'],['es'],Spain,paella,es,4.0,False
['Paraguay'],['Central (Paraguay)'],['es'],Spain,flamenco,es,5.0,True
['Paraguay'],['Central (Paraguay)'],['es'],Argentina,en vías de desarrollo,es,5.0,False
['Paraguay'],['Central (Paraguay)'],['es'],Paraguay,en vías de desarrollo,es,5.0,True
['Paraguay'],['Central (Paraguay)'],['es'],Argentina,tango,es,5.0,True
['Spain'],['Murcia (Spain)'],['es'],Spain,siesta,es,4.0,False
['Spain'],['Murcia (Spain)'],['es'],Italy,siesta,es,5.0,True
['Spain'],['Murcia (Spain)'],['es'],United Kingdom,excelentes universidades,es,3.0,False
['Spain'],['Murcia (Spain)'],['es'],Singapore,caro,es,3.0,False
['Spain'],['Murcia (Spain)'],['es'],Spain,buen clima,es,5.0,False
['Spain'],['Murcia (Spain)'],['es'],Spain,buen ambiente,es,5.0,True
['Spain'],['Murcia (Spain)'],['es'],Switzerland,buena calidad de vida,es,5.0,False
['Spain'],['Murcia (Spain)'],['es'],Austria,buena calidad de vida,es,5.0,True
['Spain'],['Murcia (Spain)'],['es'],Switzerland,bonitos paisajes,es,5.0,True
['Spain'],['Murcia (Spain)'],['es'],Brazil,playas lindas,es,2.0,False
['Spain'],['Murcia (Spain)'],['es'],Chile,hablar mal,es,1.0,False
['Spain'],['Murcia (Spain)'],['es'],Spain,flamenco,es,2.0,False
['Spain'],['Murcia (Spain)'],['es'],Norway,far away,es,4.0,False
['Spain'],['Murcia (Spain)'],['es'],Norway,frio,es,5.0,True
['Spain'],['Murcia (Spain)'],['es'],United States,imperialismo,es,3.0,False
['Spain'],['Murcia (Spain)'],['es'],Spain,caracoles,es,2.0,False
['Spain'],['Murcia (Spain)'],['es'],United States,creacionistas,es,3.0,False
['Spain'],['Murcia (Spain)'],['es'],Spain,cristiano ronaldo,es,2.0,False
['Spain'],['Murcia (Spain)'],['es'],Portugal,cristiano ronaldo,es,5.0,True
['Spain'],['Murcia (Spain)'],['es'],Greece,comida de buena calidad,es,4.0,False
['Spain'],['Murcia (Spain)'],['es'],Venezuela,hablar rapido,es,4.0,False
['Spain'],['Murcia (Spain)'],['es'],Spain,mucho turismo por sus playas,es,5.0,False
['Spain'],['Murcia (Spain)'],['es'],Spain,buen clima,es,5.0,True
['Spain'],['Murcia (Spain)'],['es'],Venezuela,delicuencia,es,4.0,False
['Spain'],['Murcia (Spain)'],['es'],Brazil,delicuencia,es,5.0,True
['Spain'],['Murcia (Spain)'],['es'],Venezuela,pobre,es,5.0,True
['Peru'],['Cusco (Peru)'],"['en', 'es']",Sweden,buena música,es,3.0,False
['Peru'],['Cusco (Peru)'],"['en', 'es']",Japan,buena música,es,5.0,True
['Peru'],['Cusco (Peru)'],"['en', 'es']",Peru,buena música,es,5.0,True
['Peru'],['Cusco (Peru)'],"['en', 'es']",Sweden,mas seguridad en calles,es,5.0,True
['Peru'],['Cusco (Peru)'],"['en', 'es']",Peru,comida de buena calidad,es,,False
['Peru'],['Cusco (Peru)'],"['en', 'es']",China,comida de buena calidad,es,5.0,True
['Peru'],['Cusco (Peru)'],"['en', 'es']",Peru,comida barata,es,5.0,True
['United States'],['Florida (United States)'],"['es', 'en']",Peru,friendly,en,3.0,False
['United States'],['Florida (United States)'],"['es', 'en']",Peru,capitalismo,es,5.0,True
['Chile'],['Maule (Chile)'],['es'],Chile,churrascos,es,2.0,False
['Chile'],['Maule (Chile)'],['es'],Chile,empanadas,es,5.0,True
['Chile'],['Maule (Chile)'],['es'],Afghanistan,subdesarrollados,es,1.0,False
['Chile'],['Maule (Chile)'],['es'],Afghanistan,guerra,es,5.0,True
['Chile'],['Maule (Chile)'],['es'],Russia,conflictos con estados unidos,es,4.0,False
['Chile'],['Maule (Chile)'],['es'],Chile,en contra del aborto,es,3.0,False
['Chile'],['Maule (Chile)'],['es'],Sri Lanka,parecido a tailandia,es,4.0,False
['Chile'],['Maule (Chile)'],['es'],Australia,caro,es,3.0,False
['Chile'],['Maule (Chile)'],['es'],Australia,canguros,es,5.0,True
['Chile'],['Maule (Chile)'],['es'],Chile,en vías de desarrollo,es,,False
['Chile'],['Maule (Chile)'],['es'],Chile,amables con el extranjero,es,4.0,False
['Chile'],['Maule (Chile)'],['es'],China,tecnología,es,5.0,False
['Chile'],['Maule (Chile)'],['es'],Greece,playas,es,3.0,False
['Chile'],['Maule (Chile)'],['es'],Greece,historia,es,5.0,True
['Chile'],['Maule (Chile)'],['es'],Chile,desigualdad es comun,es,4.0,False
['Chile'],['Maule (Chile)'],['es'],Cuba,socialismo,es,2.0,False
['Chile'],['Maule (Chile)'],['es'],Cuba,comunista,es,5.0,True
['Chile'],['Maule (Chile)'],['es'],France,croissant baguette,es,2.0,False
['Chile'],['Maule (Chile)'],['es'],France,paris,es,5.0,True
['Chile'],['Maule (Chile)'],['es'],Austria,buena calidad de vida,es,3.0,False
['Chile'],['Maule (Chile)'],['es'],Austria,animales extraños,es,5.0,True
['Chile'],['Maule (Chile)'],['es'],Chile,deprimidos,es,4.0,False
['Chile'],['Maule (Chile)'],['es'],Chile,memes,es,5.0,True
['Chile'],['Maule (Chile)'],['es'],Chile,piscola,es,2.0,False
['Chile'],['Maule (Chile)'],['es'],Chile,vino,es,5.0,True
['Chile'],['Maule (Chile)'],['es'],Chile,la música salsa,es,2.0,False
['Chile'],['Maule (Chile)'],['es'],Chile,reggaeton,es,5.0,True
['Chile'],['Maule (Chile)'],['es'],Chile,cordillera,es,4.0,False
['Chile'],['Maule (Chile)'],['es'],Brazil,bonitas playas,es,5.0,False
['Chile'],['Maule (Chile)'],['es'],Brazil,baile y fiesta,es,5.0,True
['Chile'],['Maule (Chile)'],['es'],Chile,el país más largo del mundo,es,5.0,False
['Chile'],['Maule (Chile)'],['es'],Russia,gastan más dinero,es,4.0,False
['Chile'],['Maule (Chile)'],['es'],Chile,hablar mal,es,4.0,False
['Chile'],['Maule (Chile)'],['es'],Chile,el weon weon,es,5.0,True
['Chile'],['Maule (Chile)'],['es'],Chile,hablar rapido,es,5.0,False
['Chile'],['Maule (Chile)'],['es'],Chile,completos,es,2.0,False
['Chile'],['Maule (Chile)'],['es'],Chile,talca,es,5.0,True
['Chile'],['Maule (Chile)'],['es'],Chile,la pobreza es común,es,4.0,False
['Chile'],['Maule (Chile)'],['es'],Spain,música y baile excepcionales,es,,False
['Chile'],['Maule (Chile)'],['es'],Germany,hitler,es,1.0,False
['Chile'],['Maule (Chile)'],['es'],Germany,trabajadores,es,5.0,True
['Chile'],['Maule (Chile)'],['es'],Italy,siesta,es,1.0,False
['Chile'],['Maule (Chile)'],['es'],Italy,buena comida,es,5.0,True
['Chile'],['Maule (Chile)'],['es'],France,arrogantes,es,3.0,False
['Chile'],['Maule (Chile)'],['es'],France,hediondos,es,5.0,True
['Chile'],['Maule (Chile)'],['es'],Italy,comen pasta,es,5.0,False
['Peru'],['Lima (Peru)'],"['en', 'es', 'pt']",Italy,elegant people,en,3.0,False
['Peru'],['Lima (Peru)'],"['en', 'es', 'pt']",Switzerland,elegant people,en,5.0,True
['Peru'],['Lima (Peru)'],"['en', 'es', 'pt']",Italy,hablan con un acento muy fuerte,en,5.0,True
['Peru'],['Lima (Peru)'],"['en', 'es', 'pt']",Italy,como cantando,en,5.0,True
['Peru'],['Lima (Peru)'],"['en', 'es', 'pt']",Peru,pertenece a la región andina,es,5.0,False
['Peru'],['Lima (Peru)'],"['en', 'es', 'pt']",Bolivia,pertenece a la región andina,es,5.0,True
['Peru'],['Lima (Peru)'],"['en', 'es', 'pt']",Colombia,pertenece a la región andina,es,5.0,True
['Peru'],['Lima (Peru)'],"['en', 'es', 'pt']",Peru,excelente gastronomia,es,5.0,True
['Peru'],['Lima (Peru)'],"['en', 'es', 'pt']",Iceland,seguridad,es,1.0,False
['Peru'],['Lima (Peru)'],"['en', 'es', 'pt']",Norway,seguridad,es,5.0,True
['Peru'],['Lima (Peru)'],"['en', 'es', 'pt']",Estonia,seguridad,es,5.0,True
['Peru'],['Lima (Peru)'],"['en', 'es', 'pt']",Sweden,seguridad,es,5.0,True
['Peru'],['Lima (Peru)'],"['en', 'es', 'pt']",Iceland,hace frio,es,5.0,True
['Peru'],['Lima (Peru)'],"['en', 'es', 'pt']",Peru,cordillera,es,5.0,False
['Peru'],['Lima (Peru)'],"['en', 'es', 'pt']",Bolivia,cordillera,es,5.0,True
['Peru'],['Lima (Peru)'],"['en', 'es', 'pt']",Chile,cordillera,es,5.0,True
['Peru'],['Lima (Peru)'],"['en', 'es', 'pt']",Uruguay,cordillera,es,5.0,True
['Peru'],['Lima (Peru)'],"['en', 'es', 'pt']",Peru,vicuña,es,5.0,True
['Peru'],['Lima (Peru)'],"['en', 'es', 'pt']",United Kingdom,dientes amarillos,es,3.0,False
['Peru'],['Lima (Peru)'],"['en', 'es', 'pt']",United Kingdom,rugsby,es,5.0,True
['Peru'],['Lima (Peru)'],"['en', 'es', 'pt']",Japan,otaku,es,4.0,False
['Peru'],['Lima (Peru)'],"['en', 'es', 'pt']",Japan,seguridad,es,5.0,True
['Peru'],['Lima (Peru)'],"['en', 'es', 'pt']",Peru,barato para el turismo,es,5.0,False
['Peru'],['Lima (Peru)'],"['en', 'es', 'pt']",Bolivia,barato para el turismo,es,5.0,True
['Peru'],['Lima (Peru)'],"['en', 'es', 'pt']",Thailand,barato para el turismo,es,5.0,True
['Peru'],['Lima (Peru)'],"['en', 'es', 'pt']",Peru,ponchos,es,5.0,True
['Peru'],['Lima (Peru)'],"['en', 'es', 'pt']",Philippines,playas,es,5.0,False
['Peru'],['Lima (Peru)'],"['en', 'es', 'pt']",Philippines,comida picante,es,5.0,True
['Peru'],['Lima (Peru)'],"['en', 'es', 'pt']",China,barato,es,4.0,False
['Peru'],['Lima (Peru)'],"['en', 'es', 'pt']",China,comunismo,es,5.0,True
['Peru'],['Lima (Peru)'],"['en', 'es', 'pt']",China,se fabrican zapatos,es,4.0,False
['Peru'],['Lima (Peru)'],"['en', 'es', 'pt']",China,comunismo,es,5.0,True
['Peru'],['Lima (Peru)'],"['en', 'es', 'pt']",Peru,buena música,es,3.0,False
['Peru'],['Lima (Peru)'],"['en', 'es', 'pt']",Argentina,buena música,es,5.0,True
['Peru'],['Lima (Peru)'],"['en', 'es', 'pt']",United Kingdom,buena música,es,5.0,True
['Peru'],['Lima (Peru)'],"['en', 'es', 'pt']",Peru,paisajes bellísimos,es,5.0,True
['Peru'],['Lima (Peru)'],"['en', 'es', 'pt']",Peru,machupichu,es,5.0,False
['Peru'],['Lima (Peru)'],"['en', 'es', 'pt']",Peru,costa,es,5.0,True
['Peru'],['Lima (Peru)'],"['en', 'es', 'pt']",Peru,sierra y selva,es,5.0,True
['Peru'],['Lima (Peru)'],"['en', 'es', 'pt']",Greece,historia,es,5.0,False
['Peru'],['Lima (Peru)'],"['en', 'es', 'pt']",Italy,historia,es,5.0,True
['Peru'],['Lima (Peru)'],"['en', 'es', 'pt']",Egypt,historia,es,5.0,True
['Peru'],['Lima (Peru)'],"['en', 'es', 'pt']",Greece,monumentos,es,5.0,True
['Colombia'],['Santander (Colombia)'],"['en', 'es']",Colombia,pertenece a la región andina,es,5.0,False
['Colombia'],['Santander (Colombia)'],"['en', 'es']",Colombia,gente alegre,es,5.0,True
['Colombia'],['Santander (Colombia)'],"['en', 'es']",Colombia,grupientos,es,2.0,False
['Colombia'],['Santander (Colombia)'],"['en', 'es']",Colombia,gente hermosa,es,5.0,True
['Colombia'],['Santander (Colombia)'],"['en', 'es']",Philippines,ladyboy,es,4.0,False
['Colombia'],['Santander (Colombia)'],"['en', 'es']",Colombia,narcotráfico,es,4.0,False
['Colombia'],['Santander (Colombia)'],"['en', 'es']",Colombia,hermosos paisajes,es,5.0,True
['Colombia'],['Santander (Colombia)'],"['en', 'es']",Colombia,mucho turismo por sus playas,es,5.0,False
['Colombia'],['Santander (Colombia)'],"['en', 'es']",Colombia,biodiversa,es,5.0,True
['Colombia'],['Santander (Colombia)'],"['en', 'es']",Colombia,drogas ilegales,es,4.0,False
['Colombia'],['Santander (Colombia)'],"['en', 'es']",Colombia,fiesteros,es,5.0,True
['Colombia'],['Santander (Colombia)'],"['en', 'es']",Argentina,buena música,es,3.0,False
['Colombia'],['Santander (Colombia)'],"['en', 'es']",Colombia,buena música,es,5.0,True
['Colombia'],['Santander (Colombia)'],"['en', 'es']",Argentina,creídos,es,5.0,True
['Colombia'],['Santander (Colombia)'],"['en', 'es']",Colombia,la música salsa,es,5.0,False
['Colombia'],['Santander (Colombia)'],"['en', 'es']",Colombia,alegres,es,5.0,False
['Colombia'],['Santander (Colombia)'],"['en', 'es']",Colombia,playas lindas,es,5.0,False
['Colombia'],['Santander (Colombia)'],"['en', 'es']",Argentina,fútbol,es,5.0,False
['Colombia'],['Santander (Colombia)'],"['en', 'es']",Argentina,toman mate,es,5.0,True
['Colombia'],['Santander (Colombia)'],"['en', 'es']",Colombia,friendly,en,5.0,False
['Colombia'],['Santander (Colombia)'],"['en', 'es']",Colombia,música y baile excepcionales,es,5.0,False
['Colombia'],['Santander (Colombia)'],"['en', 'es']",Argentina,la música salsa,es,2.0,False
['Colombia'],['Santander (Colombia)'],"['en', 'es']",Argentina,el tango,es,5.0,True
['Colombia'],['Santander (Colombia)'],"['en', 'es']",Colombia,playas lindas,es,5.0,False
['Colombia'],['Santander (Colombia)'],"['en', 'es']",United States,revolucion industrial,es,3.0,False
['Colombia'],['Santander (Colombia)'],"['en', 'es']",Gambia,subdesarrollados,es,4.0,False
['Colombia'],['Santander (Colombia)'],"['en', 'es']",Colombia,cordillera,es,5.0,False
['Colombia'],['Santander (Colombia)'],"['en', 'es']",Zambia,subdesarrollados,es,4.0,False
['Colombia'],['Santander (Colombia)'],"['en', 'es']",Philippines,parecido a tailandia,es,3.0,False
['Colombia'],['Santander (Colombia)'],"['en', 'es']",Colombia,subdesarrollados,es,3.0,False
['Colombia'],['Santander (Colombia)'],"['en', 'es']",Lesotho,la pobreza es común,es,3.0,False
['Colombia'],['Santander (Colombia)'],"['en', 'es']",Switzerland,bonitos paisajes,es,5.0,False
['Colombia'],['Santander (Colombia)'],"['en', 'es']",Switzerland,país rico,es,5.0,True
['Colombia'],['Santander (Colombia)'],"['en', 'es']",Norway,frío,es,5.0,False
['Colombia'],['Santander (Colombia)'],"['en', 'es']",Colombia,felicidad,es,5.0,False
['Colombia'],['Santander (Colombia)'],"['en', 'es']",Peru,ponchos,es,4.0,False
['Colombia'],['Santander (Colombia)'],"['en', 'es']",Peru,comen palomas,es,5.0,True
['Colombia'],['Santander (Colombia)'],"['en', 'es']",Colombia,ruidosos,es,4.0,False
['Colombia'],['Santander (Colombia)'],"['en', 'es']",Brazil,playas,es,4.0,False
['Colombia'],['Santander (Colombia)'],"['en', 'es']",Bolivia,cordillera,es,5.0,False
['Colombia'],['Santander (Colombia)'],"['en', 'es']",Colombia,ruidosos,es,4.0,False
['Colombia'],['Santander (Colombia)'],"['en', 'es']",Colombia,playas,es,5.0,False
['Colombia'],['Santander (Colombia)'],"['en', 'es']",Colombia,la pobreza es común,es,3.0,False
['Colombia'],['Santander (Colombia)'],"['en', 'es']",Brazil,en vías de desarrollo,es,4.0,False
['Colombia'],['Santander (Colombia)'],"['en', 'es']",Colombia,enjoy cooking,en,5.0,False
['Colombia'],['Santander (Colombia)'],"['en', 'es']",Russia,hace frío,es,5.0,False
['Colombia'],['Santander (Colombia)'],"['en', 'es']",Russia,grandes,es,5.0,True
['Colombia'],['Santander (Colombia)'],"['en', 'es']",Japan,seguridad,es,4.0,False
['Colombia'],['Santander (Colombia)'],"['en', 'es']",Japan,disciplinados,es,5.0,True
['Colombia'],['Santander (Colombia)'],"['en', 'es']",United Kingdom,personas con la piel muy blanca,es,4.0,False
['Colombia'],['Santander (Colombia)'],"['en', 'es']",United Kingdom,inseguridad en las calles,es,5.0,True
['Colombia'],['Santander (Colombia)'],"['en', 'es']",Peru,capitalismo,es,3.0,False
['Colombia'],['Santander (Colombia)'],"['en', 'es']",Peru,ciudades feas,es,5.0,True
['Colombia'],['Santander (Colombia)'],"['en', 'es']",Algeria,la pobreza es común,es,3.0,False
['Colombia'],['Santander (Colombia)'],"['en', 'es']",Ethiopia,negro,es,4.0,False
['Colombia'],['Santander (Colombia)'],"['en', 'es']",Italy,buena comida,es,4.0,False
['Colombia'],['Santander (Colombia)'],"['en', 'es']",Italy,romanticismo,es,5.0,True
['Colombia'],['Santander (Colombia)'],"['en', 'es']",Brazil,amazonas,es,5.0,False
['Colombia'],['Santander (Colombia)'],"['en', 'es']",Brazil,gente alegre,es,5.0,True
['Colombia'],['Santander (Colombia)'],"['en', 'es']",China,manofactura,en,5.0,False
['Colombia'],['Santander (Colombia)'],"['en', 'es']",China,comen murciélagos,es,5.0,True
['Colombia'],['Santander (Colombia)'],"['en', 'es']",Japan,has the best educational system,en,3.0,False
['Colombia'],['Santander (Colombia)'],"['en', 'es']",Japan,tímidos,es,5.0,True
['Colombia'],['Santander (Colombia)'],"['en', 'es']",Mexico,enjoy cooking,en,5.0,False
['Colombia'],['Santander (Colombia)'],"['en', 'es']",Mexico,narcotráfico,es,5.0,True
['Colombia'],['Santander (Colombia)'],"['en', 'es']",Niger,la pobreza es común,es,4.0,False
['Colombia'],['Santander (Colombia)'],"['en', 'es']",Finland,papa noel,es,4.0,False
['Colombia'],['Santander (Colombia)'],"['en', 'es']",Finland,frio,es,5.0,True
['Colombia'],['Santander (Colombia)'],"['en', 'es']",Mali,subdesarrollados,es,4.0,False
['Colombia'],['Santander (Colombia)'],"['en', 'es']",Chile,el weon weon,es,4.0,False
['Colombia'],['Santander (Colombia)'],"['en', 'es']",Chile,hablan muy rápido,es,5.0,True
['Colombia'],['Santander (Colombia)'],"['en', 'es']",France,hediondos,es,3.0,False
['Colombia'],['Santander (Colombia)'],"['en', 'es']",France,no son amables con los turistas,es,5.0,True
['Colombia'],['Santander (Colombia)'],"['en', 'es']",Switzerland,elegant people,en,5.0,False
['Colombia'],['Santander (Colombia)'],"['en', 'es']",Switzerland,seriedad,es,5.0,True
['Colombia'],['Santander (Colombia)'],"['en', 'es']",France,poco nivel de inglés,es,2.0,False
['Colombia'],['Santander (Colombia)'],"['en', 'es']",France,vanidosos,es,5.0,True
['Colombia'],['Santander (Colombia)'],"['en', 'es']",Argentina,barato para el turismo,es,3.0,False
['Colombia'],['Santander (Colombia)'],"['en', 'es']",United States,obesidad,es,5.0,False
['Colombia'],['Santander (Colombia)'],"['en', 'es']",United States,tiroteos escolares,es,5.0,True
['Colombia'],['Santander (Colombia)'],"['en', 'es']",Cuba,mucho turismo por sus playas,es,3.0,False
['Colombia'],['Santander (Colombia)'],"['en', 'es']",Cuba,pobreza,es,5.0,True
['Colombia'],['Santander (Colombia)'],"['en', 'es']",Mexico,musica,es,5.0,False
['Colombia'],['Santander (Colombia)'],"['en', 'es']",Mexico,comida picante,es,5.0,True
['Colombia'],['Santander (Colombia)'],"['en', 'es']",Norway,black metal,en,4.0,False
['Colombia'],['Santander (Colombia)'],"['en', 'es']",Norway,hermosos paisajes,es,5.0,True
['Colombia'],['Santander (Colombia)'],"['en', 'es']",Brazil,buenos jugadores de futbol,es,5.0,False
['Colombia'],['Santander (Colombia)'],"['en', 'es']",Brazil,buenos jugadores de fútbol sala,es,5.0,True
['Colombia'],['Santander (Colombia)'],"['en', 'es']",Venezuela,gritones,es,3.0,False
['Colombia'],['Santander (Colombia)'],"['en', 'es']",Venezuela,pobreza,es,5.0,True
['Colombia'],['Santander (Colombia)'],"['en', 'es']",Peru,costa,es,3.0,False
['Colombia'],['Santander (Colombia)'],"['en', 'es']",Peru,desértico,es,5.0,True
['Colombia'],['Santander (Colombia)'],"['en', 'es']",Peru,sierra y selva,es,3.0,False
['Colombia'],['Santander (Colombia)'],"['en', 'es']",Peru,desértico,es,5.0,True
['Colombia'],['Santander (Colombia)'],"['en', 'es']",Mexico,mucho turismo por sus playas,es,5.0,False
['Colombia'],['Santander (Colombia)'],"['en', 'es']",Mexico,música ranchera,es,5.0,True
['Colombia'],['Santander (Colombia)'],"['en', 'es']",Belgium,better at managing money,en,3.0,False
['Colombia'],['Santander (Colombia)'],"['en', 'es']",Guatemala,la pobreza es común,es,4.0,False
['Colombia'],['Santander (Colombia)'],"['en', 'es']",Ecuador,usan perfume,en,3.0,False
['Colombia'],['Santander (Colombia)'],"['en', 'es']",Venezuela,alegres,es,3.0,False
['Colombia'],['Santander (Colombia)'],"['en', 'es']",Iceland,hace frio,es,5.0,False
['Colombia'],['Santander (Colombia)'],"['en', 'es']",Iceland,nieve,es,5.0,True
['Colombia'],['Santander (Colombia)'],"['en', 'es']",Norway,educación de buena calidad,es,5.0,False
['Colombia'],['Santander (Colombia)'],"['en', 'es']",Sweden,against euthanasia,en,2.0,False
['Colombia'],['Santander (Colombia)'],"['en', 'es']",Italy,comida de buena calidad,es,5.0,False
['Colombia'],['Santander (Colombia)'],"['en', 'es']",Japan,caro,es,4.0,False
['Colombia'],['Santander (Colombia)'],"['en', 'es']",United Kingdom,there is a career for software developers,en,5.0,False
['Colombia'],['Santander (Colombia)'],"['en', 'es']",United Kingdom,great football players,en,5.0,True
['Colombia'],['Santander (Colombia)'],"['en', 'es']",Germany,has the best educational system,en,3.0,False
['Colombia'],['Santander (Colombia)'],"['en', 'es']",Germany,allows drugs on public,en,5.0,True
['Colombia'],['Santander (Colombia)'],"['en', 'es']",Bolivia,barato para el turismo,es,3.0,False
['Colombia'],['Santander (Colombia)'],"['en', 'es']",Bolivia,no tiene mar,es,5.0,True
['Colombia'],['Santander (Colombia)'],"['en', 'es']",Brazil,delicuencia,es,,False
['Colombia'],['Santander (Colombia)'],"['en', 'es']",Brazil,jogo bonito,pt,5.0,True
['Colombia'],['Santander (Colombia)'],"['en', 'es']",Argentina,buena comida,es,3.0,False
['Colombia'],['Santander (Colombia)'],"['en', 'es']",Argentina,toman fernet,es,5.0,True
['Colombia'],['Santander (Colombia)'],"['en', 'es']",Japan,presion social,es,5.0,False
['Colombia'],['Santander (Colombia)'],"['en', 'es']",Japan,comida muy rica,es,5.0,True
['Colombia'],['Santander (Colombia)'],"['en', 'es']",Morocco,emigrantes,es,3.0,False
['Colombia'],['Santander (Colombia)'],"['en', 'es']",Denmark,vikingos,es,5.0,False
['Colombia'],['Santander (Colombia)'],"['en', 'es']",Canada,frío,es,5.0,False
['Colombia'],['Santander (Colombia)'],"['en', 'es']",Canada,they play hockey really well,en,5.0,True
['Colombia'],['Santander (Colombia)'],"['en', 'es']",Argentina,tango,es,5.0,False
['Colombia'],['Santander (Colombia)'],"['en', 'es']",Indonesia,poco nivel de inglés,es,3.0,False
['Colombia'],['Santander (Colombia)'],"['en', 'es']",Bolivia,pertenece a la región andina,es,5.0,False
['Colombia'],['Santander (Colombia)'],"['en', 'es']",Morocco,ruidosos,es,3.0,False
['Colombia'],['Santander (Colombia)'],"['en', 'es']",Argentina,problemas políticos,es,5.0,False
['Colombia'],['Santander (Colombia)'],"['en', 'es']",China,has the best educational system,en,3.0,False
['Colombia'],['Santander (Colombia)'],"['en', 'es']",China,advanced robotics,en,5.0,True
['Peru'],['Lima (Peru)'],"['es', 'en', 'pt']",Germany,son gritones,es,2.0,False
['Peru'],['Lima (Peru)'],"['es', 'en', 'pt']",Venezuela,son gritones,es,5.0,True
['Peru'],['Lima (Peru)'],"['es', 'en', 'pt']",Germany,gustan del futbol,es,5.0,True
['Peru'],['Lima (Peru)'],"['es', 'en', 'pt']",Singapore,seguridad,es,4.0,False
['Peru'],['Lima (Peru)'],"['es', 'en', 'pt']",China,seguridad,es,5.0,True
['Peru'],['Lima (Peru)'],"['es', 'en', 'pt']",Singapore,desarrollado,es,5.0,True
['Peru'],['Lima (Peru)'],"['es', 'en', 'pt']",Peru,buena comida,es,5.0,False
['Peru'],['Lima (Peru)'],"['es', 'en', 'pt']",Argentina,buena comida,es,5.0,True
['Peru'],['Lima (Peru)'],"['es', 'en', 'pt']",Italy,buena comida,es,5.0,True
['Peru'],['Lima (Peru)'],"['es', 'en', 'pt']",Peru,tiene un mar en su mayoría frio,es,5.0,True
['Spain'],['Madrid (Spain)'],"['en', 'es']",Spain,buen ambiente,es,,False
['Spain'],['Madrid (Spain)'],"['en', 'es']",Brazil,buen ambiente,es,5.0,True
['Spain'],['Madrid (Spain)'],"['en', 'es']",Spain,vaguería,es,5.0,True
['Spain'],['Madrid (Spain)'],"['en', 'es']",Poland,believed that euthanasia is against religion,en,2.0,False
['Spain'],['Madrid (Spain)'],"['en', 'es']",Spain,buen clima,es,5.0,False
['Spain'],['Madrid (Spain)'],"['en', 'es']",Greece,buen clima,es,5.0,True
['Spain'],['Madrid (Spain)'],"['en', 'es']",Spain,buena comida,es,5.0,True
['Spain'],['Madrid (Spain)'],"['en', 'es']",Andorra,andorra,es,1.0,False
['Spain'],['Madrid (Spain)'],"['en', 'es']",Spain,andorra,es,5.0,True
['Spain'],['Madrid (Spain)'],"['en', 'es']",Andorra,evasión de impuestos,es,5.0,True
['Spain'],['Madrid (Spain)'],"['en', 'es']",Mexico,fast food,en,2.0,False
['Spain'],['Madrid (Spain)'],"['en', 'es']",United States,fast food,en,5.0,True
['Spain'],['Madrid (Spain)'],"['en', 'es']",Mexico,calaveras,es,5.0,True
['Spain'],['Madrid (Spain)'],"['en', 'es']",Spain,fiesteros,es,4.0,False
['Spain'],['Madrid (Spain)'],"['en', 'es']",Brazil,fiesteros,es,5.0,True
['Spain'],['Madrid (Spain)'],"['en', 'es']",Spain,echarse la siesta,es,5.0,True
['Spain'],['Madrid (Spain)'],"['en', 'es']",Greece,monumentos,es,4.0,False
['Spain'],['Madrid (Spain)'],"['en', 'es']",Italy,monumentos,es,5.0,True
['Spain'],['Madrid (Spain)'],"['en', 'es']",Greece,islas paradisiacas,es,5.0,True
['Spain'],['Madrid (Spain)'],"['en', 'es']",United States,tiroteos escolares,es,3.0,False
['Spain'],['Madrid (Spain)'],"['en', 'es']",United States,incultura,es,5.0,True
['Spain'],['Madrid (Spain)'],"['en', 'es']",Spain,música y baile excepcionales,es,3.0,False
['Spain'],['Madrid (Spain)'],"['en', 'es']",Spain,corridas de toros,es,5.0,True
['Spain'],['Madrid (Spain)'],"['en', 'es']",Czechia,beben mucha cerveza,es,4.0,False
['Spain'],['Madrid (Spain)'],"['en', 'es']",Germany,beben mucha cerveza,es,5.0,True
['Spain'],['Madrid (Spain)'],"['en', 'es']",Czechia,ciudades con encanto,es,5.0,True
['Spain'],['Madrid (Spain)'],"['en', 'es']",Spain,comida de buena calidad,es,4.0,False
['Spain'],['Madrid (Spain)'],"['en', 'es']",Italy,comida de buena calidad,es,5.0,True
['Spain'],['Madrid (Spain)'],"['en', 'es']",Spain,flamenco,es,5.0,True
['Spain'],['Madrid (Spain)'],"['en', 'es']",Spain,toros,es,5.0,False
['Spain'],['Madrid (Spain)'],"['en', 'es']",Spain,loud people,en,5.0,True
['Spain'],['Madrid (Spain)'],"['en', 'es']",Argentina,creídos,es,4.0,False
['Spain'],['Madrid (Spain)'],"['en', 'es']",France,creídos,es,5.0,True
['Spain'],['Madrid (Spain)'],"['en', 'es']",Argentina,intelectuales,es,5.0,True
['Spain'],['Madrid (Spain)'],"['en', 'es']",Colombia,biodiversa,es,1.0,False
['Spain'],['Madrid (Spain)'],"['en', 'es']",Brazil,biodiversa,es,5.0,True
['Spain'],['Madrid (Spain)'],"['en', 'es']",Colombia,tráfico de drogas,es,5.0,True
['Spain'],['Madrid (Spain)'],"['en', 'es']",Spain,camino de santiago,es,3.0,False
['Spain'],['Madrid (Spain)'],"['en', 'es']",France,camino de santiago,es,5.0,True
['Spain'],['Madrid (Spain)'],"['en', 'es']",Spain,sol y playa,es,5.0,True
['Spain'],['Madrid (Spain)'],"['en', 'es']",Panama,callados,es,1.0,False
['Spain'],['Madrid (Spain)'],"['en', 'es']",Portugal,callados,es,5.0,True
['Spain'],['Madrid (Spain)'],"['en', 'es']",Panama,malversación de fondos,es,5.0,True
['Spain'],['Madrid (Spain)'],"['en', 'es']",Sweden,personas con la piel muy blanca,es,3.0,False
['Spain'],['Madrid (Spain)'],"['en', 'es']",Denmark,personas con la piel muy blanca,es,5.0,True
['Spain'],['Madrid (Spain)'],"['en', 'es']",Sweden,muebles de diseño,es,5.0,True
['Spain'],['Madrid (Spain)'],"['en', 'es']",Spain,caracoles,es,2.0,False
['Spain'],['Madrid (Spain)'],"['en', 'es']",France,caracoles,es,5.0,True
['Spain'],['Madrid (Spain)'],"['en', 'es']",Spain,paella,es,5.0,True
['Spain'],['Madrid (Spain)'],"['en', 'es']",United Kingdom,quality education,en,3.0,False
['Spain'],['Madrid (Spain)'],"['en', 'es']",Finland,quality education,en,5.0,True
['Spain'],['Madrid (Spain)'],"['en', 'es']",United Kingdom,clima lluvioso,es,5.0,True
['Spain'],['Madrid (Spain)'],"['en', 'es']",Belgium,there is a career for software developers,en,1.0,False
['Spain'],['Madrid (Spain)'],"['en', 'es']",United States,there is a career for software developers,en,5.0,True
['Spain'],['Madrid (Spain)'],"['en', 'es']",Belgium,flamenco,es,5.0,True
['Spain'],['Madrid (Spain)'],"['en', 'es']",Spain,siesta,es,5.0,False
['Spain'],['Madrid (Spain)'],"['en', 'es']",Spain,celebraciones religiosas,es,5.0,True
['Spain'],['Madrid (Spain)'],"['en', 'es']",Spain,playas,es,4.0,False
['Spain'],['Madrid (Spain)'],"['en', 'es']",Jamaica,playas,es,5.0,True
['Spain'],['Madrid (Spain)'],"['en', 'es']",Spain,aceite de oliva,es,5.0,True
['Spain'],['Madrid (Spain)'],"['en', 'es']",Argentina,vacas,es,3.0,False
['Spain'],['Madrid (Spain)'],"['en', 'es']",Spain,vacas,es,5.0,True
['Spain'],['Madrid (Spain)'],"['en', 'es']",Argentina,beber mate,es,5.0,True
['Spain'],['Madrid (Spain)'],"['en', 'es']",Spain,buen clima,es,4.0,False
['Spain'],['Madrid (Spain)'],"['en', 'es']",Italy,buen clima,es,5.0,True
['Spain'],['Madrid (Spain)'],"['en', 'es']",Spain,dictadura,es,5.0,True
['Spain'],['Madrid (Spain)'],"['en', 'es']",Brazil,apasionados por el futbol,es,4.0,False
['Spain'],['Madrid (Spain)'],"['en', 'es']",Argentina,apasionados por el futbol,es,5.0,True
['Spain'],['Madrid (Spain)'],"['en', 'es']",Brazil,carnaval,es,5.0,True
['Spain'],['Madrid (Spain)'],"['en', 'es']",India,there is a career for software developers,en,2.0,False
['Spain'],['Madrid (Spain)'],"['en', 'es']",United States,there is a career for software developers,en,5.0,True
['Spain'],['Madrid (Spain)'],"['en', 'es']",India,incienso,es,5.0,True
['Spain'],['Madrid (Spain)'],"['en', 'es']",Spain,gritones,es,4.0,False
['Spain'],['Madrid (Spain)'],"['en', 'es']",Greece,gritones,es,5.0,True
['Spain'],['Madrid (Spain)'],"['en', 'es']",Spain,familia numerosa,es,5.0,True
['Spain'],['Madrid (Spain)'],"['en', 'es']",Spain,poco nivel de inglés,es,4.0,False
['Spain'],['Madrid (Spain)'],"['en', 'es']",Italy,poco nivel de inglés,es,5.0,True
['Spain'],['Madrid (Spain)'],"['en', 'es']",Spain,hospitalidad,es,5.0,True
['Spain'],['Madrid (Spain)'],"['en', 'es']",Peru,comida barata,es,2.0,False
['Spain'],['Madrid (Spain)'],"['en', 'es']",India,comida barata,es,5.0,True
['Spain'],['Madrid (Spain)'],"['en', 'es']",Peru,gente bajita,es,5.0,True
['Spain'],['Madrid (Spain)'],"['en', 'es']",Spain,mucho turismo por sus playas,es,4.0,False
['Spain'],['Madrid (Spain)'],"['en', 'es']",Croatia,mucho turismo por sus playas,es,5.0,True
['Spain'],['Madrid (Spain)'],"['en', 'es']",Spain,picaresca,es,5.0,True
['Spain'],['Madrid (Spain)'],"['en', 'es']",Norway,hermosos paisajes,es,4.0,False
['Spain'],['Madrid (Spain)'],"['en', 'es']",Iceland,hermosos paisajes,es,5.0,True
['Spain'],['Madrid (Spain)'],"['en', 'es']",Norway,tiempo frío,es,5.0,True
['Spain'],['Madrid (Spain)'],"['en', 'es']",Spain,felicidad,es,2.0,False
['Spain'],['Madrid (Spain)'],"['en', 'es']",Brazil,felicidad,es,5.0,True
['Spain'],['Madrid (Spain)'],"['en', 'es']",Spain,valores tradicionales,es,5.0,True
['Spain'],['Madrid (Spain)'],"['en', 'es']",Germany,gustan del futbol,es,3.0,False
['Spain'],['Madrid (Spain)'],"['en', 'es']",Argentina,gustan del futbol,es,5.0,True
['Spain'],['Madrid (Spain)'],"['en', 'es']",Germany,gente cuadriculada,es,5.0,True
['Spain'],['Madrid (Spain)'],"['en', 'es']",Spain,buen pescado,es,3.0,False
['Spain'],['Madrid (Spain)'],"['en', 'es']",Norway,buen pescado,es,5.0,True
['Spain'],['Madrid (Spain)'],"['en', 'es']",Spain,creatividad,es,5.0,True
['Spain'],['Madrid (Spain)'],"['en', 'es']",Spain,playas lindas,es,4.0,False
['Spain'],['Madrid (Spain)'],"['en', 'es']",Greece,playas lindas,es,5.0,True
['Spain'],['Madrid (Spain)'],"['en', 'es']",Spain,dieta saludable,es,5.0,True
['Spain'],['Madrid (Spain)'],"['en', 'es']",China,comunismo,es,4.0,False
['Spain'],['Madrid (Spain)'],"['en', 'es']",Russia,comunismo,es,5.0,True
['Spain'],['Madrid (Spain)'],"['en', 'es']",China,cultura del trabajo,es,5.0,True
['Spain'],['Madrid (Spain)'],"['en', 'es']",Syria,la pobreza es común,es,3.0,False
['Spain'],['Madrid (Spain)'],"['en', 'es']",Libya,la pobreza es común,es,5.0,True
['Spain'],['Madrid (Spain)'],"['en', 'es']",Syria,musulmanes,es,5.0,True
['Spain'],['Madrid (Spain)'],"['en', 'es']",Colombia,gente alegre,es,2.0,False
['Spain'],['Madrid (Spain)'],"['en', 'es']",Brazil,gente alegre,es,5.0,True
['Spain'],['Madrid (Spain)'],"['en', 'es']",Colombia,ciudades peligrosas,es,5.0,True
['Spain'],['Madrid (Spain)'],"['en', 'es']",Spain,fiesteros,es,3.0,False
['Spain'],['Madrid (Spain)'],"['en', 'es']",Brazil,fiesteros,es,5.0,True
['Spain'],['Madrid (Spain)'],"['en', 'es']",Spain,slow life,en,5.0,True
['Spain'],['Madrid (Spain)'],"['en', 'es']",Argentina,charlatanes,es,4.0,False
['Spain'],['Madrid (Spain)'],"['en', 'es']",Italy,charlatanes,es,5.0,True
['Spain'],['Madrid (Spain)'],"['en', 'es']",Argentina,hombres seductores,en,5.0,True
['Spain'],['Madrid (Spain)'],"['en', 'es']",Spain,tiene ciudades muy bellas,es,2.0,False
['Spain'],['Madrid (Spain)'],"['en', 'es']",Italy,tiene ciudades muy bellas,es,5.0,True
['Spain'],['Madrid (Spain)'],"['en', 'es']",Spain,cabello oscuro,en,5.0,True
['Spain'],['Madrid (Spain)'],"['en', 'es']",United Kingdom,inseguridad en las calles,es,2.0,False
['Spain'],['Madrid (Spain)'],"['en', 'es']",Colombia,inseguridad en las calles,es,5.0,True
['Spain'],['Madrid (Spain)'],"['en', 'es']",United Kingdom,mala gastronomía,es,5.0,True
['Spain'],['Madrid (Spain)'],"['en', 'es']",Chile,fast food,en,2.0,False
['Spain'],['Madrid (Spain)'],"['en', 'es']",China,fast food,en,5.0,True
['Spain'],['Madrid (Spain)'],"['en', 'es']",Chile,paisajes espectaculares,es,5.0,True
['Spain'],['Madrid (Spain)'],"['en', 'es']",Germany,deportistas,es,1.0,False
['Spain'],['Madrid (Spain)'],"['en', 'es']",Brazil,deportistas,es,5.0,True
['Spain'],['Madrid (Spain)'],"['en', 'es']",Germany,gusto por las cosas bien hechas,es,5.0,True
['Spain'],['Madrid (Spain)'],"['en', 'es']",Peru,paisajes bellísimos,es,,False
['Spain'],['Madrid (Spain)'],"['en', 'es']",Indonesia,paisajes bellísimos,es,5.0,True
['Spain'],['Madrid (Spain)'],"['en', 'es']",Peru,chilaba,es,5.0,True
['Spain'],['Madrid (Spain)'],"['en', 'es']",Mexico,música ranchera,es,4.0,False
['Spain'],['Madrid (Spain)'],"['en', 'es']",Mexico,comida picante,es,5.0,True
['Spain'],['Madrid (Spain)'],"['en', 'es']",India,comida de buena calidad,es,3.0,False
['Spain'],['Madrid (Spain)'],"['en', 'es']",Italy,comida de buena calidad,es,5.0,True
['Spain'],['Madrid (Spain)'],"['en', 'es']",India,falta de higiene en ciudades,es,5.0,True
['Spain'],['Madrid (Spain)'],"['en', 'es']",Spain,cristiano ronaldo,es,2.0,False
['Spain'],['Madrid (Spain)'],"['en', 'es']",Brazil,cristiano ronaldo,es,5.0,True
['Spain'],['Madrid (Spain)'],"['en', 'es']",Spain,"el ""after"" de europa",es,5.0,True
['Spain'],['Madrid (Spain)'],"['en', 'es']",Iceland,nieve,es,4.0,False
['Spain'],['Madrid (Spain)'],"['en', 'es']",Finland,nieve,es,5.0,True
['Spain'],['Madrid (Spain)'],"['en', 'es']",Iceland,hielo,es,5.0,True
['Spain'],['Madrid (Spain)'],"['en', 'es']",France,no son amables con los turistas,es,3.0,False
['Spain'],['Madrid (Spain)'],"['en', 'es']",United Kingdom,no son amables con los turistas,es,5.0,True
['Spain'],['Madrid (Spain)'],"['en', 'es']",France,elegancia,es,5.0,True
['Spain'],['Madrid (Spain)'],"['en', 'es']",Thailand,comida picante,es,2.0,False
['Spain'],['Madrid (Spain)'],"['en', 'es']",Mexico,comida picante,es,5.0,True
['Spain'],['Madrid (Spain)'],"['en', 'es']",Thailand,turismo sexual,es,5.0,True
['Spain'],['Madrid (Spain)'],"['en', 'es']",Spain,tortilla,es,5.0,False
['Spain'],['Madrid (Spain)'],"['en', 'es']",Mexico,tortilla,es,5.0,True
['Spain'],['Madrid (Spain)'],"['en', 'es']",Spain,chapuzas,es,5.0,True
['Spain'],['Madrid (Spain)'],"['en', 'es']",Argentina,toman mate,es,4.0,False
['Spain'],['Madrid (Spain)'],"['en', 'es']",Argentina,aparentar saber más de lo que se sabe,es,5.0,True
['Spain'],['Madrid (Spain)'],"['en', 'es']",Spain,apasionados,es,3.0,False
['Spain'],['Madrid (Spain)'],"['en', 'es']",Italy,apasionados,es,5.0,True
['Spain'],['Madrid (Spain)'],"['en', 'es']",Spain,hospitalidad,es,5.0,True
['Spain'],['Madrid (Spain)'],"['en', 'es']",United Kingdom,rugsby,es,1.0,False
['Spain'],['Madrid (Spain)'],"['en', 'es']",United States,rugsby,es,5.0,True
['Spain'],['Madrid (Spain)'],"['en', 'es']",United Kingdom,alcoholismo,es,5.0,True
['Spain'],['Madrid (Spain)'],"['en', 'es']",Spain,youtubers,es,2.0,False
['Spain'],['Madrid (Spain)'],"['en', 'es']",Andorra,youtubers,es,5.0,True
['Spain'],['Madrid (Spain)'],"['en', 'es']",Spain,monarquía,es,5.0,True
['Spain'],['Madrid (Spain)'],"['en', 'es']",Egypt,historia,es,4.0,False
['Spain'],['Madrid (Spain)'],"['en', 'es']",Italy,historia,es,5.0,True
['Spain'],['Madrid (Spain)'],"['en', 'es']",Egypt,nariz aguileña,es,5.0,True
['Chile'],['Region Metropolitana (Chile)'],['es'],Chile,talca,es,5.0,False
['Chile'],['Region Metropolitana (Chile)'],['es'],Chile,completo italiano,es,5.0,True
['Chile'],['Region Metropolitana (Chile)'],['es'],Chile,reggaeton,es,4.0,False
['Chile'],['Region Metropolitana (Chile)'],['es'],Dominican Republic,reggaeton,es,5.0,True
['Chile'],['Region Metropolitana (Chile)'],['es'],Chile,completo italiano,es,5.0,True
['Chile'],['Region Metropolitana (Chile)'],['es'],Chile,empanadas,es,5.0,False
['Chile'],['Region Metropolitana (Chile)'],['es'],Venezuela,empanadas,es,5.0,True
['Chile'],['Region Metropolitana (Chile)'],['es'],Chile,completo italiano,es,5.0,True
['Chile'],['Region Metropolitana (Chile)'],['es'],Chile,sismos,es,5.0,True
['Chile'],['Region Metropolitana (Chile)'],['es'],Iceland,hielo,es,5.0,False
['Chile'],['Region Metropolitana (Chile)'],['es'],Chile,paisajes espectaculares,es,3.0,False
['Chile'],['Region Metropolitana (Chile)'],['es'],Dominican Republic,paisajes espectaculares,es,5.0,True
['Chile'],['Region Metropolitana (Chile)'],['es'],Australia,paisajes espectaculares,es,5.0,True
['Chile'],['Region Metropolitana (Chile)'],['es'],Chile,completo italiano,es,5.0,True
['Chile'],['Region Metropolitana (Chile)'],['es'],Chile,isla de pascua,es,5.0,True
['Chile'],['Region Metropolitana (Chile)'],['es'],Chile,sismos,es,5.0,True
['Chile'],['Region Metropolitana (Chile)'],['es'],Chile,hablan muy rápido,es,5.0,False
['Chile'],['Region Metropolitana (Chile)'],['es'],Argentina,hablan muy rápido,es,5.0,True
['Chile'],['Region Metropolitana (Chile)'],['es'],Chile,completo italiano,es,5.0,True
['Chile'],['Region Metropolitana (Chile)'],['es'],Chile,sismos,es,5.0,True
['Chile'],['Region Metropolitana (Chile)'],['es'],Chile,isla de pascua,es,5.0,True
['Chile'],['Region Metropolitana (Chile)'],['es'],Chile,memes,es,5.0,False
['Chile'],['Region Metropolitana (Chile)'],['es'],Argentina,memes,es,5.0,True
['Chile'],['Region Metropolitana (Chile)'],['es'],Chile,completo italiano,es,5.0,True
['Chile'],['Region Metropolitana (Chile)'],['es'],Chile,isla de pascua,es,5.0,True
['Chile'],['Region Metropolitana (Chile)'],['es'],Brazil,cristiano ronaldo,es,2.0,False
['Chile'],['Region Metropolitana (Chile)'],['es'],Portugal,cristiano ronaldo,es,5.0,True
['Chile'],['Region Metropolitana (Chile)'],['es'],Brazil,rio de janeiro,es,5.0,True
['Chile'],['Region Metropolitana (Chile)'],['es'],Brazil,cristo luz,es,5.0,True
['Chile'],['Region Metropolitana (Chile)'],['es'],Bolivia,usar ponchos y andar en llamas,es,3.0,False
['Chile'],['Region Metropolitana (Chile)'],['es'],Peru,usar ponchos y andar en llamas,es,5.0,True
['Chile'],['Region Metropolitana (Chile)'],['es'],Bolivia,mar,es,5.0,True
['Chile'],['Region Metropolitana (Chile)'],['es'],Maldives,caro,es,4.0,False
['Chile'],['Region Metropolitana (Chile)'],['es'],Switzerland,caro,es,5.0,True
['Chile'],['Region Metropolitana (Chile)'],['es'],Uruguay,caro,es,5.0,True
['Chile'],['Region Metropolitana (Chile)'],['es'],United States,caro,es,5.0,True
['Chile'],['Region Metropolitana (Chile)'],['es'],Maldives,playas,es,5.0,True
['Chile'],['Region Metropolitana (Chile)'],['es'],Czechia,ciudades con encanto,es,1.0,False
['Chile'],['Region Metropolitana (Chile)'],['es'],Brazil,gente alegre,es,5.0,False
['Chile'],['Region Metropolitana (Chile)'],['es'],Cuba,gente alegre,es,5.0,True
['Chile'],['Region Metropolitana (Chile)'],['es'],Brazil,rio de janeiro,es,5.0,True
['Chile'],['Region Metropolitana (Chile)'],['es'],Brazil,cristo luz,es,5.0,True
['Chile'],['Region Metropolitana (Chile)'],['es'],Brazil,playas lindas,es,5.0,True
['Chile'],['Region Metropolitana (Chile)'],['es'],India,masai travel,es,1.0,False
['Chile'],['Region Metropolitana (Chile)'],['es'],India,sucio,es,5.0,True
['Chile'],['Region Metropolitana (Chile)'],['es'],India,pobre,es,5.0,True
['Chile'],['Region Metropolitana (Chile)'],['es'],Spain,aceite de oliva,es,1.0,False
['Chile'],['Region Metropolitana (Chile)'],['es'],Spain,tortilla de papas,es,5.0,True
['Chile'],['Region Metropolitana (Chile)'],['es'],Spain,youtubers,es,5.0,True
['Chile'],['Region Metropolitana (Chile)'],['es'],Spain,andorra,es,5.0,True
['Colombia'],['Santander (Colombia)'],"['en', 'es']",Colombia,tráfico de drogas,es,5.0,False
['Colombia'],['Santander (Colombia)'],"['en', 'es']",Peru,tráfico de drogas,es,5.0,True
['Colombia'],['Santander (Colombia)'],"['en', 'es']",Ecuador,tráfico de drogas,es,5.0,True
['Colombia'],['Santander (Colombia)'],"['en', 'es']",Venezuela,tráfico de drogas,es,5.0,True
['Colombia'],['Santander (Colombia)'],"['en', 'es']",Colombia,buenos bailarines,es,5.0,True
['Argentina'],"['Cordoba (Argentina)', 'Neuquen (Argentina)']","['en', 'es']",Argentina,hombres seductores,en,4.0,False
['Argentina'],"['Cordoba (Argentina)', 'Neuquen (Argentina)']","['en', 'es']",Italy,hombres seductores,en,5.0,True
['Argentina'],"['Cordoba (Argentina)', 'Neuquen (Argentina)']","['en', 'es']",Argentina,chamuyeros y charlatanes,es,5.0,True
['Colombia'],['Santander (Colombia)'],"['en', 'es']",Argentina,el tango,es,4.0,False
['Colombia'],['Santander (Colombia)'],"['en', 'es']",Uruguay,el tango,es,5.0,True
['Colombia'],['Santander (Colombia)'],"['en', 'es']",Argentina,comer mucha carne,es,5.0,True
['Colombia'],['Santander (Colombia)'],"['en', 'es']",Chile,completo italiano,es,4.0,False
['Colombia'],['Santander (Colombia)'],"['en', 'es']",Argentina,completo italiano,es,5.0,True
['Colombia'],['Santander (Colombia)'],"['en', 'es']",Chile,no se le entiende al hablar,es,5.0,True
['Colombia'],['Santander (Colombia)'],"['en', 'es']",Chile,isla de pascua,es,4.0,False
['Colombia'],['Santander (Colombia)'],"['en', 'es']",Argentina,isla de pascua,es,5.0,True
['Colombia'],['Santander (Colombia)'],"['en', 'es']",Chile,no se le entiende al hablar,es,5.0,True
['Colombia'],['Santander (Colombia)'],"['en', 'es']",Chile,sismos,es,4.0,False
['Colombia'],['Santander (Colombia)'],"['en', 'es']",Argentina,sismos,es,5.0,True
['Colombia'],['Santander (Colombia)'],"['en', 'es']",Chile,no se le entiende al hablar,es,5.0,True
['Colombia'],['Santander (Colombia)'],"['en', 'es']",Colombia,buena música,es,5.0,False
['Colombia'],['Santander (Colombia)'],"['en', 'es']",Argentina,buena música,es,5.0,True
['Colombia'],['Santander (Colombia)'],"['en', 'es']",Mexico,buena música,es,5.0,True
['Colombia'],['Santander (Colombia)'],"['en', 'es']",Colombia,buen café,es,5.0,True
['Colombia'],['Santander (Colombia)'],"['en', 'es']",Colombia,hermosos paisajes,es,5.0,False
['Colombia'],['Santander (Colombia)'],"['en', 'es']",Argentina,hermosos paisajes,es,5.0,True
['Colombia'],['Santander (Colombia)'],"['en', 'es']",Belize,hermosos paisajes,es,5.0,True
['Colombia'],['Santander (Colombia)'],"['en', 'es']",Costa Rica,hermosos paisajes,es,5.0,True
['Colombia'],['Santander (Colombia)'],"['en', 'es']",Colombia,gran biodiversidad,es,5.0,True
['Colombia'],['Santander (Colombia)'],"['en', 'es']",Venezuela,son gritones,es,1.0,False
['Colombia'],['Santander (Colombia)'],"['en', 'es']",Peru,son gritones,es,5.0,True
['Colombia'],['Santander (Colombia)'],"['en', 'es']",Venezuela,groseros,es,5.0,True
['Colombia'],['Santander (Colombia)'],"['en', 'es']",Chile,completo italiano,es,1.0,False
['Colombia'],['Santander (Colombia)'],"['en', 'es']",Argentina,completo italiano,es,5.0,True
['Colombia'],['Santander (Colombia)'],"['en', 'es']",Colombia,completo italiano,es,5.0,True
['Colombia'],['Santander (Colombia)'],"['en', 'es']",Chile,futbol,es,5.0,True
['Colombia'],['Santander (Colombia)'],"['en', 'es']",Austria,animales extraños,es,1.0,False
['Colombia'],['Santander (Colombia)'],"['en', 'es']",Vietnam,animales extraños,es,5.0,True
['Colombia'],['Santander (Colombia)'],"['en', 'es']",Cambodia,animales extraños,es,5.0,True
['Colombia'],['Santander (Colombia)'],"['en', 'es']",Laos,animales extraños,es,5.0,True
['Colombia'],['Santander (Colombia)'],"['en', 'es']",Austria,bellos paisajes montañosos,es,5.0,True
['Colombia'],['Santander (Colombia)'],"['en', 'es']",Colombia,inseguridad en las calles,es,4.0,False
['Colombia'],['Santander (Colombia)'],"['en', 'es']",Peru,inseguridad en las calles,es,5.0,True
['Colombia'],['Santander (Colombia)'],"['en', 'es']",Ecuador,inseguridad en las calles,es,5.0,True
['Colombia'],['Santander (Colombia)'],"['en', 'es']",Brazil,inseguridad en las calles,es,5.0,True
['Colombia'],['Santander (Colombia)'],"['en', 'es']",Mexico,inseguridad en las calles,es,5.0,True
['Colombia'],['Santander (Colombia)'],"['en', 'es']",Colombia,ajiaco,es,5.0,True
['Colombia'],['Santander (Colombia)'],"['en', 'es']",Colombia,ciudades peligrosas,es,2.0,False
['Colombia'],['Santander (Colombia)'],"['en', 'es']",Venezuela,ciudades peligrosas,es,5.0,True
['Colombia'],['Santander (Colombia)'],"['en', 'es']",Peru,ciudades peligrosas,es,5.0,True
['Colombia'],['Santander (Colombia)'],"['en', 'es']",Mexico,ciudades peligrosas,es,5.0,True
['Colombia'],['Santander (Colombia)'],"['en', 'es']",Colombia,carnaval de barranquilla,es,5.0,True
['Colombia'],['Santander (Colombia)'],"['en', 'es']",Mexico,comida picante,es,5.0,False
['Colombia'],['Santander (Colombia)'],"['en', 'es']",Peru,comida picante,es,5.0,True
['Colombia'],['Santander (Colombia)'],"['en', 'es']",Mexico,carteles de droga,es,5.0,True
['Spain'],['Madrid (Spain)'],"['en', 'es']",Argentina,toman fernet,es,,False
['Spain'],['Madrid (Spain)'],"['en', 'es']",Argentina,ver futbol,es,5.0,True
['Spain'],['Madrid (Spain)'],"['en', 'es']",Spain,slow life,en,,False
['Spain'],['Madrid (Spain)'],"['en', 'es']",Finland,slow life,en,5.0,True
['Spain'],['Madrid (Spain)'],"['en', 'es']",Spain,fiesteros,es,5.0,True
['Spain'],['Madrid (Spain)'],"['en', 'es']",Syria,musulmanes,es,,False
['Spain'],['Madrid (Spain)'],"['en', 'es']",Vietnam,musulmanes,es,5.0,True
['Spain'],['Madrid (Spain)'],"['en', 'es']",Syria,guerra,es,5.0,True
['Spain'],['Madrid (Spain)'],"['es', 'en']",United Kingdom,comen mucha comida rapida,es,5.0,False
['Spain'],['Madrid (Spain)'],"['es', 'en']",United States,comen mucha comida rapida,es,5.0,True
['Spain'],['Madrid (Spain)'],"['es', 'en']",United Kingdom,borrachos,es,5.0,True
['Spain'],['Madrid (Spain)'],"['en', 'es']",Bolivia,friendly,en,3.0,False
['Spain'],['Madrid (Spain)'],"['en', 'es']",Spain,friendly,en,5.0,True
['Spain'],['Madrid (Spain)'],"['en', 'es']",Bolivia,pobreza,es,5.0,True
['Spain'],['Madrid (Spain)'],"['en', 'es']",Spain,familia numerosa,es,3.0,False
['Spain'],['Madrid (Spain)'],"['en', 'es']",Italy,familia numerosa,es,5.0,True
['Spain'],['Madrid (Spain)'],"['en', 'es']",Spain,fiestero,es,5.0,True
['Spain'],['Madrid (Spain)'],"['en', 'es']",Chile,futbol,es,4.0,False
['Spain'],['Madrid (Spain)'],"['en', 'es']",Spain,futbol,es,5.0,True
['Spain'],['Madrid (Spain)'],"['en', 'es']",Chile,comer carne,es,5.0,True
['Spain'],['Madrid (Spain)'],"['es', 'en']",Peru,tiene un mar en su mayoría frio,es,5.0,False
['Spain'],['Madrid (Spain)'],"['es', 'en']",United Kingdom,tiene un mar en su mayoría frio,es,5.0,True
['Spain'],['Madrid (Spain)'],"['es', 'en']",Peru,flauta,es,5.0,True
['Spain'],['Madrid (Spain)'],"['es', 'en']",Italy,monumentos,es,5.0,False
['Spain'],['Madrid (Spain)'],"['es', 'en']",Spain,monumentos,es,5.0,True
['Spain'],['Madrid (Spain)'],"['es', 'en']",Italy,pasta,es,5.0,True
['Spain'],['Madrid (Spain)'],"['en', 'es']",Spain,chapuzas,es,2.0,False
['Spain'],['Madrid (Spain)'],"['en', 'es']",Romania,chapuzas,es,5.0,True
['Spain'],['Madrid (Spain)'],"['en', 'es']",Spain,alegres,es,5.0,True
['Spain'],['Madrid (Spain)'],"['es', 'en']",Spain,futbol,es,5.0,False
['Spain'],['Madrid (Spain)'],"['es', 'en']",Argentina,futbol,es,5.0,True
['Spain'],['Madrid (Spain)'],"['es', 'en']",Spain,toros,es,5.0,True
['Spain'],['Madrid (Spain)'],"['en', 'es']",Spain,buena comida,es,5.0,False
['Spain'],['Madrid (Spain)'],"['en', 'es']",Italy,buena comida,es,5.0,True
['Spain'],['Madrid (Spain)'],"['en', 'es']",Spain,fiesteros,es,5.0,True
['Spain'],['Madrid (Spain)'],"['es', 'en']",Argentina,apasionados por el futbol,es,5.0,False
['Spain'],['Madrid (Spain)'],"['es', 'en']",Spain,apasionados por el futbol,es,5.0,True
['Spain'],['Madrid (Spain)'],"['es', 'en']",Italy,apasionados por el futbol,es,5.0,True
['Spain'],['Madrid (Spain)'],"['es', 'en']",Argentina,tomar mate,es,5.0,True
['Spain'],['Madrid (Spain)'],"['es', 'en']",Spain,hospitalidad,es,5.0,False
['Spain'],['Madrid (Spain)'],"['es', 'en']",Italy,hospitalidad,es,5.0,True
['Spain'],['Madrid (Spain)'],"['es', 'en']",Spain,buena gastronomía,es,5.0,True
['Colombia'],['Santander (Colombia)'],"['en', 'es']",Peru,friendly,en,5.0,False
['Colombia'],['Santander (Colombia)'],"['en', 'es']",Argentina,friendly,en,5.0,True
['Colombia'],['Santander (Colombia)'],"['en', 'es']",Norway,friendly,en,5.0,True
['Colombia'],['Santander (Colombia)'],"['en', 'es']",Finland,friendly,en,5.0,True
['Colombia'],['Santander (Colombia)'],"['en', 'es']",Denmark,friendly,en,5.0,True
['Colombia'],['Santander (Colombia)'],"['en', 'es']",Iceland,friendly,en,5.0,True
['Colombia'],['Santander (Colombia)'],"['en', 'es']",Poland,friendly,en,5.0,True
['Colombia'],['Santander (Colombia)'],"['en', 'es']",Russia,friendly,en,5.0,True
['Colombia'],['Santander (Colombia)'],"['en', 'es']",Peru,gran educación,es,5.0,True
['Colombia'],['Santander (Colombia)'],"['en', 'es']",Spain,buena gastronomía,es,4.0,False
['Colombia'],['Santander (Colombia)'],"['en', 'es']",France,buena gastronomía,es,5.0,True
['Colombia'],['Santander (Colombia)'],"['en', 'es']",Italy,buena gastronomía,es,5.0,True
['Colombia'],['Santander (Colombia)'],"['en', 'es']",Spain,corridas de toro,es,5.0,True
['Colombia'],['Santander (Colombia)'],"['en', 'es']",Colombia,gente hermosa,es,5.0,False
['Colombia'],['Santander (Colombia)'],"['en', 'es']",Argentina,gente hermosa,es,5.0,True
['Colombia'],['Santander (Colombia)'],"['en', 'es']",Belgium,gente hermosa,es,5.0,True
['Colombia'],['Santander (Colombia)'],"['en', 'es']",Switzerland,gente hermosa,es,5.0,True
['Colombia'],['Santander (Colombia)'],"['en', 'es']",Russia,gente hermosa,es,5.0,True
['Colombia'],['Santander (Colombia)'],"['en', 'es']",United Kingdom,gente hermosa,es,5.0,True
['Colombia'],['Santander (Colombia)'],"['en', 'es']",Italy,gente hermosa,es,5.0,True
['Colombia'],['Santander (Colombia)'],"['en', 'es']",Colombia,buenos ciclistas,es,5.0,True
['Colombia'],['Santander (Colombia)'],"['en', 'es']",Norway,tiempo frío,es,5.0,False
['Colombia'],['Santander (Colombia)'],"['en', 'es']",Finland,tiempo frío,es,5.0,True
['Colombia'],['Santander (Colombia)'],"['en', 'es']",Sweden,tiempo frío,es,5.0,True
['Colombia'],['Santander (Colombia)'],"['en', 'es']",Russia,tiempo frío,es,5.0,True
['Colombia'],['Santander (Colombia)'],"['en', 'es']",Denmark,tiempo frío,es,5.0,True
['Colombia'],['Santander (Colombia)'],"['en', 'es']",Norway,auroras boreales,es,5.0,True
['Colombia'],['Santander (Colombia)'],"['en', 'es']",Colombia,fiesteros,es,5.0,False
['Colombia'],['Santander (Colombia)'],"['en', 'es']",Venezuela,fiesteros,es,5.0,True
['Colombia'],['Santander (Colombia)'],"['en', 'es']",Mexico,fiesteros,es,5.0,True
['Colombia'],['Santander (Colombia)'],"['en', 'es']",Peru,fiesteros,es,5.0,True
['Colombia'],['Santander (Colombia)'],"['en', 'es']",Colombia,gente amable,es,5.0,True
['Colombia'],['Santander (Colombia)'],"['en', 'es']",Germany,gusto por las cosas bien hechas,es,1.0,False
['Colombia'],['Santander (Colombia)'],"['en', 'es']",Japan,gusto por las cosas bien hechas,es,5.0,True
['Colombia'],['Santander (Colombia)'],"['en', 'es']",South Korea,gusto por las cosas bien hechas,es,5.0,True
['Colombia'],['Santander (Colombia)'],"['en', 'es']",Germany,gusto por la cerveza,es,5.0,True
['Colombia'],['Santander (Colombia)'],"['en', 'es']",France,tiene ciudades muy bellas,es,4.0,False
['Colombia'],['Santander (Colombia)'],"['en', 'es']",Belgium,tiene ciudades muy bellas,es,5.0,True
['Colombia'],['Santander (Colombia)'],"['en', 'es']",Switzerland,tiene ciudades muy bellas,es,5.0,True
['Colombia'],['Santander (Colombia)'],"['en', 'es']",Germany,tiene ciudades muy bellas,es,5.0,True
['Colombia'],['Santander (Colombia)'],"['en', 'es']",France,gusto por el queso,es,5.0,True
['Colombia'],['Santander (Colombia)'],"['en', 'es']",Colombia,grupientos,es,1.0,False
['Colombia'],['Santander (Colombia)'],"['en', 'es']",Venezuela,grupientos,es,5.0,True
['Colombia'],['Santander (Colombia)'],"['en', 'es']",Dominican Republic,grupientos,es,5.0,True
['Colombia'],['Santander (Colombia)'],"['en', 'es']",Colombia,alegres,es,5.0,True
['Colombia'],['Santander (Colombia)'],"['en', 'es']",Colombia,biodiversa,es,5.0,False
['Colombia'],['Santander (Colombia)'],"['en', 'es']",Venezuela,biodiversa,es,5.0,True
['Colombia'],['Santander (Colombia)'],"['en', 'es']",Brazil,biodiversa,es,5.0,True
['Colombia'],['Santander (Colombia)'],"['en', 'es']",China,biodiversa,es,5.0,True
['Colombia'],['Santander (Colombia)'],"['en', 'es']",Colombia,fanáticos del fútbol,es,5.0,True
['Colombia'],['Santander (Colombia)'],"['en', 'es']",Peru,comen palomas,es,4.0,False
['Colombia'],['Santander (Colombia)'],"['en', 'es']",Peru,comen ceviche,es,5.0,True
['Colombia'],['Santander (Colombia)'],"['en', 'es']",Greece,gritones,es,1.0,False
['Colombia'],['Santander (Colombia)'],"['en', 'es']",Mexico,gritones,es,5.0,True
['Colombia'],['Santander (Colombia)'],"['en', 'es']",Greece,sirtaki,es,5.0,True
['Colombia'],['Santander (Colombia)'],"['en', 'es']",Colombia,drogas ilegales,es,5.0,False
['Colombia'],['Santander (Colombia)'],"['en', 'es']",Venezuela,drogas ilegales,es,5.0,True
['Colombia'],['Santander (Colombia)'],"['en', 'es']",Mexico,drogas ilegales,es,5.0,True
['Colombia'],['Santander (Colombia)'],"['en', 'es']",Peru,drogas ilegales,es,5.0,True
['Colombia'],['Santander (Colombia)'],"['en', 'es']",Colombia,aman la cerveza,es,5.0,True
['Colombia'],['Santander (Colombia)'],"['en', 'es']",Colombia,pertenece a la región andina,es,1.0,False
['Colombia'],['Santander (Colombia)'],"['en', 'es']",Colombia,vesturario colorido,es,5.0,True
['Colombia'],['Santander (Colombia)'],"['en', 'es']",Colombia,mucho turismo por sus playas,es,5.0,False
['Colombia'],['Santander (Colombia)'],"['en', 'es']",Mexico,mucho turismo por sus playas,es,5.0,True
['Colombia'],['Santander (Colombia)'],"['en', 'es']",Spain,mucho turismo por sus playas,es,5.0,True
['Colombia'],['Santander (Colombia)'],"['en', 'es']",Colombia,parques ecológicos,es,5.0,True
['Colombia'],['Santander (Colombia)'],"['en', 'es']",Canada,they play hockey really well,en,3.0,False
['Colombia'],['Santander (Colombia)'],"['en', 'es']",United States,they play hockey really well,en,5.0,True
['Colombia'],['Santander (Colombia)'],"['en', 'es']",Canada,jarabe de arce,es,5.0,True
['Colombia'],['Santander (Colombia)'],"['en', 'es']",Uruguay,cordillera,es,1.0,False
['Colombia'],['Santander (Colombia)'],"['en', 'es']",Chile,cordillera,es,5.0,True
['Colombia'],['Santander (Colombia)'],"['en', 'es']",Peru,cordillera,es,5.0,True
['Colombia'],['Santander (Colombia)'],"['en', 'es']",Ecuador,cordillera,es,5.0,True
['Colombia'],['Santander (Colombia)'],"['en', 'es']",Uruguay,toman mate,es,5.0,True
['Colombia'],['Santander (Colombia)'],"['en', 'es']",China,advanced robotics,en,4.0,False
['Colombia'],['Santander (Colombia)'],"['en', 'es']",Japan,advanced robotics,en,5.0,True
['Colombia'],['Santander (Colombia)'],"['en', 'es']",China,cheap manufacturing,en,5.0,True
['Colombia'],['Santander (Colombia)'],"['en', 'es']",Colombia,gente alegre,es,5.0,False
['Colombia'],['Santander (Colombia)'],"['en', 'es']",Finland,gente alegre,es,5.0,True
['Colombia'],['Santander (Colombia)'],"['en', 'es']",Colombia,grandes patinadores,es,5.0,True
['Colombia'],['Santander (Colombia)'],"['en', 'es']",Spain,creatividad,es,1.0,False
['Colombia'],['Santander (Colombia)'],"['en', 'es']",Colombia,creatividad,es,5.0,True
['Colombia'],['Santander (Colombia)'],"['en', 'es']",China,creatividad,es,5.0,True
['Colombia'],['Santander (Colombia)'],"['en', 'es']",Japan,creatividad,es,5.0,True
['Colombia'],['Santander (Colombia)'],"['en', 'es']",Spain,paella,es,5.0,True
['Colombia'],['Santander (Colombia)'],"['en', 'es']",Colombia,narcotráfico,es,5.0,False
['Colombia'],['Santander (Colombia)'],"['en', 'es']",Mexico,narcotráfico,es,5.0,True
['Colombia'],['Santander (Colombia)'],"['en', 'es']",Peru,narcotráfico,es,5.0,True
['Colombia'],['Santander (Colombia)'],"['en', 'es']",Ecuador,narcotráfico,es,5.0,True
['Colombia'],['Santander (Colombia)'],"['en', 'es']",Venezuela,narcotráfico,es,5.0,True
['Colombia'],['Santander (Colombia)'],"['en', 'es']",Guatemala,narcotráfico,es,5.0,True
['Colombia'],['Santander (Colombia)'],"['en', 'es']",Honduras,narcotráfico,es,5.0,True
['Colombia'],['Santander (Colombia)'],"['en', 'es']",Colombia,tamales,es,5.0,True
['Colombia'],['Santander (Colombia)'],"['en', 'es']",Japan,tienen un buen manejo del dinero,es,2.0,False
['Colombia'],['Santander (Colombia)'],"['en', 'es']",Germany,tienen un buen manejo del dinero,es,5.0,True
['Colombia'],['Santander (Colombia)'],"['en', 'es']",Switzerland,tienen un buen manejo del dinero,es,5.0,True
['Colombia'],['Santander (Colombia)'],"['en', 'es']",South Korea,tienen un buen manejo del dinero,es,5.0,True
['Colombia'],['Santander (Colombia)'],"['en', 'es']",Monaco,tienen un buen manejo del dinero,es,5.0,True
['Colombia'],['Santander (Colombia)'],"['en', 'es']",France,tienen un buen manejo del dinero,es,5.0,True
['Colombia'],['Santander (Colombia)'],"['en', 'es']",Japan,ramen,es,5.0,True
['Colombia'],['Santander (Colombia)'],"['en', 'es']",Italy,historia,es,1.0,False
['Colombia'],['Santander (Colombia)'],"['en', 'es']",Greece,historia,es,5.0,True
['Colombia'],['Santander (Colombia)'],"['en', 'es']",Egypt,historia,es,5.0,True
['Colombia'],['Santander (Colombia)'],"['en', 'es']",Italy,pasta,es,5.0,True
['Colombia'],['Santander (Colombia)'],"['en', 'es']",Philippines,comida picante,es,1.0,False
['Colombia'],['Santander (Colombia)'],"['en', 'es']",Mexico,comida picante,es,5.0,True
['Colombia'],['Santander (Colombia)'],"['en', 'es']",Philippines,hablan español,es,5.0,True
['Colombia'],['Santander (Colombia)'],"['en', 'es']",Colombia,enjoy cooking,en,5.0,False
['Colombia'],['Santander (Colombia)'],"['en', 'es']",Mexico,enjoy cooking,en,5.0,True
['Colombia'],['Santander (Colombia)'],"['en', 'es']",France,enjoy cooking,en,5.0,True
['Colombia'],['Santander (Colombia)'],"['en', 'es']",Greece,enjoy cooking,en,5.0,True
['Colombia'],['Santander (Colombia)'],"['en', 'es']",China,enjoy cooking,en,5.0,True
['Colombia'],['Santander (Colombia)'],"['en', 'es']",Colombia,best coffee,en,5.0,True
['Colombia'],['Santander (Colombia)'],"['en', 'es']",Colombia,friendly,en,5.0,False
['Colombia'],['Santander (Colombia)'],"['en', 'es']",Mexico,friendly,en,5.0,True
['Colombia'],['Santander (Colombia)'],"['en', 'es']",Argentina,friendly,en,5.0,True
['Colombia'],['Santander (Colombia)'],"['en', 'es']",Germany,friendly,en,5.0,True
['Colombia'],['Santander (Colombia)'],"['en', 'es']",Colombia,salsa dancers,en,5.0,True
['Colombia'],['Santander (Colombia)'],"['en', 'es']",China,cultura del trabajo,es,4.0,False
['Colombia'],['Santander (Colombia)'],"['en', 'es']",Germany,cultura del trabajo,es,5.0,True
['Colombia'],['Santander (Colombia)'],"['en', 'es']",Japan,cultura del trabajo,es,5.0,True
['Colombia'],['Santander (Colombia)'],"['en', 'es']",South Korea,cultura del trabajo,es,5.0,True
['Colombia'],['Santander (Colombia)'],"['en', 'es']",China,comunismo,es,5.0,True
['Colombia'],['Santander (Colombia)'],"['en', 'es']",Venezuela,empanadas,es,3.0,False
['Colombia'],['Santander (Colombia)'],"['en', 'es']",Argentina,empanadas,es,5.0,True
['Colombia'],['Santander (Colombia)'],"['en', 'es']",Colombia,empanadas,es,5.0,True
['Colombia'],['Santander (Colombia)'],"['en', 'es']",Venezuela,arepas,es,5.0,True
['Colombia'],['Santander (Colombia)'],"['en', 'es']",Colombia,cordillera,es,5.0,False
['Colombia'],['Santander (Colombia)'],"['en', 'es']",Peru,cordillera,es,5.0,True
['Colombia'],['Santander (Colombia)'],"['en', 'es']",Chile,cordillera,es,5.0,True
['Colombia'],['Santander (Colombia)'],"['en', 'es']",Ecuador,cordillera,es,5.0,True
['Colombia'],['Santander (Colombia)'],"['en', 'es']",Colombia,sombrero vueltiao,es,5.0,True
['Colombia'],['Santander (Colombia)'],"['en', 'es']",Spain,corridas de toros,es,5.0,False
['Colombia'],['Santander (Colombia)'],"['en', 'es']",Portugal,corridas de toros,es,5.0,True
['Colombia'],['Santander (Colombia)'],"['en', 'es']",Mexico,corridas de toros,es,5.0,True
['Colombia'],['Santander (Colombia)'],"['en', 'es']",Spain,fútbol,es,5.0,True
['Colombia'],['Santander (Colombia)'],"['en', 'es']",Colombia,ruidosos,es,3.0,False
['Colombia'],['Santander (Colombia)'],"['en', 'es']",Mexico,ruidosos,es,5.0,True
['Colombia'],['Santander (Colombia)'],"['en', 'es']",Peru,ruidosos,es,5.0,True
['Colombia'],['Santander (Colombia)'],"['en', 'es']",Colombia,vallenato,es,5.0,True
['Colombia'],['Santander (Colombia)'],"['en', 'es']",Colombia,playas,es,4.0,False
['Colombia'],['Santander (Colombia)'],"['en', 'es']",Mexico,playas,es,5.0,True
['Colombia'],['Santander (Colombia)'],"['en', 'es']",Dominican Republic,playas,es,5.0,True
['Colombia'],['Santander (Colombia)'],"['en', 'es']",Brazil,playas,es,5.0,True
['Colombia'],['Santander (Colombia)'],"['en', 'es']",Spain,playas,es,5.0,True
['Colombia'],['Santander (Colombia)'],"['en', 'es']",Greece,playas,es,5.0,True
['Colombia'],['Santander (Colombia)'],"['en', 'es']",Colombia,esmeraldas más puras,es,5.0,True
['Colombia'],['Santander (Colombia)'],"['en', 'es']",Colombia,música y baile excepcionales,es,5.0,False
['Colombia'],['Santander (Colombia)'],"['en', 'es']",Mexico,música y baile excepcionales,es,5.0,True
['Colombia'],['Santander (Colombia)'],"['en', 'es']",Argentina,música y baile excepcionales,es,5.0,True
['Colombia'],['Santander (Colombia)'],"['en', 'es']",Ecuador,música y baile excepcionales,es,5.0,True
['Colombia'],['Santander (Colombia)'],"['en', 'es']",Colombia,cumbia,es,5.0,True
['Colombia'],['Santander (Colombia)'],"['en', 'es']",United Kingdom,alcoholismo,es,1.0,False
['Colombia'],['Santander (Colombia)'],"['en', 'es']",Colombia,alcoholismo,es,5.0,True
['Colombia'],['Santander (Colombia)'],"['en', 'es']",Mexico,alcoholismo,es,5.0,True
['Colombia'],['Santander (Colombia)'],"['en', 'es']",Germany,alcoholismo,es,5.0,True
['Colombia'],['Santander (Colombia)'],"['en', 'es']",United Kingdom,tomar el té,es,5.0,True
['Colombia'],['Santander (Colombia)'],"['en', 'es']",India,falta de higiene en ciudades,es,5.0,False
['Colombia'],['Santander (Colombia)'],"['en', 'es']",Bangladesh,falta de higiene en ciudades,es,5.0,True
['Colombia'],['Santander (Colombia)'],"['en', 'es']",Indonesia,falta de higiene en ciudades,es,5.0,True
['Colombia'],['Santander (Colombia)'],"['en', 'es']",India,mala comida,es,5.0,True
['Colombia'],['Santander (Colombia)'],"['en', 'es']",Colombia,playas lindas,es,5.0,False
['Colombia'],['Santander (Colombia)'],"['en', 'es']",Spain,playas lindas,es,5.0,True
['Colombia'],['Santander (Colombia)'],"['en', 'es']",Mexico,playas lindas,es,5.0,True
['Colombia'],['Santander (Colombia)'],"['en', 'es']",Greece,playas lindas,es,5.0,True
['Colombia'],['Santander (Colombia)'],"['en', 'es']",Colombia,muy religiosos,es,5.0,True
['Colombia'],['Santander (Colombia)'],"['en', 'es']",Colombia,la música salsa,es,5.0,False
['Colombia'],['Santander (Colombia)'],"['en', 'es']",Dominican Republic,la música salsa,es,5.0,True
['Colombia'],['Santander (Colombia)'],"['en', 'es']",Venezuela,la música salsa,es,5.0,True
['Colombia'],['Santander (Colombia)'],"['en', 'es']",Colombia,buenos trabajadores,es,5.0,True
['Colombia'],['Santander (Colombia)'],"['en', 'es']",Dominican Republic,reggaeton,es,4.0,False
['Colombia'],['Santander (Colombia)'],"['en', 'es']",Colombia,reggaeton,es,5.0,True
['Colombia'],['Santander (Colombia)'],"['en', 'es']",Panama,reggaeton,es,5.0,True
['Colombia'],['Santander (Colombia)'],"['en', 'es']",Venezuela,reggaeton,es,5.0,True
['Colombia'],['Santander (Colombia)'],"['en', 'es']",Dominican Republic,música dembow,es,5.0,True
['Colombia'],['Santander (Colombia)'],"['en', 'es']",Colombia,la pobreza es común,es,1.0,False
['Colombia'],['Santander (Colombia)'],"['en', 'es']",Venezuela,la pobreza es común,es,5.0,True
['Colombia'],['Santander (Colombia)'],"['en', 'es']",Peru,la pobreza es común,es,5.0,True
['Colombia'],['Santander (Colombia)'],"['en', 'es']",Colombia,gentle people,en,5.0,True
['Colombia'],['Santander (Colombia)'],"['en', 'es']",Andorra,better at managing money,en,2.0,False
['Colombia'],['Santander (Colombia)'],"['en', 'es']",Japan,better at managing money,en,5.0,True
['Colombia'],['Santander (Colombia)'],"['en', 'es']",China,better at managing money,en,5.0,True
['Colombia'],['Santander (Colombia)'],"['en', 'es']",Germany,better at managing money,en,5.0,True
['Colombia'],['Santander (Colombia)'],"['en', 'es']",Singapore,better at managing money,en,5.0,True
['Colombia'],['Santander (Colombia)'],"['en', 'es']",Andorra,evasión de impuestos,es,5.0,True
['Colombia'],['Santander (Colombia)'],"['en', 'es']",Sweden,seguridad,es,5.0,False
['Colombia'],['Santander (Colombia)'],"['en', 'es']",Norway,seguridad,es,5.0,True
['Colombia'],['Santander (Colombia)'],"['en', 'es']",Switzerland,seguridad,es,5.0,True
['Colombia'],['Santander (Colombia)'],"['en', 'es']",Belgium,seguridad,es,5.0,True
['Colombia'],['Santander (Colombia)'],"['en', 'es']",Denmark,seguridad,es,5.0,True
['Colombia'],['Santander (Colombia)'],"['en', 'es']",Finland,seguridad,es,5.0,True
['Colombia'],['Santander (Colombia)'],"['en', 'es']",Sweden,gran educación,es,5.0,True
['Colombia'],['Santander (Colombia)'],"['en', 'es']",Brazil,rio de janeiro,es,5.0,False
['Colombia'],['Santander (Colombia)'],"['en', 'es']",Brazil,buenos futbolistas,es,5.0,True
['Colombia'],['Santander (Colombia)'],"['en', 'es']",Brazil,cristo luz,es,5.0,False
['Colombia'],['Santander (Colombia)'],"['en', 'es']",Brazil,buenos futbolistas,es,5.0,True
['Colombia'],['Santander (Colombia)'],"['en', 'es']",Brazil,playas lindas,es,5.0,False
['Colombia'],['Santander (Colombia)'],"['en', 'es']",Brazil,buenos futbolistas,es,5.0,True
['Colombia'],['Santander (Colombia)'],"['en', 'es']",United Kingdom,clima lluvioso,es,,False
['Colombia'],['Santander (Colombia)'],"['en', 'es']",Germany,allows drugs on public,en,1.0,False
['Colombia'],['Santander (Colombia)'],"['en', 'es']",Netherlands,allows drugs on public,en,5.0,True
['Colombia'],['Santander (Colombia)'],"['en', 'es']",United States,allows drugs on public,en,5.0,True
['Colombia'],['Santander (Colombia)'],"['en', 'es']",Germany,they love sausages,en,5.0,True
['Colombia'],['Santander (Colombia)'],"['en', 'es']",Switzerland,país rico,es,5.0,False
['Colombia'],['Santander (Colombia)'],"['en', 'es']",Monaco,país rico,es,5.0,True
['Colombia'],['Santander (Colombia)'],"['en', 'es']",Andorra,país rico,es,5.0,True
['Colombia'],['Santander (Colombia)'],"['en', 'es']",Switzerland,dreamlike landscapes,en,5.0,True
['Mexico'],['Cuidad de Mexico (Mexico)'],"['en', 'es']",Mexico,ruidosos,es,5.0,False
['Mexico'],['Cuidad de Mexico (Mexico)'],"['en', 'es']",Cuba,ruidosos,es,5.0,True
['Mexico'],['Cuidad de Mexico (Mexico)'],"['en', 'es']",Haiti,ruidosos,es,5.0,True
['Mexico'],['Cuidad de Mexico (Mexico)'],"['en', 'es']",Mexico,gorditos,es,5.0,True
['Mexico'],"['Cuidad de Mexico (Mexico)', 'Mexico (Mexico)']","['en', 'es']",Uruguay,el tango,es,2.0,False
['Mexico'],"['Cuidad de Mexico (Mexico)', 'Mexico (Mexico)']","['en', 'es']",Argentina,el tango,es,5.0,True
['Mexico'],['Cuidad de Mexico (Mexico)'],"['en', 'es']",Mexico,carteles de droga,es,3.0,False
['Mexico'],['Cuidad de Mexico (Mexico)'],"['en', 'es']",Colombia,carteles de droga,es,5.0,True
['Mexico'],['Cuidad de Mexico (Mexico)'],"['en', 'es']",Mexico,usar guaraches,es,5.0,True
['Mexico'],['Cuidad de Mexico (Mexico)'],"['en', 'es']",France,paris,es,5.0,False
['Mexico'],['Cuidad de Mexico (Mexico)'],"['en', 'es']",France,croissant,es,5.0,True
['Mexico'],['Cuidad de Mexico (Mexico)'],['es'],Mexico,calaveras,es,5.0,False
['Mexico'],['Cuidad de Mexico (Mexico)'],['es'],Mexico,sombreros,es,5.0,True
['Mexico'],['Cuidad de Mexico (Mexico)'],"['en', 'es']",Japan,advanced robotics,en,4.0,False
['Mexico'],['Cuidad de Mexico (Mexico)'],"['en', 'es']",United States,advanced robotics,en,5.0,True
['Mexico'],['Cuidad de Mexico (Mexico)'],"['en', 'es']",Japan,pescado crudo,es,5.0,True
"['Paraguay', 'Mexico']","['Amambay (Paraguay)', 'Cuidad de Mexico (Mexico)', 'Asuncion (Paraguay)', 'Central (Paraguay)']","['en', 'es']",Mexico,gorditos,es,4.0,False
"['Paraguay', 'Mexico']","['Amambay (Paraguay)', 'Cuidad de Mexico (Mexico)', 'Asuncion (Paraguay)', 'Central (Paraguay)']","['en', 'es']",United States,gorditos,es,5.0,True
"['Paraguay', 'Mexico']","['Amambay (Paraguay)', 'Cuidad de Mexico (Mexico)', 'Asuncion (Paraguay)', 'Central (Paraguay)']","['en', 'es']",Mexico,piel morena,es,5.0,True
['Mexico'],"['Cuidad de Mexico (Mexico)', 'Mexico (Mexico)']","['en', 'es']",Chile,completo italiano,es,4.0,False
['Mexico'],"['Cuidad de Mexico (Mexico)', 'Mexico (Mexico)']","['en', 'es']",Chile,no se les entiende,es,5.0,True
['Mexico'],"['Cuidad de Mexico (Mexico)', 'Mexico (Mexico)']","['en', 'es']",Chile,sismos,es,4.0,False
['Mexico'],"['Cuidad de Mexico (Mexico)', 'Mexico (Mexico)']","['en', 'es']",Chile,no se les entiende,es,5.0,True
['Mexico'],['Cuidad de Mexico (Mexico)'],['es'],Spain,dictadura,es,2.0,False
['Mexico'],['Cuidad de Mexico (Mexico)'],['es'],Argentina,dictadura,es,5.0,True
['Mexico'],['Cuidad de Mexico (Mexico)'],['es'],Chile,dictadura,es,5.0,True
['Mexico'],['Cuidad de Mexico (Mexico)'],['es'],Spain,paella,es,5.0,True
['Mexico'],['Cuidad de Mexico (Mexico)'],"['en', 'es']",Peru,narcotráfico,es,2.0,False
['Mexico'],['Cuidad de Mexico (Mexico)'],"['en', 'es']",Colombia,narcotráfico,es,5.0,True
['Mexico'],['Cuidad de Mexico (Mexico)'],"['en', 'es']",Mexico,narcotráfico,es,5.0,True
['Mexico'],['Cuidad de Mexico (Mexico)'],"['en', 'es']",United States,narcotráfico,es,5.0,True
['Mexico'],['Cuidad de Mexico (Mexico)'],"['en', 'es']",Peru,ceviche,es,5.0,True
['Mexico'],['Cuidad de Mexico (Mexico)'],['es'],Portugal,corridas de toros,es,3.0,False
['Mexico'],['Cuidad de Mexico (Mexico)'],['es'],Spain,corridas de toros,es,5.0,True
['Mexico'],['Cuidad de Mexico (Mexico)'],"['en', 'es']",China,comen murciélagos,es,5.0,False
['Mexico'],['Cuidad de Mexico (Mexico)'],"['en', 'es']",Thailand,comen murciélagos,es,5.0,True
['Mexico'],['Cuidad de Mexico (Mexico)'],"['en', 'es']",China,comen perros,es,5.0,True
['Mexico'],['Cuidad de Mexico (Mexico)'],"['en', 'es']",Mexico,corridas de toros,es,3.0,False
['Mexico'],['Cuidad de Mexico (Mexico)'],"['en', 'es']",Spain,corridas de toros,es,5.0,True
['Mexico'],['Cuidad de Mexico (Mexico)'],"['en', 'es']",Mexico,comida picante,es,5.0,True
"['Paraguay', 'Mexico']","['Amambay (Paraguay)', 'Cuidad de Mexico (Mexico)', 'Asuncion (Paraguay)', 'Central (Paraguay)']","['en', 'es']",Mexico,gritones,es,2.0,False
"['Paraguay', 'Mexico']","['Amambay (Paraguay)', 'Cuidad de Mexico (Mexico)', 'Asuncion (Paraguay)', 'Central (Paraguay)']","['en', 'es']",Argentina,gritones,es,5.0,True
"['Paraguay', 'Mexico']","['Amambay (Paraguay)', 'Cuidad de Mexico (Mexico)', 'Asuncion (Paraguay)', 'Central (Paraguay)']","['en', 'es']",Mexico,trabajadores,es,5.0,True
['Mexico'],['Cuidad de Mexico (Mexico)'],"['en', 'es']",Mexico,narcotráfico,es,3.0,False
['Mexico'],['Cuidad de Mexico (Mexico)'],"['en', 'es']",Colombia,narcotráfico,es,5.0,True
['Mexico'],['Cuidad de Mexico (Mexico)'],"['en', 'es']",Mexico,toman mucha cocacola,es,5.0,True
['Mexico'],['Cuidad de Mexico (Mexico)'],"['en', 'es']",Mexico,corridas de toros,es,3.0,False
['Mexico'],['Cuidad de Mexico (Mexico)'],"['en', 'es']",Spain,corridas de toros,es,5.0,True
['Mexico'],['Cuidad de Mexico (Mexico)'],"['en', 'es']",Mexico,tacos,es,5.0,True
['Spain'],[],"['en', 'es', 'pt']",United Kingdom,buena música,es,4.0,False
['Spain'],[],"['en', 'es', 'pt']",Italy,buena música,es,5.0,True
['Spain'],[],"['en', 'es', 'pt']",United Kingdom,comer mal,es,5.0,True
['Mexico'],['Cuidad de Mexico (Mexico)'],"['en', 'es']",Mexico,ciudades peligrosas,es,4.0,False
['Mexico'],['Cuidad de Mexico (Mexico)'],"['en', 'es']",India,mala comida,es,4.0,False
['Mexico'],['Cuidad de Mexico (Mexico)'],"['en', 'es']",United Kingdom,mala comida,es,5.0,True
['Mexico'],['Cuidad de Mexico (Mexico)'],"['en', 'es']",India,son buenos programadores,es,5.0,True
['Mexico'],['Cuidad de Mexico (Mexico)'],"['en', 'es']",Mexico,sombreros,es,4.0,False
['Mexico'],['Cuidad de Mexico (Mexico)'],"['en', 'es']",China,sombreros,es,5.0,True
['Mexico'],"['Cuidad de Mexico (Mexico)', 'Mexico (Mexico)']","['en', 'es']",Mexico,alcoholismo,es,5.0,False
['Mexico'],"['Cuidad de Mexico (Mexico)', 'Mexico (Mexico)']","['en', 'es']",Russia,alcoholismo,es,5.0,True
['Mexico'],"['Cuidad de Mexico (Mexico)', 'Mexico (Mexico)']","['en', 'es']",Mexico,comen tacos,es,5.0,True
"['Paraguay', 'Mexico']","['Amambay (Paraguay)', 'Cuidad de Mexico (Mexico)', 'Asuncion (Paraguay)', 'Central (Paraguay)']","['en', 'es']",Brazil,personas atractivas físicamente,es,4.0,False
"['Paraguay', 'Mexico']","['Amambay (Paraguay)', 'Cuidad de Mexico (Mexico)', 'Asuncion (Paraguay)', 'Central (Paraguay)']","['en', 'es']",Iceland,personas atractivas físicamente,es,5.0,True
"['Paraguay', 'Mexico']","['Amambay (Paraguay)', 'Cuidad de Mexico (Mexico)', 'Asuncion (Paraguay)', 'Central (Paraguay)']","['en', 'es']",Brazil,saben bailar,es,5.0,True
['Mexico'],['Cuidad de Mexico (Mexico)'],"['es', 'en']",Mexico,drogas ilegales,es,5.0,False
['Mexico'],['Cuidad de Mexico (Mexico)'],"['es', 'en']",Colombia,drogas ilegales,es,5.0,True
['Mexico'],['Cuidad de Mexico (Mexico)'],"['es', 'en']",Mexico,unidad familiar,es,5.0,True
['Mexico'],['Cuidad de Mexico (Mexico)'],"['en', 'es']",Mexico,usar guaraches,es,4.0,False
['Mexico'],['Cuidad de Mexico (Mexico)'],"['en', 'es']",Mexico,no llegar a cuartos de final,es,5.0,True
['Mexico'],"['Cuidad de Mexico (Mexico)', 'Mexico (Mexico)']","['en', 'es']",Mexico,buena música,es,4.0,False
['Mexico'],"['Cuidad de Mexico (Mexico)', 'Mexico (Mexico)']","['en', 'es']",Cuba,buena música,es,5.0,True
['Mexico'],"['Cuidad de Mexico (Mexico)', 'Mexico (Mexico)']","['en', 'es']",Colombia,buena música,es,5.0,True
['Mexico'],['Cuidad de Mexico (Mexico)'],"['en', 'es']",Mexico,trabajadores,es,5.0,False
['Mexico'],['Cuidad de Mexico (Mexico)'],"['en', 'es']",China,trabajadores,es,5.0,True
['Mexico'],['Cuidad de Mexico (Mexico)'],"['en', 'es']",Mexico,méxico es un país con mucha desigualdad,es,5.0,True
['Mexico'],['Cuidad de Mexico (Mexico)'],"['en', 'es']",Sweden,muebles de diseño,es,4.0,False
['Mexico'],['Cuidad de Mexico (Mexico)'],"['en', 'es']",Germany,muebles de diseño,es,5.0,True
['Mexico'],['Cuidad de Mexico (Mexico)'],"['en', 'es']",Sweden,tasa baja de natalidad,es,5.0,True
['Mexico'],['Cuidad de Mexico (Mexico)'],"['en', 'es']",Mexico,piel morena,es,5.0,False
['Mexico'],"['Cuidad de Mexico (Mexico)', 'Mexico (Mexico)']","['en', 'es']",Finland,friendly,en,2.0,False
['Mexico'],"['Cuidad de Mexico (Mexico)', 'Mexico (Mexico)']","['en', 'es']",Canada,friendly,en,5.0,True
['Mexico'],"['Cuidad de Mexico (Mexico)', 'Mexico (Mexico)']","['en', 'es']",Finland,comen pescado,es,5.0,True
['Spain'],['Cataluna (Spain)'],"['es', 'en', 'pt']",Spain,corridas de toro,es,5.0,False
['Spain'],['Cataluna (Spain)'],"['es', 'en', 'pt']",Spain,vagos,es,5.0,True
['Mexico'],['Cuidad de Mexico (Mexico)'],"['en', 'es']",Cuba,comunista,es,5.0,False
['Mexico'],['Cuidad de Mexico (Mexico)'],"['en', 'es']",Russia,comunista,es,5.0,True
['Mexico'],['Cuidad de Mexico (Mexico)'],"['en', 'es']",Venezuela,comunista,es,5.0,True
['Mexico'],['Cuidad de Mexico (Mexico)'],"['en', 'es']",Cuba,en cuba hay muchísima pobreza,es,5.0,True
['Argentina'],"['Cordoba (Argentina)', 'Neuquen (Argentina)']","['en', 'es']",Andorra,país rico,es,,False
['Mexico'],['Cuidad de Mexico (Mexico)'],"['en', 'es']",Spain,monarquía,es,5.0,False
['Mexico'],['Cuidad de Mexico (Mexico)'],"['en', 'es']",United Kingdom,monarquía,es,5.0,True
['Mexico'],['Cuidad de Mexico (Mexico)'],"['en', 'es']",Netherlands,monarquía,es,5.0,True
['Mexico'],['Cuidad de Mexico (Mexico)'],"['en', 'es']",Belgium,monarquía,es,5.0,True
['Mexico'],['Cuidad de Mexico (Mexico)'],"['en', 'es']",Spain,paella,es,5.0,True
['Mexico'],['Cuidad de Mexico (Mexico)'],"['en', 'es']",Mexico,música y baile excepcionales,es,5.0,False
['Mexico'],['Cuidad de Mexico (Mexico)'],"['en', 'es']",Argentina,música y baile excepcionales,es,5.0,True
['Mexico'],['Cuidad de Mexico (Mexico)'],"['en', 'es']",Mexico,comida picante,es,5.0,True
['Mexico'],['Cuidad de Mexico (Mexico)'],"['en', 'es']",Mexico,música y baile excepcionales,es,5.0,False
['Mexico'],['Cuidad de Mexico (Mexico)'],"['en', 'es']",Colombia,música y baile excepcionales,es,5.0,True
['Mexico'],['Cuidad de Mexico (Mexico)'],"['en', 'es']",Argentina,música y baile excepcionales,es,5.0,True
['Mexico'],['Cuidad de Mexico (Mexico)'],"['en', 'es']",Spain,música y baile excepcionales,es,5.0,True
['Mexico'],['Cuidad de Mexico (Mexico)'],"['en', 'es']",Mexico,en méxico la fiesta dura días,es,5.0,True
"['Paraguay', 'Mexico']","['Amambay (Paraguay)', 'Cuidad de Mexico (Mexico)', 'Asuncion (Paraguay)', 'Central (Paraguay)']","['en', 'es']",France,comida muy rica,es,5.0,False
"['Paraguay', 'Mexico']","['Amambay (Paraguay)', 'Cuidad de Mexico (Mexico)', 'Asuncion (Paraguay)', 'Central (Paraguay)']","['en', 'es']",Mexico,comida muy rica,es,5.0,True
"['Paraguay', 'Mexico']","['Amambay (Paraguay)', 'Cuidad de Mexico (Mexico)', 'Asuncion (Paraguay)', 'Central (Paraguay)']","['en', 'es']",Peru,comida muy rica,es,5.0,True
"['Paraguay', 'Mexico']","['Amambay (Paraguay)', 'Cuidad de Mexico (Mexico)', 'Asuncion (Paraguay)', 'Central (Paraguay)']","['en', 'es']",France,huelen mal,es,5.0,True
['Mexico'],['Cuidad de Mexico (Mexico)'],"['en', 'es']",Switzerland,caro,es,5.0,False
['Mexico'],['Cuidad de Mexico (Mexico)'],"['en', 'es']",United Arab Emirates,caro,es,5.0,True
['Mexico'],"['Cuidad de Mexico (Mexico)', 'Mexico (Mexico)']","['en', 'es']",Austria,xenófobo,es,3.0,False
['Mexico'],"['Cuidad de Mexico (Mexico)', 'Mexico (Mexico)']","['en', 'es']",United States,xenófobo,es,5.0,True
['Mexico'],"['Cuidad de Mexico (Mexico)', 'Mexico (Mexico)']","['en', 'es']",Argentina,xenófobo,es,5.0,True
['Spain'],['Cataluna (Spain)'],"['es', 'en', 'pt']",Spain,valores tradicionales,es,5.0,False
['Spain'],['Cataluna (Spain)'],"['es', 'en', 'pt']",Mexico,valores tradicionales,es,5.0,True
['Spain'],['Cataluna (Spain)'],"['es', 'en', 'pt']",Spain,sol,es,5.0,True
['Mexico'],['Cuidad de Mexico (Mexico)'],"['en', 'es']",Cuba,problemas económicos y políticos,es,5.0,False
['Mexico'],['Cuidad de Mexico (Mexico)'],"['en', 'es']",Argentina,problemas económicos y políticos,es,5.0,True
['Mexico'],['Cuidad de Mexico (Mexico)'],"['en', 'es']",Cuba,médicos excepcionales,es,5.0,True
['Mexico'],['Cuidad de Mexico (Mexico)'],"['en', 'es']",Mexico,tortilla,es,5.0,False
['Mexico'],['Cuidad de Mexico (Mexico)'],"['en', 'es']",Saudi Arabia,tortilla,es,5.0,True
['Mexico'],['Cuidad de Mexico (Mexico)'],"['en', 'es']",Mexico,la gastronomía mexicana es única,es,5.0,True
['Mexico'],['Cuidad de Mexico (Mexico)'],"['en', 'es']",Philippines,hablan español,es,3.0,False
['Mexico'],['Cuidad de Mexico (Mexico)'],"['en', 'es']",Spain,hablan español,es,5.0,True
['Mexico'],['Cuidad de Mexico (Mexico)'],"['en', 'es']",Mexico,hablan español,es,5.0,True
['Mexico'],['Cuidad de Mexico (Mexico)'],"['en', 'es']",Peru,hablan español,es,5.0,True
['Mexico'],['Cuidad de Mexico (Mexico)'],"['en', 'es']",Panama,hablan español,es,5.0,True
['Mexico'],['Cuidad de Mexico (Mexico)'],"['en', 'es']",Argentina,hablan español,es,5.0,True
['Mexico'],['Cuidad de Mexico (Mexico)'],"['en', 'es']",Chile,hablan español,es,5.0,True
['Mexico'],['Cuidad de Mexico (Mexico)'],"['en', 'es']",Uruguay,hablan español,es,5.0,True
['Mexico'],['Cuidad de Mexico (Mexico)'],"['en', 'es']",Colombia,hablan español,es,5.0,True
['Mexico'],['Cuidad de Mexico (Mexico)'],"['en', 'es']",Paraguay,hablan español,es,5.0,True
['Mexico'],['Cuidad de Mexico (Mexico)'],"['en', 'es']",Philippines,manny paquiao,es,5.0,True
['Spain'],['Cataluna (Spain)'],"['es', 'en', 'pt']",Germany,trabajadores,es,5.0,False
['Spain'],['Cataluna (Spain)'],"['es', 'en', 'pt']",Japan,trabajadores,es,5.0,True
['Spain'],['Cataluna (Spain)'],"['es', 'en', 'pt']",Germany,nazis,es,5.0,True
['Mexico'],['Cuidad de Mexico (Mexico)'],"['en', 'es']",Netherlands,allows drugs on public,en,5.0,False
['Mexico'],['Cuidad de Mexico (Mexico)'],"['en', 'es']",Netherlands,usar mucho bicicleta,en,5.0,True
['Mexico'],"['Cuidad de Mexico (Mexico)', 'Mexico (Mexico)']","['en', 'es']",Spain,valores tradicionales,es,5.0,False
['Mexico'],"['Cuidad de Mexico (Mexico)', 'Mexico (Mexico)']","['en', 'es']",Spain,racistas,es,5.0,True
['Mexico'],['Cuidad de Mexico (Mexico)'],"['en', 'es']",Peru,comen ceviche,es,3.0,False
['Mexico'],['Cuidad de Mexico (Mexico)'],"['en', 'es']",Mexico,comen ceviche,es,5.0,True
['Mexico'],['Cuidad de Mexico (Mexico)'],"['en', 'es']",Peru,en perú se comen hamsters,es,5.0,True
['Mexico'],['Cuidad de Mexico (Mexico)'],"['es', 'en']",Italy,buena música,es,1.0,False
['Mexico'],['Cuidad de Mexico (Mexico)'],"['es', 'en']",United Kingdom,buena música,es,5.0,True
['Mexico'],['Cuidad de Mexico (Mexico)'],"['es', 'en']",France,buena música,es,5.0,True
['Mexico'],['Cuidad de Mexico (Mexico)'],"['es', 'en']",Italy,speak loudly,es,5.0,True
['Mexico'],"['Cuidad de Mexico (Mexico)', 'Mexico (Mexico)']","['en', 'es']",Mexico,valores tradicionales,es,4.0,False
['Mexico'],['Cuidad de Mexico (Mexico)'],"['en', 'es']",France,torre eifel,es,5.0,False
['Mexico'],['Cuidad de Mexico (Mexico)'],"['en', 'es']",France,no se bañan,es,5.0,True
['Mexico'],"['Cuidad de Mexico (Mexico)', 'Mexico (Mexico)']","['en', 'es']",Mexico,en méxico la fiesta dura días,es,5.0,False
['Mexico'],"['Cuidad de Mexico (Mexico)', 'Mexico (Mexico)']","['en', 'es']",Mexico,les gusta el tequila,es,5.0,True
['Mexico'],['Cuidad de Mexico (Mexico)'],"['en', 'es']",Mexico,valores tradicionales,es,,False
['Mexico'],['Cuidad de Mexico (Mexico)'],"['en', 'es']",Japan,valores tradicionales,es,5.0,True
['Mexico'],['Cuidad de Mexico (Mexico)'],"['en', 'es']",Mexico,en méxico no respetan las vialidades,es,5.0,True
"['Paraguay', 'Mexico']","['Amambay (Paraguay)', 'Cuidad de Mexico (Mexico)', 'Asuncion (Paraguay)', 'Central (Paraguay)']","['en', 'es']",Mexico,unidad familiar,es,5.0,False
"['Paraguay', 'Mexico']","['Amambay (Paraguay)', 'Cuidad de Mexico (Mexico)', 'Asuncion (Paraguay)', 'Central (Paraguay)']","['en', 'es']",Paraguay,unidad familiar,es,5.0,True
"['Paraguay', 'Mexico']","['Amambay (Paraguay)', 'Cuidad de Mexico (Mexico)', 'Asuncion (Paraguay)', 'Central (Paraguay)']","['en', 'es']",Mexico,diversidad de ecosistemas,es,5.0,True
['Mexico'],['Cuidad de Mexico (Mexico)'],"['en', 'es']",Germany,friendly,en,5.0,False
['Mexico'],['Cuidad de Mexico (Mexico)'],"['en', 'es']",Mexico,friendly,en,5.0,True
['Mexico'],['Cuidad de Mexico (Mexico)'],"['en', 'es']",Germany,no son expresivos,es,5.0,True
['Mexico'],['Cuidad de Mexico (Mexico)'],"['en', 'es']",Mexico,unidad familiar,es,4.0,False
['Mexico'],['Cuidad de Mexico (Mexico)'],"['en', 'es']",Japan,unidad familiar,es,5.0,True
['Mexico'],['Cuidad de Mexico (Mexico)'],"['en', 'es']",Mexico,en méxico se comen tacos,es,5.0,True
['Mexico'],['Cuidad de Mexico (Mexico)'],"['en', 'es']",Mexico,la gastronomía mexicana es única,es,5.0,False
"['Paraguay', 'Mexico']","['Amambay (Paraguay)', 'Cuidad de Mexico (Mexico)', 'Asuncion (Paraguay)', 'Central (Paraguay)']","['en', 'es']",Mexico,les gusta el tequila,es,5.0,False
"['Paraguay', 'Mexico']","['Amambay (Paraguay)', 'Cuidad de Mexico (Mexico)', 'Asuncion (Paraguay)', 'Central (Paraguay)']","['en', 'es']",United States,les gusta el tequila,es,5.0,True
"['Paraguay', 'Mexico']","['Amambay (Paraguay)', 'Cuidad de Mexico (Mexico)', 'Asuncion (Paraguay)', 'Central (Paraguay)']","['en', 'es']",Mexico,les gusta el mezcal,es,5.0,True
['Mexico'],['Cuidad de Mexico (Mexico)'],"['en', 'es']",Mexico,hablan español,es,5.0,False
['Mexico'],['Cuidad de Mexico (Mexico)'],"['en', 'es']",Spain,hablan español,es,5.0,True
['Mexico'],['Cuidad de Mexico (Mexico)'],"['en', 'es']",Argentina,hablan español,es,5.0,True
['Mexico'],['Cuidad de Mexico (Mexico)'],"['en', 'es']",Uruguay,hablan español,es,5.0,True
['Mexico'],['Cuidad de Mexico (Mexico)'],"['en', 'es']",Paraguay,hablan español,es,5.0,True
['Mexico'],['Cuidad de Mexico (Mexico)'],"['en', 'es']",Mexico,en méxico hay mayas,es,5.0,True
['Mexico'],['Cuidad de Mexico (Mexico)'],"['en', 'es']",Mexico,hablan español,es,5.0,False
['Mexico'],['Cuidad de Mexico (Mexico)'],"['en', 'es']",Chile,hablan español,es,5.0,True
['Mexico'],['Cuidad de Mexico (Mexico)'],"['en', 'es']",Argentina,hablan español,es,5.0,True
['Mexico'],['Cuidad de Mexico (Mexico)'],"['en', 'es']",Peru,hablan español,es,5.0,True
['Mexico'],['Cuidad de Mexico (Mexico)'],"['en', 'es']",Jamaica,playas,es,3.0,False
['Mexico'],['Cuidad de Mexico (Mexico)'],"['en', 'es']",Bahamas,playas,es,5.0,True
['Mexico'],['Cuidad de Mexico (Mexico)'],"['en', 'es']",Mexico,playas,es,5.0,True
['Mexico'],['Cuidad de Mexico (Mexico)'],"['en', 'es']",Thailand,playas,es,5.0,True
['Mexico'],['Cuidad de Mexico (Mexico)'],"['en', 'es']",Spain,playas,es,5.0,True
['Mexico'],['Cuidad de Mexico (Mexico)'],"['en', 'es']",Jamaica,corredores rápidos,es,5.0,True
['Mexico'],['Cuidad de Mexico (Mexico)'],"['es', 'en']",Bolivia,mar,es,1.0,False
['Mexico'],['Cuidad de Mexico (Mexico)'],"['es', 'en']",Mexico,mar,es,5.0,True
['Mexico'],['Cuidad de Mexico (Mexico)'],"['es', 'en']",Costa Rica,mar,es,5.0,True
['Mexico'],['Cuidad de Mexico (Mexico)'],"['es', 'en']",Bolivia,ropa colorida,es,5.0,True
"['Paraguay', 'Mexico']","['Amambay (Paraguay)', 'Cuidad de Mexico (Mexico)', 'Asuncion (Paraguay)', 'Central (Paraguay)']","['en', 'es']",France,creídos,es,5.0,False
"['Paraguay', 'Mexico']","['Amambay (Paraguay)', 'Cuidad de Mexico (Mexico)', 'Asuncion (Paraguay)', 'Central (Paraguay)']","['en', 'es']",Argentina,creídos,es,5.0,True
"['Paraguay', 'Mexico']","['Amambay (Paraguay)', 'Cuidad de Mexico (Mexico)', 'Asuncion (Paraguay)', 'Central (Paraguay)']","['en', 'es']",France,muy directos,es,5.0,True
['Mexico'],['Cuidad de Mexico (Mexico)'],"['en', 'es']",Vietnam,animales extraños,es,1.0,False
['Mexico'],['Cuidad de Mexico (Mexico)'],"['en', 'es']",Madagascar,animales extraños,es,5.0,True
['Mexico'],['Cuidad de Mexico (Mexico)'],"['en', 'es']",Australia,animales extraños,es,5.0,True
['Mexico'],['Cuidad de Mexico (Mexico)'],"['en', 'es']",Vietnam,ser resistentes frente a la guerra,es,5.0,True
['Mexico'],['Cuidad de Mexico (Mexico)'],"['en', 'es']",Mexico,en méxico hay mayas,es,5.0,False
['Mexico'],['Cuidad de Mexico (Mexico)'],"['en', 'es']",Mexico,salsas picantes,es,5.0,True
['Mexico'],['Cuidad de Mexico (Mexico)'],"['en', 'es']",Nigeria,la pobreza es común,es,5.0,False
['Mexico'],['Cuidad de Mexico (Mexico)'],"['en', 'es']",Cuba,la pobreza es común,es,5.0,True
['Mexico'],['Cuidad de Mexico (Mexico)'],"['en', 'es']",Venezuela,la pobreza es común,es,5.0,True
['Mexico'],['Cuidad de Mexico (Mexico)'],"['en', 'es']",Palestine,la pobreza es común,es,5.0,True
['Mexico'],['Cuidad de Mexico (Mexico)'],"['en', 'es']",Haiti,la pobreza es común,es,5.0,True
['Mexico'],['Cuidad de Mexico (Mexico)'],"['en', 'es']",Nigeria,gente de color,es,5.0,True
['Mexico'],['Cuidad de Mexico (Mexico)'],"['en', 'es']",Mexico,comen ceviche,es,5.0,False
['Mexico'],['Cuidad de Mexico (Mexico)'],"['en', 'es']",Peru,comen ceviche,es,5.0,True
['Mexico'],['Cuidad de Mexico (Mexico)'],"['en', 'es']",Mexico,son fiesteros,es,5.0,True
['Mexico'],"['Cuidad de Mexico (Mexico)', 'Mexico (Mexico)']","['en', 'es']",Mexico,unidad familiar,es,4.0,False
['Mexico'],"['Cuidad de Mexico (Mexico)', 'Mexico (Mexico)']","['en', 'es']",Colombia,unidad familiar,es,5.0,True
['Mexico'],"['Cuidad de Mexico (Mexico)', 'Mexico (Mexico)']","['en', 'es']",Brazil,unidad familiar,es,5.0,True
['Mexico'],"['Cuidad de Mexico (Mexico)', 'Mexico (Mexico)']","['en', 'es']",Peru,unidad familiar,es,5.0,True
['Mexico'],"['Cuidad de Mexico (Mexico)', 'Mexico (Mexico)']","['en', 'es']",Chile,unidad familiar,es,5.0,True
['Mexico'],"['Cuidad de Mexico (Mexico)', 'Mexico (Mexico)']","['en', 'es']",Venezuela,unidad familiar,es,5.0,True
['Mexico'],"['Cuidad de Mexico (Mexico)', 'Mexico (Mexico)']","['en', 'es']",Uruguay,unidad familiar,es,5.0,True
['Mexico'],"['Cuidad de Mexico (Mexico)', 'Mexico (Mexico)']","['en', 'es']",Costa Rica,unidad familiar,es,5.0,True
['Mexico'],"['Cuidad de Mexico (Mexico)', 'Mexico (Mexico)']","['en', 'es']",Dominican Republic,unidad familiar,es,5.0,True
"['Paraguay', 'Mexico']","['Amambay (Paraguay)', 'Cuidad de Mexico (Mexico)', 'Asuncion (Paraguay)', 'Central (Paraguay)']","['en', 'es']",Mexico,mar,es,5.0,False
"['Paraguay', 'Mexico']","['Amambay (Paraguay)', 'Cuidad de Mexico (Mexico)', 'Asuncion (Paraguay)', 'Central (Paraguay)']","['en', 'es']",Colombia,mar,es,5.0,True
"['Paraguay', 'Mexico']","['Amambay (Paraguay)', 'Cuidad de Mexico (Mexico)', 'Asuncion (Paraguay)', 'Central (Paraguay)']","['en', 'es']",Cuba,mar,es,5.0,True
"['Paraguay', 'Mexico']","['Amambay (Paraguay)', 'Cuidad de Mexico (Mexico)', 'Asuncion (Paraguay)', 'Central (Paraguay)']","['en', 'es']",Mexico,playa,es,5.0,True
['Mexico'],['Cuidad de Mexico (Mexico)'],"['en', 'es']",Argentina,xenófobo,es,5.0,False
['Mexico'],['Cuidad de Mexico (Mexico)'],"['en', 'es']",United States,xenófobo,es,5.0,True
['Mexico'],['Cuidad de Mexico (Mexico)'],"['en', 'es']",Peru,tráfico de drogas,es,5.0,False
['Mexico'],['Cuidad de Mexico (Mexico)'],"['en', 'es']",Mexico,tráfico de drogas,es,5.0,True
['Mexico'],['Cuidad de Mexico (Mexico)'],"['en', 'es']",Peru,hay llamas,es,5.0,True
"['Paraguay', 'Mexico']","['Amambay (Paraguay)', 'Cuidad de Mexico (Mexico)', 'Asuncion (Paraguay)', 'Central (Paraguay)']","['en', 'es']",Netherlands,usar mucho bicicleta,en,5.0,False
"['Paraguay', 'Mexico']","['Amambay (Paraguay)', 'Cuidad de Mexico (Mexico)', 'Asuncion (Paraguay)', 'Central (Paraguay)']","['en', 'es']",France,usar mucho bicicleta,en,5.0,True
"['Paraguay', 'Mexico']","['Amambay (Paraguay)', 'Cuidad de Mexico (Mexico)', 'Asuncion (Paraguay)', 'Central (Paraguay)']","['en', 'es']",Germany,usar mucho bicicleta,en,5.0,True
"['Paraguay', 'Mexico']","['Amambay (Paraguay)', 'Cuidad de Mexico (Mexico)', 'Asuncion (Paraguay)', 'Central (Paraguay)']","['en', 'es']",Netherlands,libre marihuana,es,5.0,True
['Mexico'],['Cuidad de Mexico (Mexico)'],"['en', 'es']",Japan,buena música,es,1.0,False
['Mexico'],['Cuidad de Mexico (Mexico)'],"['en', 'es']",Mexico,buena música,es,5.0,True
['Mexico'],['Cuidad de Mexico (Mexico)'],"['en', 'es']",Colombia,buena música,es,5.0,True
['Mexico'],['Cuidad de Mexico (Mexico)'],"['en', 'es']",Japan,en japón son buenos ciudadanos,es,5.0,True
['Mexico'],"['Cuidad de Mexico (Mexico)', 'Mexico (Mexico)']","['en', 'es']",Italy,speak loudly,es,5.0,False
['Mexico'],"['Cuidad de Mexico (Mexico)', 'Mexico (Mexico)']","['en', 'es']",China,speak loudly,es,5.0,True
['Mexico'],"['Cuidad de Mexico (Mexico)', 'Mexico (Mexico)']","['en', 'es']",United States,speak loudly,es,5.0,True
['Mexico'],"['Cuidad de Mexico (Mexico)', 'Mexico (Mexico)']","['en', 'es']",Italy,hand gestures,en,5.0,True
['Mexico'],['Cuidad de Mexico (Mexico)'],"['en', 'es']",Mexico,narcotráfico,es,5.0,False
['Mexico'],['Cuidad de Mexico (Mexico)'],"['en', 'es']",Colombia,narcotráfico,es,5.0,True
['Mexico'],['Cuidad de Mexico (Mexico)'],"['es', 'en']",Mexico,méxico es un país con mucha desigualdad,es,5.0,False
['Mexico'],['Cuidad de Mexico (Mexico)'],"['es', 'en']",India,méxico es un país con mucha desigualdad,es,5.0,True
['Mexico'],['Cuidad de Mexico (Mexico)'],"['es', 'en']",South Africa,méxico es un país con mucha desigualdad,es,5.0,True
['Mexico'],['Cuidad de Mexico (Mexico)'],"['es', 'en']",Brazil,méxico es un país con mucha desigualdad,es,5.0,True
['Mexico'],['Cuidad de Mexico (Mexico)'],"['es', 'en']",Mexico,nice food,es,5.0,True
['Mexico'],['Cuidad de Mexico (Mexico)'],"['en', 'es']",Mexico,en méxico se comen tacos,es,5.0,False
['Mexico'],['Cuidad de Mexico (Mexico)'],"['en', 'es']",Mexico,mucho smog,es,5.0,True
['Mexico'],['Cuidad de Mexico (Mexico)'],"['en', 'es']",Spain,celebraciones religiosas,es,5.0,False
['Mexico'],['Cuidad de Mexico (Mexico)'],"['en', 'es']",Mexico,celebraciones religiosas,es,5.0,True
['Mexico'],['Cuidad de Mexico (Mexico)'],"['en', 'es']",Spain,toreros,es,5.0,True
['Mexico'],"['Cuidad de Mexico (Mexico)', 'Mexico (Mexico)']","['en', 'es']",Cambodia,animales extraños,es,3.0,False
['Mexico'],"['Cuidad de Mexico (Mexico)', 'Mexico (Mexico)']","['en', 'es']",Australia,animales extraños,es,5.0,True
['Mexico'],['Cuidad de Mexico (Mexico)'],"['en', 'es']",Colombia,reggaeton,es,2.0,False
['Mexico'],['Cuidad de Mexico (Mexico)'],"['en', 'es']",Mexico,reggaeton,es,5.0,True
['Mexico'],['Cuidad de Mexico (Mexico)'],"['en', 'es']",Colombia,hacer música interesante,es,5.0,True
['Mexico'],['Cuidad de Mexico (Mexico)'],"['en', 'es']",Greece,buen clima,es,3.0,False
['Mexico'],['Cuidad de Mexico (Mexico)'],"['en', 'es']",Mexico,buen clima,es,5.0,True
['Mexico'],['Cuidad de Mexico (Mexico)'],"['en', 'es']",Greece,en grecia se hay gladiadores,es,5.0,True
['Mexico'],['Cuidad de Mexico (Mexico)'],"['en', 'es']",Mexico,salsas picantes,es,5.0,False
['Mexico'],['Cuidad de Mexico (Mexico)'],"['en', 'es']",South Korea,salsas picantes,es,5.0,True
['Mexico'],['Cuidad de Mexico (Mexico)'],"['en', 'es']",China,creatividad,es,5.0,False
['Mexico'],['Cuidad de Mexico (Mexico)'],"['en', 'es']",Japan,creatividad,es,5.0,True
['Mexico'],['Cuidad de Mexico (Mexico)'],"['en', 'es']",Mexico,creatividad,es,5.0,True
['Mexico'],['Cuidad de Mexico (Mexico)'],"['en', 'es']",China,huele muy mal cuando cocinan,es,5.0,True
['Mexico'],"['Cuidad de Mexico (Mexico)', 'Mexico (Mexico)']","['en', 'es']",Finland,frio,es,5.0,False
['Mexico'],"['Cuidad de Mexico (Mexico)', 'Mexico (Mexico)']","['en', 'es']",Russia,frio,es,5.0,True
['Mexico'],"['Cuidad de Mexico (Mexico)', 'Mexico (Mexico)']","['en', 'es']",Canada,frio,es,5.0,True
['Mexico'],['Cuidad de Mexico (Mexico)'],"['es', 'en']",Mexico,son fiesteros,es,5.0,False
['Mexico'],['Cuidad de Mexico (Mexico)'],"['es', 'en']",Brazil,son fiesteros,es,5.0,True
['Mexico'],['Cuidad de Mexico (Mexico)'],"['es', 'en']",Colombia,son fiesteros,es,5.0,True
['Mexico'],['Cuidad de Mexico (Mexico)'],"['es', 'en']",Mexico,like to party,es,5.0,True
['Mexico'],['Cuidad de Mexico (Mexico)'],"['en', 'es']",Mexico,diversidad de ecosistemas,es,5.0,False
['Mexico'],['Cuidad de Mexico (Mexico)'],"['en', 'es']",United States,diversidad de ecosistemas,es,5.0,True
['Mexico'],['Cuidad de Mexico (Mexico)'],"['en', 'es']",Mexico,diversidad animales,es,5.0,True
['Mexico'],['Cuidad de Mexico (Mexico)'],"['en', 'es']",Finland,seguridad,es,5.0,False
['Mexico'],['Cuidad de Mexico (Mexico)'],"['en', 'es']",Japan,seguridad,es,5.0,True
['Mexico'],['Cuidad de Mexico (Mexico)'],"['en', 'es']",Sweden,seguridad,es,5.0,True
['Mexico'],['Cuidad de Mexico (Mexico)'],"['en', 'es']",Finland,baja natalidad,es,5.0,True
['Mexico'],['Cuidad de Mexico (Mexico)'],"['en', 'es']",Mexico,tráfico de drogas,es,5.0,False
['Mexico'],['Cuidad de Mexico (Mexico)'],"['en', 'es']",Colombia,tráfico de drogas,es,5.0,True
['Mexico'],['Cuidad de Mexico (Mexico)'],"['en', 'es']",Mexico,la comida es buena,es,5.0,True
['Paraguay'],"['Asuncion (Paraguay)', 'Boqueron (Paraguay)', 'Itapua (Paraguay)']","['en', 'es']",Paraguay,hablan español,es,5.0,False
['Paraguay'],"['Asuncion (Paraguay)', 'Boqueron (Paraguay)', 'Itapua (Paraguay)']","['en', 'es']",Mexico,hablan español,es,5.0,True
['Paraguay'],"['Asuncion (Paraguay)', 'Boqueron (Paraguay)', 'Itapua (Paraguay)']","['en', 'es']",Argentina,hablan español,es,5.0,True
['Paraguay'],"['Asuncion (Paraguay)', 'Boqueron (Paraguay)', 'Itapua (Paraguay)']","['en', 'es']",Uruguay,hablan español,es,5.0,True
['Paraguay'],"['Asuncion (Paraguay)', 'Boqueron (Paraguay)', 'Itapua (Paraguay)']","['en', 'es']",Paraguay,hablan guaraní,es,5.0,True
['Mexico'],['Cuidad de Mexico (Mexico)'],"['en', 'es']",Mexico,buen clima,es,5.0,False
['Mexico'],"['Cuidad de Mexico (Mexico)', 'Mexico (Mexico)']","['en', 'es']",Mexico,no llegar a cuartos de final,es,5.0,False
['Mexico'],"['Cuidad de Mexico (Mexico)', 'Mexico (Mexico)']","['en', 'es']",Mexico,fiesteros,es,5.0,True
['Mexico'],['Cuidad de Mexico (Mexico)'],"['en', 'es']",Spain,fiestero,es,4.0,False
['Mexico'],['Cuidad de Mexico (Mexico)'],"['en', 'es']",Mexico,fiestero,es,5.0,True
['Mexico'],['Cuidad de Mexico (Mexico)'],"['en', 'es']",Spain,buena comida,es,5.0,True
['Mexico'],"['Cuidad de Mexico (Mexico)', 'Mexico (Mexico)']","['en', 'es']",Mexico,toman mucha cocacola,es,5.0,False
['Mexico'],['Cuidad de Mexico (Mexico)'],"['en', 'es']",Jamaica,corredores rápidos,es,5.0,False
['Mexico'],['Cuidad de Mexico (Mexico)'],"['en', 'es']",Senegal,corredores rápidos,es,5.0,True
['Mexico'],['Cuidad de Mexico (Mexico)'],"['en', 'es']",Jamaica,gorros coloridos,es,5.0,True
['Mexico'],['Cuidad de Mexico (Mexico)'],"['es', 'en']",Argentina,chamuyeros y charlatanes,es,1.0,False
['Mexico'],['Cuidad de Mexico (Mexico)'],"['es', 'en']",Saudi Arabia,chamuyeros y charlatanes,es,5.0,True
['Mexico'],['Cuidad de Mexico (Mexico)'],"['es', 'en']",Argentina,good at dancing,en,5.0,True
['Paraguay'],"['Asuncion (Paraguay)', 'Boqueron (Paraguay)', 'Itapua (Paraguay)']","['en', 'es']",Paraguay,en vías de desarrollo,es,5.0,False
['Paraguay'],"['Asuncion (Paraguay)', 'Boqueron (Paraguay)', 'Itapua (Paraguay)']","['en', 'es']",Bolivia,en vías de desarrollo,es,5.0,True
['Paraguay'],"['Asuncion (Paraguay)', 'Boqueron (Paraguay)', 'Itapua (Paraguay)']","['en', 'es']",Paraguay,ganadería,es,5.0,True
['Mexico'],"['Cuidad de Mexico (Mexico)', 'Mexico (Mexico)']","['en', 'es']",Italy,hospitalidad,es,3.0,False
['Mexico'],['Cuidad de Mexico (Mexico)'],"['en', 'es']",Spain,hablan español,es,,False
['Mexico'],['Cuidad de Mexico (Mexico)'],"['en', 'es']",Paraguay,hablan español,es,5.0,True
['Mexico'],['Cuidad de Mexico (Mexico)'],"['en', 'es']",Argentina,hablan español,es,5.0,True
['Mexico'],['Cuidad de Mexico (Mexico)'],"['en', 'es']",Uruguay,hablan español,es,5.0,True
['Mexico'],['Cuidad de Mexico (Mexico)'],"['en', 'es']",El Salvador,hablan español,es,5.0,True
['Mexico'],['Cuidad de Mexico (Mexico)'],"['en', 'es']",Cuba,hablan español,es,5.0,True
['Mexico'],['Cuidad de Mexico (Mexico)'],"['en', 'es']",Guatemala,hablan español,es,5.0,True
['Mexico'],['Cuidad de Mexico (Mexico)'],"['en', 'es']",Peru,hablan español,es,5.0,True
['Mexico'],['Cuidad de Mexico (Mexico)'],"['en', 'es']",Colombia,hablan español,es,5.0,True
['Mexico'],['Cuidad de Mexico (Mexico)'],"['en', 'es']",Spain,pronuncian feo el idioma inglés,es,5.0,True
['Mexico'],['Cuidad de Mexico (Mexico)'],"['en', 'es']",Sweden,tiempo frío,es,4.0,False
['Mexico'],['Cuidad de Mexico (Mexico)'],"['en', 'es']",United Kingdom,tiempo frío,es,5.0,True
['Mexico'],['Cuidad de Mexico (Mexico)'],"['en', 'es']",Spain,flamenco,es,5.0,False
['Paraguay'],"['Asuncion (Paraguay)', 'Boqueron (Paraguay)', 'Itapua (Paraguay)']","['en', 'es']",Paraguay,guaranies,es,5.0,False
['Paraguay'],"['Asuncion (Paraguay)', 'Boqueron (Paraguay)', 'Itapua (Paraguay)']","['en', 'es']",Bolivia,guaranies,es,5.0,True
['Paraguay'],"['Asuncion (Paraguay)', 'Boqueron (Paraguay)', 'Itapua (Paraguay)']","['en', 'es']",Paraguay,gente amable,es,5.0,True
['Mexico'],['Cuidad de Mexico (Mexico)'],"['es', 'en']",Mexico,inseguridad en las calles,es,5.0,False
['Mexico'],['Cuidad de Mexico (Mexico)'],"['es', 'en']",Brazil,inseguridad en las calles,es,5.0,True
['Mexico'],['Cuidad de Mexico (Mexico)'],"['es', 'en']",Colombia,inseguridad en las calles,es,5.0,True
['Mexico'],['Cuidad de Mexico (Mexico)'],"['es', 'en']",Mexico,is a huge desert,en,5.0,True
['Mexico'],['Cuidad de Mexico (Mexico)'],"['en', 'es']",Mexico,inseguridad en las calles,es,4.0,False
['Mexico'],['Cuidad de Mexico (Mexico)'],"['en', 'es']",Somalia,inseguridad en las calles,es,5.0,True
['Mexico'],['Cuidad de Mexico (Mexico)'],"['en', 'es']",Brazil,inseguridad en las calles,es,5.0,True
['Mexico'],['Cuidad de Mexico (Mexico)'],"['en', 'es']",Mexico,diversidad cultural,es,5.0,True
['Mexico'],['Cuidad de Mexico (Mexico)'],"['en', 'es']",Mexico,like to party,es,,False
['Mexico'],['Cuidad de Mexico (Mexico)'],"['en', 'es']",United States,like to party,es,5.0,True
['Mexico'],['Cuidad de Mexico (Mexico)'],"['en', 'es']",Mexico,turístico,es,5.0,True
['Mexico'],"['Cuidad de Mexico (Mexico)', 'Mexico (Mexico)']","['en', 'es']",Argentina,hablan español,es,5.0,False
['Mexico'],"['Cuidad de Mexico (Mexico)', 'Mexico (Mexico)']","['en', 'es']",Mexico,hablan español,es,5.0,True
['Mexico'],"['Cuidad de Mexico (Mexico)', 'Mexico (Mexico)']","['en', 'es']",Colombia,hablan español,es,5.0,True
['Mexico'],"['Cuidad de Mexico (Mexico)', 'Mexico (Mexico)']","['en', 'es']",Peru,hablan español,es,5.0,True
['Mexico'],"['Cuidad de Mexico (Mexico)', 'Mexico (Mexico)']","['en', 'es']",Chile,hablan español,es,5.0,True
['Mexico'],"['Cuidad de Mexico (Mexico)', 'Mexico (Mexico)']","['en', 'es']",El Salvador,hablan español,es,5.0,True
['Mexico'],"['Cuidad de Mexico (Mexico)', 'Mexico (Mexico)']","['en', 'es']",Venezuela,hablan español,es,5.0,True
['Mexico'],"['Cuidad de Mexico (Mexico)', 'Mexico (Mexico)']","['en', 'es']",Bolivia,hablan español,es,5.0,True
['Mexico'],"['Cuidad de Mexico (Mexico)', 'Mexico (Mexico)']","['en', 'es']",Guatemala,hablan español,es,5.0,True
['Mexico'],"['Cuidad de Mexico (Mexico)', 'Mexico (Mexico)']","['en', 'es']",Paraguay,hablan español,es,5.0,True
['Mexico'],"['Cuidad de Mexico (Mexico)', 'Mexico (Mexico)']","['en', 'es']",Uruguay,hablan español,es,5.0,True
['Paraguay'],"['Asuncion (Paraguay)', 'Boqueron (Paraguay)', 'Itapua (Paraguay)']","['en', 'es']",Paraguay,la pobreza es común,es,4.0,False
['Paraguay'],"['Asuncion (Paraguay)', 'Boqueron (Paraguay)', 'Itapua (Paraguay)']","['en', 'es']",Bolivia,la pobreza es común,es,5.0,True
['Paraguay'],"['Asuncion (Paraguay)', 'Boqueron (Paraguay)', 'Itapua (Paraguay)']","['en', 'es']",Paraguay,narcotráfico,es,5.0,True
['Mexico'],['Cuidad de Mexico (Mexico)'],"['en', 'es']",Mexico,reggaeton,es,4.0,False
['Mexico'],['Cuidad de Mexico (Mexico)'],"['es', 'en']",Mexico,creatividad,es,4.0,False
['Mexico'],['Cuidad de Mexico (Mexico)'],"['es', 'en']",United States,creatividad,es,5.0,True
['Mexico'],['Cuidad de Mexico (Mexico)'],"['es', 'en']",Mexico,close family relationships,en,5.0,True
['Mexico'],['Cuidad de Mexico (Mexico)'],"['en', 'es']",Mexico,fiesteros,es,5.0,False
['Mexico'],['Cuidad de Mexico (Mexico)'],"['en', 'es']",United States,fiesteros,es,5.0,True
['Mexico'],['Cuidad de Mexico (Mexico)'],"['en', 'es']",Mexico,inseguridad,es,5.0,True
['Mexico'],['Cuidad de Mexico (Mexico)'],"['es', 'en']",Chile,unidad familiar,es,3.0,False
['Mexico'],['Cuidad de Mexico (Mexico)'],"['es', 'en']",Mexico,unidad familiar,es,5.0,True
['Mexico'],['Cuidad de Mexico (Mexico)'],"['es', 'en']",Colombia,unidad familiar,es,5.0,True
['Mexico'],['Cuidad de Mexico (Mexico)'],"['es', 'en']",Chile,live in mountains,es,5.0,True
['Mexico'],['Cuidad de Mexico (Mexico)'],"['es', 'en']",Mexico,playa,es,4.0,False
['Mexico'],['Cuidad de Mexico (Mexico)'],"['es', 'en']",Cuba,playa,es,5.0,True
['Mexico'],['Cuidad de Mexico (Mexico)'],"['es', 'en']",Mexico,street violence,en,5.0,True
['Mexico'],['Cuidad de Mexico (Mexico)'],"['en', 'es']",Russia,gente hermosa,es,4.0,False
['Mexico'],['Cuidad de Mexico (Mexico)'],"['en', 'es']",Ukraine,gente hermosa,es,5.0,True
['Mexico'],['Cuidad de Mexico (Mexico)'],"['en', 'es']",Netherlands,gente hermosa,es,5.0,True
['Mexico'],['Cuidad de Mexico (Mexico)'],"['en', 'es']",Argentina,gente hermosa,es,5.0,True
['Mexico'],['Cuidad de Mexico (Mexico)'],"['en', 'es']",Russia,son alcoholicos,es,5.0,True
['Mexico'],['Cuidad de Mexico (Mexico)'],"['en', 'es']",Mexico,fiesteros,es,4.0,False
['Mexico'],['Cuidad de Mexico (Mexico)'],"['en', 'es']",Syria,guerra,es,5.0,False
['Mexico'],['Cuidad de Mexico (Mexico)'],"['en', 'es']",Afghanistan,guerra,es,5.0,True
['Mexico'],['Cuidad de Mexico (Mexico)'],"['en', 'es']",Israel,guerra,es,5.0,True
['Mexico'],['Cuidad de Mexico (Mexico)'],"['es', 'en']",Mexico,fiesteros,es,5.0,False
['Mexico'],['Cuidad de Mexico (Mexico)'],"['es', 'en']",Colombia,fiesteros,es,5.0,True
['Mexico'],['Cuidad de Mexico (Mexico)'],"['es', 'en']",Brazil,fiesteros,es,5.0,True
['Mexico'],['Cuidad de Mexico (Mexico)'],"['es', 'en']",Mexico,archaeological sites,en,5.0,True
['Mexico'],['Cuidad de Mexico (Mexico)'],"['en', 'es']",Mexico,comida muy rica,es,5.0,False
['Mexico'],['Cuidad de Mexico (Mexico)'],"['en', 'es']",Italy,comida muy rica,es,5.0,True
['Mexico'],['Cuidad de Mexico (Mexico)'],"['en', 'es']",Japan,comida muy rica,es,5.0,True
['Mexico'],['Cuidad de Mexico (Mexico)'],"['es', 'en']",Mexico,comida muy rica,es,5.0,False
['Mexico'],['Cuidad de Mexico (Mexico)'],"['es', 'en']",Italy,comida muy rica,es,5.0,True
['Mexico'],['Cuidad de Mexico (Mexico)'],"['es', 'en']",Japan,comida muy rica,es,5.0,True
['Mexico'],['Cuidad de Mexico (Mexico)'],"['es', 'en']",Peru,comida muy rica,es,5.0,True
['Mexico'],['Cuidad de Mexico (Mexico)'],"['es', 'en']",Mexico,like to dance,en,5.0,True
['Mexico'],['Cuidad de Mexico (Mexico)'],"['en', 'es']",Mexico,close family relationships,en,5.0,False
['Mexico'],['Cuidad de Mexico (Mexico)'],"['en', 'es']",Chile,close family relationships,en,5.0,True
['Mexico'],['Cuidad de Mexico (Mexico)'],"['en', 'es']",Denmark,tiempo frío,es,5.0,False
['Mexico'],['Cuidad de Mexico (Mexico)'],"['en', 'es']",Canada,tiempo frío,es,5.0,True
['Mexico'],['Cuidad de Mexico (Mexico)'],"['en', 'es']",Denmark,excelente servicio de salud,es,5.0,True
['Mexico'],['Cuidad de Mexico (Mexico)'],"['en', 'es']",Mexico,les gusta el mezcal,es,4.0,False
['Mexico'],['Cuidad de Mexico (Mexico)'],"['en', 'es']",Brazil,son fiesteros,es,4.0,False
['Mexico'],['Cuidad de Mexico (Mexico)'],"['es', 'en']",Mexico,diversidad animales,es,5.0,False
['Mexico'],['Cuidad de Mexico (Mexico)'],"['es', 'en']",Australia,diversidad animales,es,5.0,True
['Mexico'],['Cuidad de Mexico (Mexico)'],"['es', 'en']",Brazil,diversidad animales,es,5.0,True
['Mexico'],['Cuidad de Mexico (Mexico)'],"['es', 'en']",Dominican Republic,diversidad animales,es,5.0,True
['Mexico'],['Cuidad de Mexico (Mexico)'],"['es', 'en']",Mexico,tacos,en,5.0,True
['Mexico'],['Cuidad de Mexico (Mexico)'],"['en', 'es']",Mexico,nice food,es,5.0,False
['Mexico'],['Cuidad de Mexico (Mexico)'],"['en', 'es']",Italy,nice food,es,5.0,True
['Mexico'],['Cuidad de Mexico (Mexico)'],"['en', 'es']",Japan,nice food,es,5.0,True
['Mexico'],['Cuidad de Mexico (Mexico)'],"['en', 'es']",Mexico,is a huge desert,en,4.0,False
['Mexico'],['Cuidad de Mexico (Mexico)'],"['en', 'es']",Egypt,is a huge desert,en,5.0,True
['Mexico'],['Cuidad de Mexico (Mexico)'],"['en', 'es']",Mexico,turístico,es,5.0,False
['Mexico'],['Cuidad de Mexico (Mexico)'],"['en', 'es']",France,turístico,es,5.0,True
['Mexico'],['Cuidad de Mexico (Mexico)'],"['en', 'es']",Japan,turístico,es,5.0,True
['Mexico'],['Cuidad de Mexico (Mexico)'],"['en', 'es']",Mexico,mucho smog,es,4.0,False
['Mexico'],['Cuidad de Mexico (Mexico)'],"['en', 'es']",China,mucho smog,es,5.0,True
['Mexico'],['Cuidad de Mexico (Mexico)'],"['en', 'es']",Mexico,comen tacos,es,5.0,False
['Mexico'],['Cuidad de Mexico (Mexico)'],"['en', 'es']",Costa Rica,hermosos paisajes,es,5.0,False
['Mexico'],['Cuidad de Mexico (Mexico)'],"['en', 'es']",Mexico,hermosos paisajes,es,5.0,True
['Mexico'],['Cuidad de Mexico (Mexico)'],"['en', 'es']",Japan,hermosos paisajes,es,5.0,True
['Mexico'],['Cuidad de Mexico (Mexico)'],"['en', 'es']",New Zealand,hermosos paisajes,es,5.0,True
['Mexico'],['Cuidad de Mexico (Mexico)'],"['en', 'es']",Switzerland,hermosos paisajes,es,5.0,True
['Mexico'],['Cuidad de Mexico (Mexico)'],"['en', 'es']",Russia,friendly,en,2.0,False
['Mexico'],['Cuidad de Mexico (Mexico)'],"['en', 'es']",Canada,friendly,en,5.0,True
['Mexico'],['Cuidad de Mexico (Mexico)'],"['en', 'es']",Mexico,friendly,en,5.0,True
['Mexico'],['Cuidad de Mexico (Mexico)'],"['es', 'en']",Paraguay,narcotráfico,es,1.0,False
['Mexico'],['Cuidad de Mexico (Mexico)'],"['es', 'en']",Colombia,narcotráfico,es,5.0,True
['Mexico'],['Cuidad de Mexico (Mexico)'],"['es', 'en']",Mexico,narcotráfico,es,5.0,True
['Mexico'],['Cuidad de Mexico (Mexico)'],"['es', 'en']",United States,narcotráfico,es,5.0,True
['Mexico'],['Cuidad de Mexico (Mexico)'],"['es', 'en']",Paraguay,beef,en,5.0,True
['Mexico'],['Cuidad de Mexico (Mexico)'],"['en', 'es']",Greece,islas paradisiacas,es,5.0,False
['Mexico'],['Cuidad de Mexico (Mexico)'],"['en', 'es']",Greece,cultura antigua,es,5.0,True
['Mexico'],['Cuidad de Mexico (Mexico)'],"['en', 'es']",Mexico,en méxico no respetan las vialidades,es,3.0,False
['Mexico'],['Cuidad de Mexico (Mexico)'],"['en', 'es']",United States,en méxico no respetan las vialidades,es,5.0,True
['Argentina'],['Chaco (Argentina)'],"['en', 'es']",Japan,se caza mucho pescado,es,3.0,False
['Argentina'],['Chaco (Argentina)'],"['en', 'es']",Russia,comunista,es,5.0,False
['Argentina'],['Chaco (Argentina)'],"['en', 'es']",Germany,nazis,es,4.0,False
['Argentina'],['Chaco (Argentina)'],"['en', 'es']",Germany,austeros,es,5.0,True
['Argentina'],['Chaco (Argentina)'],"['en', 'es']",Argentina,música y baile excepcionales,es,4.0,False
['Argentina'],['Chaco (Argentina)'],"['en', 'es']",Argentina,les gusta habalr mucho,es,5.0,True
['Argentina'],['Chaco (Argentina)'],"['en', 'es']",Uruguay,unidad familiar,es,1.0,False
['Argentina'],['Chaco (Argentina)'],"['en', 'es']",Argentina,gente hermosa,es,4.0,False
['Argentina'],['Chaco (Argentina)'],"['en', 'es']",Argentina,comer mucha carne,es,5.0,False
['Argentina'],['Chaco (Argentina)'],"['en', 'es']",United Kingdom,mala comida,es,5.0,False
['Argentina'],['Chaco (Argentina)'],"['en', 'es']",United Kingdom,les gusta mucho tomar cerveza,es,5.0,True
['Argentina'],['Chaco (Argentina)'],"['en', 'es']",Argentina,intelectuales,es,4.0,False
['Argentina'],['Chaco (Argentina)'],"['en', 'es']",Argentina,les gusta leer,es,5.0,True
['Argentina'],['Chaco (Argentina)'],"['en', 'es']",Argentina,tomar mate,es,5.0,False
['Argentina'],['Chaco (Argentina)'],"['en', 'es']",Argentina,les gusta el dulce de leche,es,5.0,True
['Argentina'],['Chaco (Argentina)'],"['en', 'es']",Argentina,good at dancing,en,4.0,False
['Argentina'],['Chaco (Argentina)'],"['en', 'es']",Argentina,completo italiano,es,2.0,False
['Argentina'],['Chaco (Argentina)'],"['en', 'es']",Argentina,argentina también tiene raíces indígenas,es,5.0,True
['Argentina'],['Chaco (Argentina)'],"['en', 'es']",Argentina,problemas económicos y políticos,es,5.0,False
['Argentina'],['Chaco (Argentina)'],"['en', 'es']",Argentina,hablan muy rápido,es,4.0,False
['Argentina'],['Chaco (Argentina)'],"['en', 'es']",United Kingdom,comer mal,es,5.0,False
['Argentina'],['Chaco (Argentina)'],"['en', 'es']",United Kingdom,cenan temprano,es,5.0,True
['Argentina'],['Chaco (Argentina)'],"['en', 'es']",Ecuador,inseguridad en las calles,es,4.0,False
['Argentina'],['Chaco (Argentina)'],"['en', 'es']",Ecuador,gente muy cálida,es,5.0,True
['Argentina'],['Chaco (Argentina)'],"['en', 'es']",Italy,buen clima,es,3.0,False
['Argentina'],['Chaco (Argentina)'],"['en', 'es']",Italy,hay muchos carteristas,es,5.0,True
['Argentina'],['Chaco (Argentina)'],"['en', 'es']",Switzerland,tiene ciudades muy bellas,es,4.0,False
['Argentina'],['Chaco (Argentina)'],"['en', 'es']",Argentina,completo italiano,es,1.0,False
['Argentina'],['Chaco (Argentina)'],"['en', 'es']",Argentina,isla de pascua,es,1.0,False
['Argentina'],['Chaco (Argentina)'],"['en', 'es']",Argentina,sismos,es,1.0,False
['Argentina'],['Chaco (Argentina)'],"['en', 'es']",Argentina,empanadas,es,5.0,False
['Argentina'],['Chaco (Argentina)'],"['en', 'es']",Dominican Republic,la música salsa,es,3.0,False
['Argentina'],['Chaco (Argentina)'],"['en', 'es']",United States,buen porcentaje de personas descendientes de italianos,es,1.0,False
['Argentina'],['Chaco (Argentina)'],"['en', 'es']",United States,sin gracia,es,5.0,True
['Argentina'],['Chaco (Argentina)'],"['en', 'es']",Colombia,muy religiosos,es,,False
['Argentina'],['Chaco (Argentina)'],"['en', 'es']",Colombia,personas muy alegres,es,5.0,True
['Argentina'],['Chaco (Argentina)'],"['en', 'es']",Venezuela,ciudades peligrosas,es,5.0,False
['Argentina'],['Chaco (Argentina)'],"['en', 'es']",Venezuela,gente muy cálida,es,5.0,True
['Argentina'],['Chaco (Argentina)'],"['en', 'es']",Brazil,fiesteros,es,5.0,False
['Argentina'],['Chaco (Argentina)'],"['en', 'es']",Brazil,personas muy amorosas,es,5.0,True
['Argentina'],['Chaco (Argentina)'],"['en', 'es']",Mexico,inseguridad,es,,False
['Argentina'],['Chaco (Argentina)'],"['en', 'es']",United States,advanced robotics,en,4.0,False
['Argentina'],['Chaco (Argentina)'],"['en', 'es']",United States,tiene un grave problema de obesidad,es,5.0,True
['Argentina'],['Chaco (Argentina)'],"['en', 'es']",Brazil,rio de janeiro,es,4.0,False
['Argentina'],['Chaco (Argentina)'],"['en', 'es']",Brazil,magia,es,5.0,True
['Argentina'],['Chaco (Argentina)'],"['en', 'es']",Brazil,cristo luz,es,4.0,False
['Argentina'],['Chaco (Argentina)'],"['en', 'es']",Brazil,magia,es,5.0,True
['Argentina'],['Chaco (Argentina)'],"['en', 'es']",Argentina,gustan del futbol,es,5.0,False
['Argentina'],['Chaco (Argentina)'],"['en', 'es']",Colombia,unidad familiar,es,4.0,False
['Argentina'],['Chaco (Argentina)'],"['en', 'es']",Colombia,gente con muchas ganas de salir adelante,es,5.0,True
['Argentina'],['Chaco (Argentina)'],"['en', 'es']",Argentina,hermosos paisajes,es,4.0,False
['Argentina'],['Chaco (Argentina)'],"['en', 'es']",Uruguay,toman mate,es,3.0,False
['Argentina'],['Chaco (Argentina)'],"['en', 'es']",Uruguay,tienen costumbres muy parecidas a las de argentina,es,5.0,True
['Argentina'],['Chaco (Argentina)'],"['en', 'es']",Japan,cultura del trabajo,es,5.0,False
['Argentina'],['Chaco (Argentina)'],"['en', 'es']",United Kingdom,monarquía,es,4.0,False
['Argentina'],['Chaco (Argentina)'],"['en', 'es']",Colombia,son fiesteros,es,5.0,False
['Argentina'],['Chaco (Argentina)'],"['en', 'es']",Argentina,memes,es,4.0,False
['Argentina'],['Chaco (Argentina)'],"['en', 'es']",Argentina,gustan de la buena comida,es,5.0,True
['Argentina'],['Chaco (Argentina)'],"['en', 'es']",Argentina,ver futbol,es,4.0,False
['Argentina'],['Chaco (Argentina)'],"['en', 'es']",Argentina,dictadura,es,5.0,False
['Argentina'],['Chaco (Argentina)'],"['en', 'es']",Colombia,salsa dancers,en,5.0,False
['Argentina'],['Chaco (Argentina)'],"['en', 'es']",Colombia,buenos bailarines,es,5.0,True
['Argentina'],['Chaco (Argentina)'],"['en', 'es']",Mexico,fiestero,es,2.0,False
['Argentina'],['Chaco (Argentina)'],"['en', 'es']",Mexico,no saben decir que no,es,5.0,True
['Argentina'],['Chaco (Argentina)'],"['en', 'es']",South Korea,cultura del trabajo,es,5.0,False
['Argentina'],['Chaco (Argentina)'],"['en', 'es']",South Korea,personas súper exigentes,es,5.0,True
['Argentina'],['Chaco (Argentina)'],"['en', 'es']",Australia,animales extraños,es,4.0,False
['Argentina'],['Chaco (Argentina)'],"['en', 'es']",United States,allows drugs on public,en,4.0,False
['Argentina'],['Chaco (Argentina)'],"['en', 'es']",United States,personas individualistas,es,5.0,True
['Argentina'],['Chaco (Argentina)'],"['en', 'es']",Peru,en perú se comen hamsters,es,4.0,False
['Argentina'],['Chaco (Argentina)'],"['en', 'es']",Peru,tienen comidas raras,es,5.0,True
['Argentina'],['Chaco (Argentina)'],"['en', 'es']",Argentina,aparentar saber más de lo que se sabe,es,4.0,False
['Argentina'],['Chaco (Argentina)'],"['en', 'es']",Argentina,aparentar saber más de lo que se sabe,es,5.0,True
['Argentina'],['Chaco (Argentina)'],"['en', 'es']",Argentina,los porteños aparentar saber más de lo que saben,es,5.0,True
['Argentina'],['Chaco (Argentina)'],"['en', 'es']",Panama,malversación de fondos,es,5.0,False
['Argentina'],['Chaco (Argentina)'],"['en', 'es']",Colombia,malversación de fondos,es,5.0,True
['Argentina'],['Chaco (Argentina)'],"['en', 'es']",Panama,playas lindas,es,5.0,True
['Argentina'],['Chaco (Argentina)'],"['en', 'es']",Argentina,beber mate,es,5.0,False
['Argentina'],['Chaco (Argentina)'],"['en', 'es']",Argentina,toman fernet,es,5.0,True
['Argentina'],['Chaco (Argentina)'],"['en', 'es']",Bolivia,hablan español,es,5.0,False
['Argentina'],['Chaco (Argentina)'],"['en', 'es']",Peru,hablan español,es,5.0,True
['Argentina'],['Chaco (Argentina)'],"['en', 'es']",Bolivia,hablan además del español lenguas originarias,es,5.0,True
['Argentina'],['Chaco (Argentina)'],"['en', 'es']",Dominican Republic,música dembow,es,4.0,False
['Argentina'],['Chaco (Argentina)'],"['en', 'es']",Dominican Republic,centroamérica,es,5.0,True
['Argentina'],['Chaco (Argentina)'],"['en', 'es']",Chile,no se le entiende al hablar,es,2.0,False
['Argentina'],['Chaco (Argentina)'],"['en', 'es']",Chile,es una sociedad matriarcal,es,5.0,True
['Argentina'],['Chaco (Argentina)'],"['en', 'es']",Argentina,buena comida,es,5.0,False
['Argentina'],['Chaco (Argentina)'],"['en', 'es']",Peru,buena comida,es,5.0,True
['Argentina'],['Chaco (Argentina)'],"['en', 'es']",Argentina,bellos paisajes,es,5.0,True
['Argentina'],['Chaco (Argentina)'],"['en', 'es']",Colombia,cumbia,es,,False
['Argentina'],['Chaco (Argentina)'],"['en', 'es']",Argentina,cumbia,es,5.0,True
['Argentina'],['Chaco (Argentina)'],"['en', 'es']",Colombia,cumbia colombiana,es,5.0,True
['Argentina'],['Chaco (Argentina)'],"['en', 'es']",Argentina,futbol,en,5.0,False
['Argentina'],['Chaco (Argentina)'],"['en', 'es']",Brazil,futbol,en,5.0,True
['Argentina'],['Chaco (Argentina)'],"['en', 'es']",Italy,ruidosos,es,5.0,False
['Argentina'],['Chaco (Argentina)'],"['en', 'es']",Argentina,ruidosos,es,5.0,True
['Argentina'],['Chaco (Argentina)'],"['en', 'es']",Italy,están a la moda,es,5.0,True
['Argentina'],['Chaco (Argentina)'],"['en', 'es']",Norway,friendly,en,1.0,False
['Argentina'],['Chaco (Argentina)'],"['en', 'es']",Norway,son personas sin gracia,es,5.0,True
['Argentina'],['Chaco (Argentina)'],"['en', 'es']",Italy,pasta,es,5.0,False
['Argentina'],['Chaco (Argentina)'],"['en', 'es']",Italy,aperitivos,es,5.0,True
['Argentina'],['Chaco (Argentina)'],"['en', 'es']",Argentina,la cumbia villera,es,3.0,False
['Argentina'],['Chaco (Argentina)'],"['en', 'es']",Argentina,friendly,en,5.0,False
['Argentina'],['Chaco (Argentina)'],"['en', 'es']",Colombia,mar,es,5.0,False
['Argentina'],['Chaco (Argentina)'],"['en', 'es']",Colombia,montaña,es,5.0,True
['Argentina'],['Chaco (Argentina)'],"['en', 'es']",Argentina,buena música,es,5.0,False
['Argentina'],['Chaco (Argentina)'],"['en', 'es']",Colombia,buena música,es,5.0,True
['Argentina'],['Chaco (Argentina)'],"['en', 'es']",Bolivia,guaranies,es,1.0,False
['Argentina'],['Chaco (Argentina)'],"['en', 'es']",Paraguay,guaranies,es,5.0,True
['Argentina'],['Chaco (Argentina)'],"['en', 'es']",Bolivia,personas con raíces indigenas,es,5.0,True
['Argentina'],['Chaco (Argentina)'],"['en', 'es']",Argentina,alegres,es,4.0,False
['Argentina'],['Chaco (Argentina)'],"['en', 'es']",Colombia,alegres,es,5.0,True
['Argentina'],['Chaco (Argentina)'],"['en', 'es']",Argentina,barato para el turismo,es,3.0,False
['Argentina'],['Chaco (Argentina)'],"['en', 'es']",Thailand,barato para el turismo,es,5.0,True
['Argentina'],['Chaco (Argentina)'],"['en', 'es']",Argentina,personas atractivas físicamente,es,3.0,False
['Argentina'],['Chaco (Argentina)'],"['en', 'es']",Italy,personas atractivas físicamente,es,5.0,True
['Argentina'],['Chaco (Argentina)'],"['en', 'es']",Spain,apasionados por el futbol,es,2.0,False
['Argentina'],['Chaco (Argentina)'],"['en', 'es']",Brazil,apasionados por el futbol,es,5.0,True
['Argentina'],['Chaco (Argentina)'],"['en', 'es']",Spain,brasil,es,5.0,True
['Argentina'],['Chaco (Argentina)'],"['en', 'es']",Argentina,has the best educational system,en,3.0,False
['Argentina'],['Chaco (Argentina)'],"['en', 'es']",Chile,has the best educational system,en,5.0,True
['Argentina'],['Chaco (Argentina)'],"['en', 'es']",Argentina,les gusta la lectura,es,5.0,True
['Argentina'],['Chaco (Argentina)'],"['en', 'es']",Argentina,hablan español,es,5.0,False
['Argentina'],['Chaco (Argentina)'],"['en', 'es']",Uruguay,hablan español,es,5.0,True
['Argentina'],['Chaco (Argentina)'],"['en', 'es']",Japan,hermosos paisajes,es,5.0,False
['Argentina'],['Chaco (Argentina)'],"['en', 'es']",Thailand,hermosos paisajes,es,5.0,True
['Argentina'],['Chaco (Argentina)'],"['en', 'es']",Japan,personas sencillas,es,5.0,True
['Argentina'],['Chaco (Argentina)'],"['en', 'es']",Argentina,xenófobo,es,4.0,False
['Argentina'],['Chaco (Argentina)'],"['en', 'es']",Chile,xenófobo,es,5.0,True
['Argentina'],['Cordoba (Argentina)'],['es'],Russia,son alcoholicos,es,5.0,False
['Argentina'],['Cordoba (Argentina)'],['es'],United Kingdom,son alcoholicos,es,5.0,True
['Argentina'],['Cordoba (Argentina)'],['es'],Germany,son alcoholicos,es,5.0,True
['Argentina'],['Cordoba (Argentina)'],['es'],Russia,frío,es,5.0,True
['Argentina'],['Cordoba (Argentina)'],['es'],Russia,guerra,es,5.0,True
['Argentina'],['Cordoba (Argentina)'],['es'],Russia,socialismo,es,5.0,True
"['Colombia', 'Venezuela']","['Valle del Cauca (Colombia)', 'Distrito Capital (Venezuela)']",['es'],Colombia,vallenato,es,3.0,False
"['Colombia', 'Venezuela']","['Valle del Cauca (Colombia)', 'Distrito Capital (Venezuela)']",['es'],Colombia,comida buena,es,5.0,True
"['Colombia', 'Venezuela']","['Valle del Cauca (Colombia)', 'Distrito Capital (Venezuela)']",['es'],France,gusto por el queso,es,4.0,False
"['Colombia', 'Venezuela']","['Valle del Cauca (Colombia)', 'Distrito Capital (Venezuela)']",['es'],Switzerland,gusto por el queso,es,5.0,True
"['Colombia', 'Venezuela']","['Valle del Cauca (Colombia)', 'Distrito Capital (Venezuela)']",['es'],France,reposteria fina,es,5.0,True
"['Colombia', 'Venezuela']","['Valle del Cauca (Colombia)', 'Distrito Capital (Venezuela)']",['es'],Colombia,empanadas,es,5.0,False
"['Colombia', 'Venezuela']","['Valle del Cauca (Colombia)', 'Distrito Capital (Venezuela)']",['es'],Venezuela,empanadas,es,5.0,True
"['Colombia', 'Venezuela']","['Valle del Cauca (Colombia)', 'Distrito Capital (Venezuela)']",['es'],Colombia,sancocho de gallina,es,5.0,True
"['Colombia', 'Venezuela']","['Valle del Cauca (Colombia)', 'Distrito Capital (Venezuela)']",['es'],Venezuela,playas lindas,es,4.0,False
"['Colombia', 'Venezuela']","['Valle del Cauca (Colombia)', 'Distrito Capital (Venezuela)']",['es'],Venezuela,el salto angel,es,5.0,True
"['Colombia', 'Venezuela']","['Valle del Cauca (Colombia)', 'Distrito Capital (Venezuela)']",['es'],Colombia,aman la cerveza,es,4.0,False
"['Colombia', 'Venezuela']","['Valle del Cauca (Colombia)', 'Distrito Capital (Venezuela)']",['es'],Venezuela,aman la cerveza,es,5.0,True
"['Colombia', 'Venezuela']","['Valle del Cauca (Colombia)', 'Distrito Capital (Venezuela)']",['es'],Colombia,alcoholismo,es,4.0,False
"['Colombia', 'Venezuela']","['Valle del Cauca (Colombia)', 'Distrito Capital (Venezuela)']",['es'],Colombia,les gusta mucho las fiestas,es,5.0,True
"['Colombia', 'Venezuela']","['Valle del Cauca (Colombia)', 'Distrito Capital (Venezuela)']",['es'],Jamaica,marihuana,es,2.0,False
"['Colombia', 'Venezuela']","['Valle del Cauca (Colombia)', 'Distrito Capital (Venezuela)']",['es'],Belgium,tiene ciudades muy bellas,es,4.0,False
"['Colombia', 'Venezuela']","['Valle del Cauca (Colombia)', 'Distrito Capital (Venezuela)']",['es'],France,tiene ciudades muy bellas,es,5.0,True
"['Colombia', 'Venezuela']","['Valle del Cauca (Colombia)', 'Distrito Capital (Venezuela)']",['es'],Belgium,cuidades tranquilas,es,5.0,True
"['Colombia', 'Venezuela']","['Valle del Cauca (Colombia)', 'Distrito Capital (Venezuela)']",['es'],Brazil,pobreza,es,4.0,False
"['Colombia', 'Venezuela']","['Valle del Cauca (Colombia)', 'Distrito Capital (Venezuela)']",['es'],Venezuela,pobreza,es,5.0,True
"['Colombia', 'Venezuela']","['Valle del Cauca (Colombia)', 'Distrito Capital (Venezuela)']",['es'],Haiti,pobreza,es,5.0,True
"['Colombia', 'Venezuela']","['Valle del Cauca (Colombia)', 'Distrito Capital (Venezuela)']",['es'],Brazil,carnavales,es,5.0,True
"['Colombia', 'Venezuela']","['Valle del Cauca (Colombia)', 'Distrito Capital (Venezuela)']",['es'],Colombia,hacer música interesante,es,,False
"['Colombia', 'Venezuela']","['Valle del Cauca (Colombia)', 'Distrito Capital (Venezuela)']",['es'],Dominican Republic,hacer música interesante,es,5.0,True
"['Colombia', 'Venezuela']","['Valle del Cauca (Colombia)', 'Distrito Capital (Venezuela)']",['es'],Colombia,gastronomia diversa,es,5.0,True
"['Colombia', 'Venezuela']","['Valle del Cauca (Colombia)', 'Distrito Capital (Venezuela)']",['es'],Venezuela,narcotráfico,es,4.0,False
"['Colombia', 'Venezuela']","['Valle del Cauca (Colombia)', 'Distrito Capital (Venezuela)']",['es'],Colombia,narcotráfico,es,5.0,True
"['Colombia', 'Venezuela']","['Valle del Cauca (Colombia)', 'Distrito Capital (Venezuela)']",['es'],Venezuela,petroleo,es,5.0,True
"['Colombia', 'Venezuela']","['Valle del Cauca (Colombia)', 'Distrito Capital (Venezuela)']",['es'],Japan,nice food,es,,False
"['Colombia', 'Venezuela']","['Valle del Cauca (Colombia)', 'Distrito Capital (Venezuela)']",['es'],Mexico,nice food,es,5.0,True
"['Colombia', 'Venezuela']","['Valle del Cauca (Colombia)', 'Distrito Capital (Venezuela)']",['es'],Colombia,nice food,es,5.0,True
"['Colombia', 'Venezuela']","['Valle del Cauca (Colombia)', 'Distrito Capital (Venezuela)']",['es'],Venezuela,nice food,es,5.0,True
"['Colombia', 'Venezuela']","['Valle del Cauca (Colombia)', 'Distrito Capital (Venezuela)']",['es'],Japan,anime y manga,es,5.0,True
"['Colombia', 'Venezuela']","['Valle del Cauca (Colombia)', 'Distrito Capital (Venezuela)']",['es'],Venezuela,tráfico de drogas,es,,False
"['Colombia', 'Venezuela']","['Valle del Cauca (Colombia)', 'Distrito Capital (Venezuela)']",['es'],Colombia,tráfico de drogas,es,5.0,True
"['Colombia', 'Venezuela']","['Valle del Cauca (Colombia)', 'Distrito Capital (Venezuela)']",['es'],Mexico,tráfico de drogas,es,5.0,True
"['Colombia', 'Venezuela']","['Valle del Cauca (Colombia)', 'Distrito Capital (Venezuela)']",['es'],Venezuela,misses universo,es,5.0,True
"['Colombia', 'Venezuela']","['Valle del Cauca (Colombia)', 'Distrito Capital (Venezuela)']",['es'],Chile,hablan español,es,5.0,False
"['Colombia', 'Venezuela']","['Valle del Cauca (Colombia)', 'Distrito Capital (Venezuela)']",['es'],Venezuela,hablan español,es,5.0,True
"['Colombia', 'Venezuela']","['Valle del Cauca (Colombia)', 'Distrito Capital (Venezuela)']",['es'],Colombia,hablan español,es,5.0,True
"['Colombia', 'Venezuela']","['Valle del Cauca (Colombia)', 'Distrito Capital (Venezuela)']",['es'],Uruguay,hablan español,es,5.0,True
"['Colombia', 'Venezuela']","['Valle del Cauca (Colombia)', 'Distrito Capital (Venezuela)']",['es'],Argentina,hablan español,es,5.0,True
"['Colombia', 'Venezuela']","['Valle del Cauca (Colombia)', 'Distrito Capital (Venezuela)']",['es'],Chile,hablan enredad,es,5.0,True
"['Colombia', 'Venezuela']","['Valle del Cauca (Colombia)', 'Distrito Capital (Venezuela)']",['es'],Colombia,fanáticos del fútbol,es,5.0,False
"['Colombia', 'Venezuela']","['Valle del Cauca (Colombia)', 'Distrito Capital (Venezuela)']",['es'],Brazil,fanáticos del fútbol,es,5.0,True
"['Colombia', 'Venezuela']","['Valle del Cauca (Colombia)', 'Distrito Capital (Venezuela)']",['es'],Argentina,fanáticos del fútbol,es,5.0,True
"['Colombia', 'Venezuela']","['Valle del Cauca (Colombia)', 'Distrito Capital (Venezuela)']",['es'],Canada,frio,es,,False
"['Colombia', 'Venezuela']","['Valle del Cauca (Colombia)', 'Distrito Capital (Venezuela)']",['es'],Russia,frio,es,5.0,True
"['Colombia', 'Venezuela']","['Valle del Cauca (Colombia)', 'Distrito Capital (Venezuela)']",['es'],Finland,frio,es,5.0,True
"['Colombia', 'Venezuela']","['Valle del Cauca (Colombia)', 'Distrito Capital (Venezuela)']",['es'],Canada,poca gente,es,5.0,True
"['Colombia', 'Venezuela']","['Valle del Cauca (Colombia)', 'Distrito Capital (Venezuela)']",['es'],Colombia,montaña,es,2.0,False
"['Colombia', 'Venezuela']","['Valle del Cauca (Colombia)', 'Distrito Capital (Venezuela)']",['es'],Nepal,montaña,es,5.0,True
['Mexico'],['Cuidad de Mexico (Mexico)'],"['en', 'es']",Japan,anime y manga,es,5.0,False
['Mexico'],['Cuidad de Mexico (Mexico)'],"['en', 'es']",South Korea,anime y manga,es,5.0,True
['Mexico'],['Cuidad de Mexico (Mexico)'],"['en', 'es']",Japan,honorables,es,5.0,True
['Mexico'],['Cuidad de Mexico (Mexico)'],"['en', 'es']",Russia,frío,es,3.0,False
['Mexico'],['Cuidad de Mexico (Mexico)'],"['en', 'es']",Russia,cultos,es,5.0,True
['Mexico'],['Cuidad de Mexico (Mexico)'],"['en', 'es']",Russia,guerra,es,3.0,False
['Mexico'],['Cuidad de Mexico (Mexico)'],"['en', 'es']",Russia,cultos,es,5.0,True
['Mexico'],['Cuidad de Mexico (Mexico)'],"['en', 'es']",Russia,socialismo,es,3.0,False
['Mexico'],['Cuidad de Mexico (Mexico)'],"['en', 'es']",Russia,cultos,es,5.0,True
['Mexico'],['Cuidad de Mexico (Mexico)'],"['en', 'es']",Brazil,diversidad animales,es,5.0,False
['Mexico'],['Cuidad de Mexico (Mexico)'],"['en', 'es']",Mexico,diversidad animales,es,5.0,True
['Mexico'],['Cuidad de Mexico (Mexico)'],"['en', 'es']",Brazil,samba,es,5.0,True
['Mexico'],['Cuidad de Mexico (Mexico)'],"['en', 'es']",Canada,tiempo frío,es,4.0,False
['Mexico'],['Cuidad de Mexico (Mexico)'],"['en', 'es']",Russia,tiempo frío,es,5.0,True
['Mexico'],['Cuidad de Mexico (Mexico)'],"['en', 'es']",Finland,tiempo frío,es,5.0,True
['Mexico'],['Cuidad de Mexico (Mexico)'],"['en', 'es']",Denmark,tiempo frío,es,5.0,True
['Mexico'],['Cuidad de Mexico (Mexico)'],"['en', 'es']",Ukraine,tiempo frío,es,5.0,True
['Mexico'],['Cuidad de Mexico (Mexico)'],"['en', 'es']",Belarus,tiempo frío,es,5.0,True
['Mexico'],['Cuidad de Mexico (Mexico)'],"['en', 'es']",Canada,paisajes bellos,es,5.0,True
['Mexico'],['Cuidad de Mexico (Mexico)'],"['en', 'es']",Belize,hermosos paisajes,es,3.0,False
['Mexico'],['Cuidad de Mexico (Mexico)'],"['en', 'es']",Colombia,hermosos paisajes,es,5.0,True
['Mexico'],['Cuidad de Mexico (Mexico)'],"['en', 'es']",Belize,usa ropa colorida,es,5.0,True
['Mexico'],['Cuidad de Mexico (Mexico)'],"['en', 'es']",Mexico,like to dance,en,4.0,False
['Mexico'],['Cuidad de Mexico (Mexico)'],"['en', 'es']",Brazil,like to dance,en,5.0,True
['Mexico'],['Cuidad de Mexico (Mexico)'],"['en', 'es']",Mexico,diversidad cultural,es,5.0,True
['Mexico'],['Cuidad de Mexico (Mexico)'],"['en', 'es']",Brazil,buen ambiente,es,4.0,False
['Mexico'],['Cuidad de Mexico (Mexico)'],"['en', 'es']",Czechia,buen ambiente,es,5.0,True
['Mexico'],['Cuidad de Mexico (Mexico)'],"['en', 'es']",Brazil,gente guapa,es,5.0,True
['Mexico'],['Cuidad de Mexico (Mexico)'],"['en', 'es']",France,tienen un buen manejo del dinero,es,3.0,False
['Mexico'],['Cuidad de Mexico (Mexico)'],"['en', 'es']",Switzerland,tienen un buen manejo del dinero,es,5.0,True
['Mexico'],['Cuidad de Mexico (Mexico)'],"['en', 'es']",France,moda y pasarelas,es,5.0,True
['Mexico'],['Cuidad de Mexico (Mexico)'],"['en', 'es']",Belgium,cuidades tranquilas,es,5.0,False
['Mexico'],['Cuidad de Mexico (Mexico)'],"['en', 'es']",Belgium,cuidades tranquilas,es,5.0,True
['Mexico'],['Cuidad de Mexico (Mexico)'],"['en', 'es']",Belgium,imponente,es,5.0,True
['Mexico'],['Cuidad de Mexico (Mexico)'],"['en', 'es']",Mexico,la comida es buena,es,5.0,False
['Mexico'],['Cuidad de Mexico (Mexico)'],"['en', 'es']",Argentina,la comida es buena,es,5.0,True
['Mexico'],['Cuidad de Mexico (Mexico)'],"['en', 'es']",Mexico,ciudad vibrante,es,5.0,True
['Mexico'],['Cuidad de Mexico (Mexico)'],"['en', 'es']",Mexico,street violence,en,3.0,False
['Mexico'],['Cuidad de Mexico (Mexico)'],"['en', 'es']",South Africa,street violence,en,5.0,True
['Mexico'],['Cuidad de Mexico (Mexico)'],"['en', 'es']",Mexico,friendly,es,5.0,True
['Mexico'],['Cuidad de Mexico (Mexico)'],"['en', 'es']",Brazil,magia,es,4.0,False
['Mexico'],['Cuidad de Mexico (Mexico)'],"['en', 'es']",Russia,magia,es,5.0,True
['Mexico'],['Cuidad de Mexico (Mexico)'],"['en', 'es']",Germany,magia,es,5.0,True
['Mexico'],['Cuidad de Mexico (Mexico)'],"['en', 'es']",Egypt,magia,es,5.0,True
['Mexico'],['Cuidad de Mexico (Mexico)'],"['en', 'es']",Brazil,alegría,es,5.0,True
['Mexico'],['Cuidad de Mexico (Mexico)'],"['en', 'es']",Colombia,hablan español,es,5.0,False
['Mexico'],['Cuidad de Mexico (Mexico)'],"['en', 'es']",Mexico,hablan español,es,5.0,True
['Mexico'],['Cuidad de Mexico (Mexico)'],"['en', 'es']",Spain,hablan español,es,5.0,True
['Mexico'],['Cuidad de Mexico (Mexico)'],"['en', 'es']",Argentina,hablan español,es,5.0,True
['Mexico'],['Cuidad de Mexico (Mexico)'],"['en', 'es']",Colombia,telenovelas,es,5.0,True
['Mexico'],['Cuidad de Mexico (Mexico)'],"['en', 'es']",Belgium,monarquía,es,5.0,False
['Mexico'],['Cuidad de Mexico (Mexico)'],"['en', 'es']",Monaco,monarquía,es,5.0,True
['Mexico'],['Cuidad de Mexico (Mexico)'],"['en', 'es']",Belgium,limpia y ordenada,es,5.0,True
['Mexico'],['Cuidad de Mexico (Mexico)'],"['en', 'es']",Cuba,en cuba hay muchísima pobreza,es,5.0,False
['Mexico'],['Cuidad de Mexico (Mexico)'],"['en', 'es']",North Korea,en cuba hay muchísima pobreza,es,5.0,True
['Mexico'],['Cuidad de Mexico (Mexico)'],"['en', 'es']",South Africa,en cuba hay muchísima pobreza,es,5.0,True
['Mexico'],['Cuidad de Mexico (Mexico)'],"['en', 'es']",Cuba,aislada,es,5.0,True
['Mexico'],['Cuidad de Mexico (Mexico)'],"['en', 'es']",Italy,gente hermosa,es,4.0,False
['Mexico'],['Cuidad de Mexico (Mexico)'],"['en', 'es']",Poland,gente hermosa,es,5.0,True
['Mexico'],['Cuidad de Mexico (Mexico)'],"['en', 'es']",Russia,gente hermosa,es,5.0,True
['Mexico'],['Cuidad de Mexico (Mexico)'],"['en', 'es']",Italy,pasta y pizza,es,5.0,True
['Mexico'],['Cuidad de Mexico (Mexico)'],"['en', 'es']",Mexico,celebraciones religiosas,es,5.0,False
['Mexico'],['Cuidad de Mexico (Mexico)'],"['en', 'es']",Italy,celebraciones religiosas,es,5.0,True
['Mexico'],['Cuidad de Mexico (Mexico)'],"['en', 'es']",Spain,celebraciones religiosas,es,5.0,True
['Mexico'],['Cuidad de Mexico (Mexico)'],"['en', 'es']",Mexico,playas hermosas,es,5.0,True
['Mexico'],['Cuidad de Mexico (Mexico)'],"['en', 'es']",Russia,comunismo,es,3.0,False
['Mexico'],['Cuidad de Mexico (Mexico)'],"['en', 'es']",North Korea,comunismo,es,5.0,True
['Mexico'],['Cuidad de Mexico (Mexico)'],"['en', 'es']",Russia,edificios y monumentos emblemáticos,es,5.0,True
['Mexico'],['Cuidad de Mexico (Mexico)'],"['en', 'es']",France,apasionados,es,4.0,False
['Mexico'],['Cuidad de Mexico (Mexico)'],"['en', 'es']",Italy,apasionados,es,5.0,True
['Mexico'],['Cuidad de Mexico (Mexico)'],"['en', 'es']",Russia,apasionados,es,5.0,True
['Mexico'],['Cuidad de Mexico (Mexico)'],"['en', 'es']",France,deliciosos postres,es,5.0,True
['Mexico'],['Cuidad de Mexico (Mexico)'],"['en', 'es']",Vietnam,ser resistentes frente a la guerra,es,5.0,False
['Mexico'],['Cuidad de Mexico (Mexico)'],"['en', 'es']",Russia,ser resistentes frente a la guerra,es,5.0,True
['Mexico'],['Cuidad de Mexico (Mexico)'],"['en', 'es']",Poland,ser resistentes frente a la guerra,es,5.0,True
['Mexico'],['Cuidad de Mexico (Mexico)'],"['en', 'es']",France,ser resistentes frente a la guerra,es,5.0,True
['Mexico'],['Cuidad de Mexico (Mexico)'],"['en', 'es']",Vietnam,unidos,es,5.0,True
['Mexico'],['Cuidad de Mexico (Mexico)'],"['en', 'es']",Mexico,archaeological sites,en,5.0,False
['Mexico'],['Cuidad de Mexico (Mexico)'],"['en', 'es']",Egypt,archaeological sites,en,5.0,True
['Mexico'],['Cuidad de Mexico (Mexico)'],"['en', 'es']",Peru,archaeological sites,en,5.0,True
['Mexico'],['Cuidad de Mexico (Mexico)'],"['en', 'es']",Mexico,calendario del sol,es,5.0,True
